acct_id,fiscal_year,price_code_type,package_size,actual_events,tickets_sold,avg_seats_per_event,expected_events,event_gap,utilization_pct
100103,FY23,Fixed Established Subscription 6 Concert,6.0,6,6,1.0,6.0,0.0,1.0
100103,FY24,Fixed Established Subscription 6 Concert,6.0,6,6,1.0,6.0,0.0,1.0
100521,FY23,Fixed Established Subscription Sunday,4.0,4,4,1.0,4.0,0.0,1.0
100521,FY24,Fixed Established Subscription Sunday,4.0,4,4,1.0,4.0,0.0,1.0
100532,FY23,Fixed Sophomore Subscription 6 Concert,6.0,6,12,1.2,6.0,0.0,1.0
101016,FY23,Fixed Musician Subscription 6 Concert,6.0,4,8,1.6,6.0,2.0,0.6666666666666666
101126,FY23,Fixed Established Subscription 18 Concert,18.0,17,34,2.0,18.0,1.0,0.9444444444444444
101126,FY23,Fixed Established Subscription Sunday,4.0,1,2,2.0,4.0,3.0,0.25
101126,FY24,Fixed Established Subscription 12 Concert,12.0,1,2,2.0,12.0,11.0,0.08333333333333333
101126,FY24,Fixed Established Subscription 18 Concert,18.0,17,34,2.0,18.0,1.0,0.9444444444444444
101742,FY23,Fixed Upgrade Subscription 6 Concert,6.0,6,12,1.7142857142857142,6.0,0.0,1.0
101742,FY24,Fixed Established Subscription 6 Concert,6.0,5,10,2.0,6.0,1.0,0.8333333333333334
102050,FY23,Fixed Established Subscription 6 Concert,6.0,6,12,2.0,6.0,0.0,1.0
102050,FY24,Fixed Established Subscription 6 Concert,6.0,6,12,2.0,6.0,0.0,1.0
102644,FY23,Fixed Established Subscription 6 Concert,6.0,6,12,2.0,6.0,0.0,1.0
102831,FY23,Fixed Established Subscription 6 Concert,6.0,6,6,1.0,6.0,0.0,1.0
102831,FY24,Fixed Established Subscription Sunday,4.0,4,4,1.0,4.0,0.0,1.0
102941,FY23,Fixed Established Subscription 12 Concert,12.0,9,24,1.8461538461538463,12.0,3.0,0.75
102941,FY24,Fixed Established Subscription 12 Concert,12.0,10,22,2.0,12.0,2.0,0.8333333333333334
103194,FY23,Fixed Established Subscription 6 Concert,6.0,1,2,2.0,6.0,5.0,0.16666666666666666
103194,FY24,Fixed Established Subscription 6 Concert,6.0,3,6,2.0,6.0,3.0,0.5
103601,FY23,Fixed Established Subscription Sunday,4.0,4,8,2.0,4.0,0.0,1.0
104129,FY23,Fixed Sophomore  Subscription Sunday,4.0,4,8,2.0,4.0,0.0,1.0
104228,FY24,Fixed Established Subscription 6 Concert,6.0,6,12,2.0,6.0,0.0,1.0
105097,FY23,Fixed Established Subscription 6 Concert,6.0,6,12,2.0,6.0,0.0,1.0
105097,FY24,Fixed Established Subscription 6 Concert,6.0,6,12,2.0,6.0,0.0,1.0
106087,FY24,Fixed Established Subscription 24 Concert,24.0,1,1,1.0,24.0,23.0,0.041666666666666664
107132,FY23,Fixed Chorus Subscription 12 Concert,12.0,1,2,2.0,12.0,11.0,0.08333333333333333
108562,FY23,Fixed Established Subscription 6 Concert,6.0,6,12,2.0,6.0,0.0,1.0
108562,FY24,Fixed Established Subscription 6 Concert,6.0,6,12,2.0,6.0,0.0,1.0
109112,FY23,Fixed Established Subscription 6 Concert,6.0,6,12,2.0,6.0,0.0,1.0
109112,FY24,Fixed Established Subscription 6 Concert,6.0,6,12,2.0,6.0,0.0,1.0
109211,FY23,Fixed Established Subscription 6 Concert,6.0,6,18,3.0,6.0,0.0,1.0
109211,FY24,Fixed Established Subscription 6 Concert,6.0,6,18,3.0,6.0,0.0,1.0
109453,FY23,Fixed Established Subscription 6 Concert,6.0,5,10,2.0,6.0,1.0,0.8333333333333334
109453,FY24,Fixed Established Subscription 6 Concert,6.0,6,12,2.0,6.0,0.0,1.0
109948,FY23,Fixed Established Subscription 6 Concert,6.0,6,12,2.0,6.0,0.0,1.0
109948,FY24,Fixed Established Subscription 6 Concert,6.0,6,12,2.0,6.0,0.0,1.0
110234,FY23,Fixed Established Subscription 6 Concert,6.0,6,12,1.7142857142857142,6.0,0.0,1.0
110234,FY24,Fixed Established Subscription 6 Concert,6.0,6,12,2.0,6.0,0.0,1.0
110256,FY23,Fixed Established Subscription 12 Concert,12.0,12,24,2.0,12.0,0.0,1.0
110256,FY24,Fixed Established Subscription 12 Concert,12.0,6,12,2.0,12.0,6.0,0.5
110256,FY24,Fixed Established Subscription 6 Concert,6.0,6,12,2.0,6.0,0.0,1.0
110751,FY24,Fixed Freshman Subscription Sunday,4.0,4,8,2.0,4.0,0.0,1.0
112247,FY23,Fixed Established Subscription 6 Concert,6.0,6,12,2.0,6.0,0.0,1.0
112247,FY24,Fixed Established Subscription 6 Concert,6.0,6,12,2.0,6.0,0.0,1.0
112313,FY23,Fixed Established Subscription 24 Concert,24.0,23,24,1.0434782608695652,24.0,1.0,0.9583333333333334
112313,FY23,Fixed Established Subscription Sunday,4.0,4,4,1.0,4.0,0.0,1.0
112313,FY23,Fixed Musician Subscription 24 Concert,24.0,1,1,1.0,24.0,23.0,0.041666666666666664
112313,FY24,Fixed Established Subscription 24 Concert,24.0,24,24,1.0,24.0,0.0,1.0
112951,FY23,Fixed Established Subscription 6 Concert,6.0,18,36,2.0,6.0,-12.0,3.0
112951,FY24,Fixed Established Subscription 18 Concert,18.0,18,36,2.0,18.0,0.0,1.0
113468,FY23,Fixed Established Subscription 6 Concert,6.0,6,12,2.0,6.0,0.0,1.0
113468,FY24,Fixed Established Subscription 6 Concert,6.0,7,12,1.7142857142857142,6.0,-1.0,1.1666666666666667
113853,FY24,Fixed Established Subscription 24 Concert,24.0,1,1,1.0,24.0,23.0,0.041666666666666664
113853,FY24,Fixed Sophomore Subscription 6 Concert,6.0,4,4,1.0,6.0,2.0,0.6666666666666666
113853,FY24,Fixed Upgrade Subscription 6 Concert,6.0,1,1,1.0,6.0,5.0,0.16666666666666666
114260,FY23,Fixed Freshman Subscription Sunday,4.0,4,8,2.0,4.0,0.0,1.0
114425,FY24,Fixed Lapsed Subscription 6 Concert,6.0,6,12,2.0,6.0,0.0,1.0
114557,FY23,Fixed Established Subscription 6 Concert,6.0,8,12,1.2,6.0,-2.0,1.3333333333333333
114557,FY24,Fixed Established Subscription 6 Concert,6.0,7,12,1.5,6.0,-1.0,1.1666666666666667
115987,FY23,Fixed Established Subscription 6 Concert,6.0,5,10,2.0,6.0,1.0,0.8333333333333334
115987,FY23,Fixed Musician Subscription 18 Concert,18.0,1,2,2.0,18.0,17.0,0.05555555555555555
115987,FY24,Fixed Established Subscription 6 Concert,6.0,6,12,2.0,6.0,0.0,1.0
116119,FY23,Fixed Established Subscription 6 Concert,6.0,6,12,2.0,6.0,0.0,1.0
116119,FY24,Fixed Established Subscription 6 Concert,6.0,6,11,1.8333333333333333,6.0,0.0,1.0
116526,FY23,Fixed Established Subscription 6 Concert,6.0,6,12,2.0,6.0,0.0,1.0
116526,FY24,Fixed Established Subscription 6 Concert,6.0,6,12,2.0,6.0,0.0,1.0
116735,FY23,Fixed Established Subscription 24 Concert,24.0,23,46,2.0,24.0,1.0,0.9583333333333334
116735,FY24,Fixed Established Subscription 24 Concert,24.0,21,44,2.0,24.0,3.0,0.875
116856,FY23,Fixed Freshman Subscription 6 Concert,6.0,6,12,2.0,6.0,0.0,1.0
117131,FY23,Fixed Established Subscription 6 Concert,6.0,6,12,2.0,6.0,0.0,1.0
117131,FY24,Fixed Established Subscription 6 Concert,6.0,6,12,2.0,6.0,0.0,1.0
117164,FY23,Fixed Established Subscription 12 Concert,12.0,11,24,1.7142857142857142,12.0,1.0,0.9166666666666666
117164,FY24,Fixed Established Subscription 12 Concert,12.0,12,25,2.0833333333333335,12.0,0.0,1.0
117263,FY23,Fixed Established Subscription 6 Concert,6.0,6,12,2.0,6.0,0.0,1.0
117296,FY24,Fixed Freshman Subscription 12 Concert,12.0,12,24,1.8461538461538463,12.0,0.0,1.0
117417,FY23,Fixed Established Subscription 6 Concert,6.0,6,12,2.0,6.0,0.0,1.0
117417,FY24,Fixed Established Subscription 6 Concert,6.0,6,12,2.0,6.0,0.0,1.0
118330,FY23,Fixed Freshman Subscription 6 Concert,6.0,1,1,1.0,6.0,5.0,0.16666666666666666
118330,FY23,Fixed Freshman Subscription Sunday,4.0,3,3,1.0,4.0,1.0,0.75
118330,FY24,Fixed Sophomore  Subscription Sunday,4.0,4,4,1.0,4.0,0.0,1.0
119111,FY23,Fixed Established Subscription 6 Concert,6.0,6,12,2.0,6.0,0.0,1.0
119111,FY24,Fixed Established Subscription 6 Concert,6.0,6,14,2.0,6.0,0.0,1.0
119166,FY23,Fixed Established Subscription 6 Concert,6.0,6,12,1.0909090909090908,6.0,0.0,1.0
119221,FY23,Fixed Established Subscription Sunday,4.0,4,4,1.0,4.0,0.0,1.0
119826,FY23,Fixed Established Subscription 6 Concert,6.0,6,6,1.0,6.0,0.0,1.0
119826,FY24,Fixed Established Subscription 6 Concert,6.0,6,6,1.0,6.0,0.0,1.0
120156,FY23,Fixed Established Subscription 6 Concert,6.0,5,5,1.0,6.0,1.0,0.8333333333333334
120156,FY23,Fixed Sophomore Subscription 6 Concert,6.0,1,1,1.0,6.0,5.0,0.16666666666666666
120156,FY24,Fixed Established Subscription 6 Concert,6.0,6,6,1.0,6.0,0.0,1.0
120519,FY24,Fixed Sophomore  Subscription Sunday,4.0,3,6,2.0,4.0,1.0,0.75
120519,FY24,Fixed Upgrade Subscription Sunday,4.0,1,2,2.0,4.0,3.0,0.25
120541,FY23,Fixed Established Subscription 18 Concert,18.0,18,36,2.0,18.0,0.0,1.0
120541,FY24,Fixed Established Subscription 18 Concert,18.0,18,36,2.0,18.0,0.0,1.0
120629,FY23,Fixed Established Subscription 24 Concert,24.0,24,48,2.0,24.0,0.0,1.0
120629,FY24,Fixed Established Subscription 24 Concert,24.0,24,48,2.0,24.0,0.0,1.0
121355,FY23,Fixed Freshman Subscription 6 Concert,6.0,6,6,1.0,6.0,0.0,1.0
121355,FY24,Fixed Sophomore Subscription 6 Concert,6.0,6,6,1.0,6.0,0.0,1.0
121432,FY23,Fixed Established Subscription 6 Concert,6.0,6,12,2.0,6.0,0.0,1.0
121476,FY24,Fixed Established Subscription 6 Concert,6.0,6,6,1.0,6.0,0.0,1.0
122125,FY24,Fixed Sophomore Subscription 6 Concert,6.0,6,12,2.0,6.0,0.0,1.0
123126,FY23,Fixed Established Subscription 6 Concert,6.0,6,18,2.5714285714285716,6.0,0.0,1.0
123126,FY24,Fixed Established Subscription Sunday,4.0,4,12,3.0,4.0,0.0,1.0
123423,FY23,Fixed Established Subscription 6 Concert,6.0,6,22,3.6666666666666665,6.0,0.0,1.0
123423,FY24,Fixed Established Subscription 6 Concert,6.0,6,24,4.0,6.0,0.0,1.0
123819,FY23,Fixed Established Subscription 24 Concert,24.0,24,24,1.0,24.0,0.0,1.0
124996,FY23,Fixed Established Subscription 6 Concert,6.0,5,10,2.0,6.0,1.0,0.8333333333333334
124996,FY24,Fixed Established Subscription 6 Concert,6.0,2,4,2.0,6.0,4.0,0.3333333333333333
125062,FY23,Fixed Established Subscription 6 Concert,6.0,6,12,2.0,6.0,0.0,1.0
125062,FY24,Fixed Established Subscription 6 Concert,6.0,6,12,2.0,6.0,0.0,1.0
125073,FY23,Fixed Established Subscription 6 Concert,6.0,6,12,2.0,6.0,0.0,1.0
125073,FY24,Fixed Established Subscription 6 Concert,6.0,6,12,2.0,6.0,0.0,1.0
125909,FY24,Fixed Freshman Subscription 6 Concert,6.0,6,12,2.0,6.0,0.0,1.0
126041,FY23,Fixed Established Subscription 6 Concert,6.0,6,6,1.0,6.0,0.0,1.0
126041,FY24,Fixed Established Subscription 6 Concert,6.0,6,6,1.0,6.0,0.0,1.0
127944,FY23,Fixed Sophomore Subscription 12 Concert,12.0,11,24,2.0,12.0,1.0,0.9166666666666666
127944,FY24,Fixed Established Subscription 12 Concert,12.0,12,24,1.8461538461538463,12.0,0.0,1.0
128769,FY24,Fixed Established Subscription 6 Concert,6.0,6,12,2.0,6.0,0.0,1.0
128978,FY23,Fixed Established Subscription 6 Concert,6.0,6,12,2.0,6.0,0.0,1.0
128978,FY24,Fixed Established Subscription 6 Concert,6.0,6,12,2.0,6.0,0.0,1.0
129363,FY23,Fixed Sophomore Subscription 6 Concert,6.0,6,24,4.0,6.0,0.0,1.0
129363,FY24,Fixed Established Subscription 6 Concert,6.0,6,24,4.0,6.0,0.0,1.0
130067,FY23,Fixed Established Subscription 12 Concert,12.0,11,24,2.0,12.0,1.0,0.9166666666666666
130133,FY24,Fixed Freshman Subscription 6 Concert,6.0,6,12,2.0,6.0,0.0,1.0
130243,FY23,Fixed Established Subscription Sunday,4.0,4,8,2.0,4.0,0.0,1.0
130738,FY23,Fixed Established Subscription Sunday,4.0,3,6,2.0,4.0,1.0,0.75
130738,FY24,Fixed Established Subscription Sunday,4.0,4,8,2.0,4.0,0.0,1.0
130881,FY23,Fixed Established Subscription Sunday,4.0,4,8,2.0,4.0,0.0,1.0
130881,FY24,Fixed Established Subscription Sunday,4.0,4,8,2.0,4.0,0.0,1.0
132454,FY23,Fixed Established Subscription 12 Concert,12.0,12,24,2.0,12.0,0.0,1.0
132454,FY24,Fixed Established Subscription 12 Concert,12.0,12,24,2.0,12.0,0.0,1.0
133378,FY23,Fixed Established Subscription 6 Concert,6.0,6,12,2.0,6.0,0.0,1.0
133378,FY24,Fixed Established Subscription 6 Concert,6.0,6,12,2.0,6.0,0.0,1.0
133653,FY23,Fixed Established Subscription Sunday,4.0,4,8,2.0,4.0,0.0,1.0
133653,FY24,Fixed Established Subscription Sunday,4.0,4,8,2.0,4.0,0.0,1.0
134159,FY23,Fixed Established Subscription 6 Concert,6.0,6,12,2.0,6.0,0.0,1.0
134159,FY24,Fixed Established Subscription 6 Concert,6.0,6,12,2.0,6.0,0.0,1.0
135270,FY23,Fixed Established Subscription 6 Concert,6.0,6,12,2.0,6.0,0.0,1.0
135270,FY24,Fixed Established Subscription 6 Concert,6.0,7,12,1.7142857142857142,6.0,-1.0,1.1666666666666667
135336,FY23,Fixed Established Subscription 6 Concert,6.0,6,12,2.0,6.0,0.0,1.0
135336,FY24,Fixed Established Subscription 6 Concert,6.0,6,12,2.0,6.0,0.0,1.0
135402,FY23,Fixed Sophomore Subscription 6 Concert,6.0,6,6,1.0,6.0,0.0,1.0
135402,FY24,Fixed Established Subscription 6 Concert,6.0,6,6,1.0,6.0,0.0,1.0
136777,FY23,Fixed Sophomore  Subscription Sunday,4.0,3,6,2.0,4.0,1.0,0.75
136777,FY23,Fixed Sophomore Subscription 18 Concert,18.0,1,2,2.0,18.0,17.0,0.05555555555555555
136898,FY23,Fixed Established Subscription 6 Concert,6.0,6,12,2.0,6.0,0.0,1.0
136898,FY24,Fixed Established Subscription 6 Concert,6.0,6,12,2.0,6.0,0.0,1.0
137811,FY23,Fixed Chorus Subscription 6 Concert,6.0,1,1,1.0,6.0,5.0,0.16666666666666666
138218,FY23,Fixed Established Subscription 6 Concert,6.0,6,12,2.0,6.0,0.0,1.0
138218,FY24,Fixed Established Subscription 6 Concert,6.0,6,12,2.0,6.0,0.0,1.0
139175,FY23,Fixed Established Subscription Sunday,4.0,4,16,4.0,4.0,0.0,1.0
139175,FY24,Fixed Established Subscription Sunday,4.0,4,16,4.0,4.0,0.0,1.0
139824,FY23,Fixed Established Subscription 6 Concert,6.0,7,18,1.5,6.0,-1.0,1.1666666666666667
139824,FY23,Fixed Musician Subscription 12 Concert,12.0,1,1,1.0,12.0,11.0,0.08333333333333333
139824,FY24,Fixed Established Subscription 6 Concert,6.0,6,18,1.6363636363636365,6.0,0.0,1.0
139923,FY23,Fixed Established Subscription 6 Concert,6.0,12,24,2.0,6.0,-6.0,2.0
139923,FY23,Fixed Established Subscription Sunday,4.0,3,6,2.0,4.0,1.0,0.75
139923,FY24,Fixed Established Subscription 6 Concert,6.0,6,12,2.0,6.0,0.0,1.0
140341,FY23,Fixed Freshman Subscription 6 Concert,6.0,6,12,2.0,6.0,0.0,1.0
141210,FY23,Fixed Established Subscription 6 Concert,6.0,6,12,2.0,6.0,0.0,1.0
141815,FY23,Fixed Established Subscription Sunday,4.0,4,8,2.0,4.0,0.0,1.0
141815,FY24,Fixed Established Subscription Sunday,4.0,4,8,2.0,4.0,0.0,1.0
141881,FY23,Fixed Established Subscription 6 Concert,6.0,6,6,1.0,6.0,0.0,1.0
141881,FY24,Fixed Established Subscription 6 Concert,6.0,6,6,1.0,6.0,0.0,1.0
142365,FY23,Fixed Established Subscription 6 Concert,6.0,4,8,2.0,6.0,2.0,0.6666666666666666
142365,FY24,Fixed Established Subscription 6 Concert,6.0,6,12,2.0,6.0,0.0,1.0
142442,FY23,Fixed Established Subscription 6 Concert,6.0,5,10,2.0,6.0,1.0,0.8333333333333334
142838,FY23,Fixed Chorus Subscription 6 Concert,6.0,1,2,2.0,6.0,5.0,0.16666666666666666
143091,FY23,Fixed Established Subscription 12 Concert,12.0,12,24,2.0,12.0,0.0,1.0
143091,FY24,Fixed Established Subscription 12 Concert,12.0,12,24,2.0,12.0,0.0,1.0
143630,FY23,Fixed Established Subscription 6 Concert,6.0,6,12,2.0,6.0,0.0,1.0
143630,FY24,Fixed Established Subscription 6 Concert,6.0,6,12,2.0,6.0,0.0,1.0
144565,FY23,Fixed Established Subscription 6 Concert,6.0,6,12,2.0,6.0,0.0,1.0
144565,FY24,Fixed Established Subscription 6 Concert,6.0,6,12,2.0,6.0,0.0,1.0
144587,FY23,Fixed Sophomore Subscription 6 Concert,6.0,6,12,2.0,6.0,0.0,1.0
144587,FY24,Fixed Established Subscription 6 Concert,6.0,6,12,2.0,6.0,0.0,1.0
145082,FY23,Fixed Established Subscription 24 Concert,24.0,20,40,2.0,24.0,4.0,0.8333333333333334
145082,FY24,Fixed Established Subscription 24 Concert,24.0,16,32,2.0,24.0,8.0,0.6666666666666666
145621,FY23,Fixed Established Subscription 6 Concert,6.0,6,12,2.0,6.0,0.0,1.0
145621,FY24,Fixed Established Subscription 6 Concert,6.0,6,12,2.0,6.0,0.0,1.0
145687,FY23,Fixed Established Subscription 24 Concert,24.0,24,48,2.0,24.0,0.0,1.0
145687,FY24,Fixed Established Subscription 24 Concert,24.0,25,48,1.92,24.0,-1.0,1.0416666666666667
145830,FY23,Fixed Established Subscription 12 Concert,12.0,12,12,1.0,12.0,0.0,1.0
145830,FY24,Fixed Established Subscription 12 Concert,12.0,12,12,1.0,12.0,0.0,1.0
146083,FY23,Fixed Established Subscription 24 Concert,24.0,23,45,1.875,24.0,1.0,0.9583333333333334
146083,FY24,Fixed Established Subscription 24 Concert,24.0,24,48,2.0,24.0,0.0,1.0
146413,FY23,Fixed Established Subscription 12 Concert,12.0,3,3,1.0,12.0,9.0,0.25
146952,FY23,Fixed Established Subscription 12 Concert,12.0,12,12,1.0,12.0,0.0,1.0
146952,FY24,Fixed Established Subscription 12 Concert,12.0,12,12,1.0,12.0,0.0,1.0
147513,FY23,Fixed Established Subscription 24 Concert,24.0,23,23,1.0,24.0,1.0,0.9583333333333334
147513,FY24,Fixed Established Subscription 24 Concert,24.0,24,28,1.12,24.0,0.0,1.0
147810,FY23,Fixed Established Subscription 6 Concert,6.0,6,12,2.0,6.0,0.0,1.0
147810,FY24,Fixed Established Subscription 6 Concert,6.0,6,12,2.0,6.0,0.0,1.0
149889,FY23,Fixed Established Subscription 6 Concert,6.0,4,8,2.0,6.0,2.0,0.6666666666666666
149889,FY24,Fixed Established Subscription 6 Concert,6.0,6,12,2.0,6.0,0.0,1.0
150857,FY24,Fixed Freshman Subscription 6 Concert,6.0,6,6,1.0,6.0,0.0,1.0
151319,FY23,Fixed Established Subscription 6 Concert,6.0,6,6,1.0,6.0,0.0,1.0
151319,FY24,Fixed Established Subscription 6 Concert,6.0,6,6,1.0,6.0,0.0,1.0
151352,FY23,Fixed Established Subscription 24 Concert,24.0,24,48,2.0,24.0,0.0,1.0
151352,FY24,Fixed Established Subscription 24 Concert,24.0,22,47,2.1363636363636362,24.0,2.0,0.9166666666666666
151814,FY23,Fixed Established Subscription Sunday,4.0,4,8,2.0,4.0,0.0,1.0
151814,FY24,Fixed Established Subscription Sunday,4.0,4,8,2.0,4.0,0.0,1.0
152133,FY23,Fixed Established Subscription 18 Concert,18.0,6,12,2.0,18.0,12.0,0.3333333333333333
152133,FY23,Fixed Established Subscription 6 Concert,6.0,12,24,2.0,6.0,-6.0,2.0
152133,FY24,Fixed Established Subscription 6 Concert,6.0,18,36,2.0,6.0,-12.0,3.0
152518,FY24,Fixed Established Subscription 6 Concert,6.0,1,2,2.0,6.0,5.0,0.16666666666666666
153079,FY23,Fixed Established Subscription 6 Concert,6.0,6,6,1.0,6.0,0.0,1.0
154245,FY23,Fixed Lapsed Subscription 6 Concert,6.0,6,11,1.8333333333333333,6.0,0.0,1.0
154245,FY24,Fixed Established Subscription 6 Concert,6.0,6,12,1.7142857142857142,6.0,0.0,1.0
154850,FY23,Fixed Established Subscription 6 Concert,6.0,6,12,1.0,6.0,0.0,1.0
155367,FY23,Fixed Established Subscription 6 Concert,6.0,6,12,2.0,6.0,0.0,1.0
155367,FY24,Fixed Established Subscription 6 Concert,6.0,6,12,2.0,6.0,0.0,1.0
155730,FY24,Fixed Established Subscription 6 Concert,6.0,6,12,2.0,6.0,0.0,1.0
156093,FY23,Fixed Established Subscription 6 Concert,6.0,6,12,2.0,6.0,0.0,1.0
156093,FY24,Fixed Established Subscription 6 Concert,6.0,6,12,2.0,6.0,0.0,1.0
156434,FY23,Fixed Established Subscription 18 Concert,18.0,14,14,1.0,18.0,4.0,0.7777777777777778
156434,FY24,Fixed Established Subscription 18 Concert,18.0,18,18,1.0,18.0,0.0,1.0
156500,FY23,Fixed Established Subscription 6 Concert,6.0,6,12,2.0,6.0,0.0,1.0
156500,FY24,Fixed Established Subscription 6 Concert,6.0,6,12,2.0,6.0,0.0,1.0
156577,FY24,Fixed Established Subscription 6 Concert,6.0,6,6,1.0,6.0,0.0,1.0
156775,FY23,Fixed Established Subscription 6 Concert,6.0,6,12,2.0,6.0,0.0,1.0
156775,FY24,Fixed Established Subscription 6 Concert,6.0,6,12,2.0,6.0,0.0,1.0
156863,FY23,Fixed Established Subscription 6 Concert,6.0,6,6,1.0,6.0,0.0,1.0
156863,FY24,Fixed Established Subscription 6 Concert,6.0,6,6,1.0,6.0,0.0,1.0
157347,FY23,Fixed Sophomore Subscription 24 Concert,24.0,22,22,1.0,24.0,2.0,0.9166666666666666
157347,FY24,Fixed Established Subscription 24 Concert,24.0,22,28,1.1666666666666667,24.0,2.0,0.9166666666666666
157798,FY23,Fixed Sophomore Subscription 6 Concert,6.0,8,16,2.0,6.0,-2.0,1.3333333333333333
157798,FY24,Fixed Established Subscription 6 Concert,6.0,7,24,1.263157894736842,6.0,-1.0,1.1666666666666667
158029,FY23,Fixed Freshman Subscription Sunday,4.0,3,6,2.0,4.0,1.0,0.75
158216,FY23,Fixed Established Subscription Sunday,4.0,4,8,2.0,4.0,0.0,1.0
158425,FY23,Fixed Established Subscription 6 Concert,6.0,6,12,2.0,6.0,0.0,1.0
158425,FY24,Fixed Established Subscription 6 Concert,6.0,6,12,2.0,6.0,0.0,1.0
158469,FY24,Fixed Freshman Subscription 6 Concert,6.0,6,12,2.0,6.0,0.0,1.0
158744,FY24,Fixed Established Subscription 6 Concert,6.0,6,12,2.0,6.0,0.0,1.0
158799,FY23,Fixed Established Subscription 6 Concert,6.0,6,6,1.0,6.0,0.0,1.0
159602,FY23,Fixed Established Subscription 6 Concert,6.0,6,12,2.0,6.0,0.0,1.0
160548,FY23,Fixed Established Subscription 6 Concert,6.0,6,12,2.0,6.0,0.0,1.0
160548,FY24,Fixed Established Subscription 6 Concert,6.0,6,12,2.0,6.0,0.0,1.0
160713,FY23,Fixed Established Subscription 6 Concert,6.0,6,12,2.0,6.0,0.0,1.0
160713,FY24,Fixed Established Subscription 6 Concert,6.0,6,12,2.0,6.0,0.0,1.0
161824,FY23,Fixed Established Subscription 6 Concert,6.0,6,12,2.0,6.0,0.0,1.0
161824,FY24,Fixed Established Subscription 6 Concert,6.0,6,12,2.0,6.0,0.0,1.0
163221,FY23,Fixed Established Subscription 6 Concert,6.0,6,6,1.0,6.0,0.0,1.0
163639,FY23,Fixed Sophomore Subscription 6 Concert,6.0,6,12,2.0,6.0,0.0,1.0
163639,FY24,Fixed Established Subscription 12 Concert,12.0,11,22,2.0,12.0,1.0,0.9166666666666666
163639,FY24,Fixed Freshman Subscription 6 Concert,6.0,1,2,2.0,6.0,5.0,0.16666666666666666
163793,FY23,Fixed Sophomore  Subscription Sunday,4.0,4,12,2.0,4.0,0.0,1.0
163793,FY24,Fixed Established Subscription Sunday,4.0,4,12,1.5,4.0,0.0,1.0
164332,FY23,Fixed Established Subscription 6 Concert,6.0,6,12,2.0,6.0,0.0,1.0
165344,FY23,Fixed Established Subscription 6 Concert,6.0,12,24,2.0,6.0,-6.0,2.0
165344,FY24,Fixed Established Subscription 12 Concert,12.0,12,24,2.0,12.0,0.0,1.0
165366,FY23,Fixed Established Subscription 24 Concert,24.0,23,23,1.0,24.0,1.0,0.9583333333333334
165366,FY24,Fixed Established Subscription 24 Concert,24.0,22,22,1.0,24.0,2.0,0.9166666666666666
165366,FY24,Fixed Freshman Subscription 12 Concert,12.0,1,1,1.0,12.0,11.0,0.08333333333333333
165839,FY23,Fixed Established Subscription 24 Concert,24.0,24,48,2.0,24.0,0.0,1.0
165839,FY24,Fixed Established Subscription 24 Concert,24.0,24,48,2.0,24.0,0.0,1.0
165839,FY24,Fixed Freshman Subscription 18 Concert,18.0,1,2,2.0,18.0,17.0,0.05555555555555555
166312,FY23,Fixed Established Subscription 6 Concert,6.0,6,12,2.0,6.0,0.0,1.0
166312,FY24,Fixed Established Subscription 6 Concert,6.0,6,12,2.0,6.0,0.0,1.0
166686,FY23,Fixed Established Subscription 6 Concert,6.0,6,12,2.0,6.0,0.0,1.0
167885,FY23,Fixed Established Subscription 6 Concert,6.0,6,6,1.0,6.0,0.0,1.0
167885,FY24,Fixed Established Subscription 6 Concert,6.0,6,6,1.0,6.0,0.0,1.0
168622,FY23,Fixed Established Subscription 6 Concert,6.0,6,6,1.0,6.0,0.0,1.0
168622,FY24,Fixed Established Subscription 6 Concert,6.0,6,6,1.0,6.0,0.0,1.0
168886,FY23,Fixed Established Subscription 24 Concert,24.0,24,48,2.0,24.0,0.0,1.0
168886,FY24,Fixed Established Subscription 12 Concert,12.0,1,2,2.0,12.0,11.0,0.08333333333333333
168886,FY24,Fixed Sophomore Subscription 24 Concert,24.0,23,45,1.9565217391304348,24.0,1.0,0.9583333333333334
168886,FY24,Fixed Upgrade Subscription 24 Concert,24.0,1,1,1.0,24.0,23.0,0.041666666666666664
169029,FY23,Fixed Established Subscription Sunday,4.0,4,8,2.0,4.0,0.0,1.0
169029,FY24,Fixed Established Subscription Sunday,4.0,4,8,2.0,4.0,0.0,1.0
169766,FY23,Fixed Established Subscription 12 Concert,12.0,12,24,1.8461538461538463,12.0,0.0,1.0
169766,FY24,Fixed Established Subscription 12 Concert,12.0,12,25,1.9230769230769231,12.0,0.0,1.0
169788,FY23,Fixed Established Subscription 6 Concert,6.0,7,12,1.7142857142857142,6.0,-1.0,1.1666666666666667
169788,FY24,Fixed Established Subscription 6 Concert,6.0,11,12,1.0909090909090908,6.0,-5.0,1.8333333333333333
170503,FY24,Fixed Established Subscription 6 Concert,6.0,1,1,1.0,6.0,5.0,0.16666666666666666
170866,FY23,Fixed Freshman Subscription 6 Concert,6.0,6,11,1.8333333333333333,6.0,0.0,1.0
171196,FY23,Fixed Established Subscription 6 Concert,6.0,6,12,2.0,6.0,0.0,1.0
171196,FY24,Fixed Established Subscription 6 Concert,6.0,6,12,1.7142857142857142,6.0,0.0,1.0
171284,FY23,Fixed Established Subscription 6 Concert,6.0,6,12,2.0,6.0,0.0,1.0
171801,FY24,Fixed Freshman Subscription 6 Concert,6.0,6,12,2.0,6.0,0.0,1.0
172472,FY23,Fixed Established Subscription 6 Concert,6.0,4,8,2.0,6.0,2.0,0.6666666666666666
172472,FY24,Fixed Established Subscription 6 Concert,6.0,6,12,2.0,6.0,0.0,1.0
173572,FY23,Fixed Established Subscription 6 Concert,6.0,5,12,2.0,6.0,1.0,0.8333333333333334
173572,FY24,Fixed Established Subscription 6 Concert,6.0,5,12,2.0,6.0,1.0,0.8333333333333334
174705,FY23,Fixed Established Subscription 6 Concert,6.0,6,6,1.0,6.0,0.0,1.0
174705,FY24,Fixed Established Subscription 6 Concert,6.0,6,6,1.0,6.0,0.0,1.0
175343,FY23,Fixed Established Subscription 6 Concert,6.0,6,12,2.0,6.0,0.0,1.0
175343,FY24,Fixed Established Subscription 6 Concert,6.0,6,12,2.0,6.0,0.0,1.0
175981,FY23,Fixed Established Subscription 18 Concert,18.0,1,2,2.0,18.0,17.0,0.05555555555555555
175981,FY23,Fixed Established Subscription 24 Concert,24.0,21,42,2.0,24.0,3.0,0.875
175981,FY24,Fixed Established Subscription 12 Concert,12.0,12,24,2.0,12.0,0.0,1.0
177103,FY23,Fixed Established Subscription 6 Concert,6.0,5,10,2.0,6.0,1.0,0.8333333333333334
177103,FY24,Fixed Established Subscription 6 Concert,6.0,6,12,2.0,6.0,0.0,1.0
177554,FY24,Fixed Upgrade Subscription 12 Concert,12.0,13,24,1.8461538461538463,12.0,-1.0,1.0833333333333333
177675,FY23,Fixed Established Subscription 6 Concert,6.0,6,12,2.0,6.0,0.0,1.0
177675,FY24,Fixed Established Subscription 6 Concert,6.0,6,12,2.0,6.0,0.0,1.0
177763,FY23,Fixed Established Subscription Sunday,4.0,4,8,1.6,4.0,0.0,1.0
177763,FY24,Fixed Sophomore  Subscription Sunday,4.0,3,6,2.0,4.0,1.0,0.75
178027,FY23,Fixed Established Subscription 6 Concert,6.0,4,8,2.0,6.0,2.0,0.6666666666666666
178027,FY24,Fixed Established Subscription 6 Concert,6.0,6,12,2.0,6.0,0.0,1.0
178566,FY23,Fixed Sophomore Subscription 6 Concert,6.0,6,12,2.0,6.0,0.0,1.0
178566,FY24,Fixed Established Subscription 6 Concert,6.0,6,12,2.0,6.0,0.0,1.0
178632,FY23,Fixed Established Subscription 12 Concert,12.0,6,6,1.0,12.0,6.0,0.5
178632,FY24,Fixed Established Subscription Sunday,4.0,4,4,1.0,4.0,0.0,1.0
179171,FY24,Fixed Upgrade Subscription 6 Concert,6.0,6,12,2.0,6.0,0.0,1.0
179699,FY24,Fixed Freshman Subscription 6 Concert,6.0,6,12,2.0,6.0,0.0,1.0
179831,FY23,Fixed Established Subscription 6 Concert,6.0,4,8,2.0,6.0,2.0,0.6666666666666666
179831,FY24,Fixed Established Subscription 6 Concert,6.0,4,8,2.0,6.0,2.0,0.6666666666666666
179853,FY23,Fixed Established Subscription Sunday,4.0,4,4,1.0,4.0,0.0,1.0
179853,FY24,Fixed Established Subscription Sunday,4.0,4,4,1.0,4.0,0.0,1.0
180084,FY23,Fixed Established Subscription 24 Concert,24.0,22,44,2.0,24.0,2.0,0.9166666666666666
180084,FY24,Fixed Established Subscription 24 Concert,24.0,17,34,2.0,24.0,7.0,0.7083333333333334
180326,FY24,Fixed Upgrade Subscription 24 Concert,24.0,22,27,1.2272727272727273,24.0,2.0,0.9166666666666666
180579,FY23,Fixed Established Subscription 6 Concert,6.0,5,5,1.0,6.0,1.0,0.8333333333333334
180579,FY24,Fixed Established Subscription 6 Concert,6.0,6,6,1.0,6.0,0.0,1.0
180865,FY23,Fixed Established Subscription 6 Concert,6.0,6,12,2.0,6.0,0.0,1.0
180865,FY24,Fixed Established Subscription 6 Concert,6.0,6,12,2.0,6.0,0.0,1.0
181404,FY23,Fixed Established Subscription 6 Concert,6.0,6,24,4.0,6.0,0.0,1.0
181756,FY23,Fixed Established Subscription 6 Concert,6.0,6,12,1.0909090909090908,6.0,0.0,1.0
181756,FY24,Fixed Established Subscription 6 Concert,6.0,4,8,1.1428571428571428,6.0,2.0,0.6666666666666666
182306,FY23,Fixed Established Subscription 6 Concert,6.0,7,14,2.0,6.0,-1.0,1.1666666666666667
182306,FY24,Fixed Established Subscription 6 Concert,6.0,6,12,2.0,6.0,0.0,1.0
183010,FY23,Fixed Established Subscription 6 Concert,6.0,6,12,2.0,6.0,0.0,1.0
183010,FY24,Fixed Established Subscription 6 Concert,6.0,5,10,2.0,6.0,1.0,0.8333333333333334
183142,FY23,Fixed Established Subscription 6 Concert,6.0,6,12,2.0,6.0,0.0,1.0
183142,FY24,Fixed Established Subscription 6 Concert,6.0,6,12,2.0,6.0,0.0,1.0
183802,FY24,Fixed Freshman Subscription 6 Concert,6.0,6,12,2.0,6.0,0.0,1.0
184627,FY23,Fixed Established Subscription 6 Concert,6.0,6,12,2.0,6.0,0.0,1.0
184627,FY24,Fixed Established Subscription 6 Concert,6.0,6,12,2.0,6.0,0.0,1.0
185540,FY23,Fixed Established Subscription 12 Concert,12.0,12,24,2.0,12.0,0.0,1.0
185540,FY24,Fixed Established Subscription 12 Concert,12.0,11,22,2.0,12.0,1.0,0.9166666666666666
186068,FY23,Fixed Established Subscription 6 Concert,6.0,7,24,2.0,6.0,-1.0,1.1666666666666667
186068,FY24,Fixed Established Subscription 6 Concert,6.0,6,24,4.0,6.0,0.0,1.0
186332,FY23,Fixed Established Subscription 6 Concert,6.0,2,4,2.0,6.0,4.0,0.3333333333333333
186332,FY24,Fixed Established Subscription 6 Concert,6.0,4,8,2.0,6.0,2.0,0.6666666666666666
186442,FY23,Fixed Established Subscription Sunday,4.0,4,8,2.0,4.0,0.0,1.0
186442,FY24,Fixed Established Subscription Sunday,4.0,4,8,2.0,4.0,0.0,1.0
186607,FY23,Fixed Established Subscription 6 Concert,6.0,6,12,2.0,6.0,0.0,1.0
186607,FY24,Fixed Sophomore Subscription 6 Concert,6.0,6,12,2.0,6.0,0.0,1.0
186651,FY23,Fixed Established Subscription 6 Concert,6.0,5,10,2.0,6.0,1.0,0.8333333333333334
186651,FY24,Fixed Established Subscription 6 Concert,6.0,6,12,2.0,6.0,0.0,1.0
187014,FY24,Fixed Established Subscription 6 Concert,6.0,5,10,2.0,6.0,1.0,0.8333333333333334
187014,FY24,Fixed Freshman Subscription 6 Concert,6.0,1,2,2.0,6.0,5.0,0.16666666666666666
187740,FY23,Fixed Established Subscription 6 Concert,6.0,6,12,2.0,6.0,0.0,1.0
187740,FY24,Fixed Established Subscription 6 Concert,6.0,5,10,2.0,6.0,1.0,0.8333333333333334
187993,FY23,Fixed Established Subscription 6 Concert,6.0,5,10,2.0,6.0,1.0,0.8333333333333334
187993,FY23,Fixed Musician Subscription 6 Concert,6.0,1,2,2.0,6.0,5.0,0.16666666666666666
187993,FY24,Fixed Established Subscription 6 Concert,6.0,6,12,2.0,6.0,0.0,1.0
188037,FY23,Fixed Established Subscription 12 Concert,12.0,12,23,1.9166666666666667,12.0,0.0,1.0
188037,FY24,Fixed Established Subscription 12 Concert,12.0,12,24,2.0,12.0,0.0,1.0
188103,FY23,Fixed Established Subscription 6 Concert,6.0,6,11,1.8333333333333333,6.0,0.0,1.0
188103,FY24,Fixed Established Subscription Sunday,4.0,4,4,1.0,4.0,0.0,1.0
188455,FY23,Fixed Established Subscription 6 Concert,6.0,6,6,1.0,6.0,0.0,1.0
188455,FY24,Fixed Established Subscription 6 Concert,6.0,6,6,1.0,6.0,0.0,1.0
188994,FY23,Fixed Established Subscription 6 Concert,6.0,6,12,2.0,6.0,0.0,1.0
188994,FY24,Fixed Established Subscription 6 Concert,6.0,6,12,2.0,6.0,0.0,1.0
189258,FY23,Fixed Established Subscription 24 Concert,24.0,17,34,1.7894736842105263,24.0,7.0,0.7083333333333334
189258,FY24,Fixed Established Subscription 24 Concert,24.0,20,40,2.0,24.0,4.0,0.8333333333333334
189940,FY23,Fixed Established Subscription Sunday,4.0,4,8,2.0,4.0,0.0,1.0
189940,FY24,Fixed Established Subscription Sunday,4.0,4,8,2.0,4.0,0.0,1.0
190072,FY23,Fixed Established Subscription 6 Concert,6.0,6,12,2.0,6.0,0.0,1.0
190204,FY23,Fixed Established Subscription Sunday,4.0,4,12,3.0,4.0,0.0,1.0
190204,FY24,Fixed Established Subscription Sunday,4.0,4,16,4.0,4.0,0.0,1.0
190556,FY23,Fixed Established Subscription 6 Concert,6.0,6,12,2.0,6.0,0.0,1.0
190556,FY24,Fixed Established Subscription 6 Concert,6.0,6,12,2.0,6.0,0.0,1.0
191315,FY23,Fixed Established Subscription 6 Concert,6.0,6,12,2.0,6.0,0.0,1.0
191315,FY24,Fixed Established Subscription 6 Concert,6.0,6,12,2.0,6.0,0.0,1.0
192096,FY23,Fixed Established Subscription 6 Concert,6.0,6,12,2.0,6.0,0.0,1.0
192096,FY24,Fixed Established Subscription 6 Concert,6.0,6,12,2.0,6.0,0.0,1.0
192173,FY23,Fixed Established Subscription 12 Concert,12.0,12,24,2.0,12.0,0.0,1.0
192173,FY24,Fixed Established Subscription 12 Concert,12.0,13,24,1.8461538461538463,12.0,-1.0,1.0833333333333333
192426,FY23,Fixed Established Subscription 6 Concert,6.0,5,10,2.0,6.0,1.0,0.8333333333333334
192426,FY24,Fixed Established Subscription 6 Concert,6.0,6,12,2.0,6.0,0.0,1.0
192800,FY23,Fixed Established Subscription 12 Concert,12.0,12,12,1.0,12.0,0.0,1.0
192800,FY24,Fixed Established Subscription 6 Concert,6.0,6,6,1.0,6.0,0.0,1.0
193163,FY24,Fixed Sophomore Subscription 6 Concert,6.0,6,24,3.4285714285714284,6.0,0.0,1.0
193625,FY23,Fixed Freshman Subscription 6 Concert,6.0,6,12,2.0,6.0,0.0,1.0
193625,FY24,Fixed Sophomore Subscription 6 Concert,6.0,6,12,2.0,6.0,0.0,1.0
194010,FY23,Fixed Sophomore  Subscription Sunday,4.0,3,3,1.0,4.0,1.0,0.75
194010,FY24,Fixed Established Subscription Sunday,4.0,4,4,1.0,4.0,0.0,1.0
194538,FY23,Fixed Established Subscription 6 Concert,6.0,6,12,2.0,6.0,0.0,1.0
194538,FY24,Fixed Established Subscription 6 Concert,6.0,6,12,2.0,6.0,0.0,1.0
194681,FY23,Fixed Established Subscription 6 Concert,6.0,6,6,1.0,6.0,0.0,1.0
194681,FY24,Fixed Established Subscription 6 Concert,6.0,6,6,1.0,6.0,0.0,1.0
195715,FY23,Fixed Established Subscription 12 Concert,12.0,12,24,2.0,12.0,0.0,1.0
195715,FY24,Fixed Established Subscription 12 Concert,12.0,12,24,2.0,12.0,0.0,1.0
196683,FY23,Fixed Freshman Subscription Sunday,4.0,4,16,4.0,4.0,0.0,1.0
196683,FY24,Fixed Chorus Subscription 6 Concert,6.0,4,12,3.0,6.0,2.0,0.6666666666666666
196782,FY23,Fixed Established Subscription Sunday,4.0,4,8,2.0,4.0,0.0,1.0
199158,FY23,Fixed Established Subscription 6 Concert,6.0,6,12,2.0,6.0,0.0,1.0
199158,FY24,Fixed Established Subscription 6 Concert,6.0,6,12,2.0,6.0,0.0,1.0
199763,FY23,Fixed Sophomore Subscription 6 Concert,6.0,6,12,2.0,6.0,0.0,1.0
199763,FY24,Fixed Established Subscription 6 Concert,6.0,6,12,2.0,6.0,0.0,1.0
201985,FY23,Fixed Established Subscription 6 Concert,6.0,6,12,2.0,6.0,0.0,1.0
201985,FY24,Fixed Established Subscription 6 Concert,6.0,6,12,2.0,6.0,0.0,1.0
202051,FY23,Fixed Established Subscription 6 Concert,6.0,6,6,1.0,6.0,0.0,1.0
202722,FY23,Fixed Established Subscription 24 Concert,24.0,6,6,1.0,24.0,18.0,0.25
202722,FY24,Fixed Established Subscription 24 Concert,24.0,6,6,1.0,24.0,18.0,0.25
202832,FY23,Fixed Established Subscription 6 Concert,6.0,7,9,1.2857142857142858,6.0,-1.0,1.1666666666666667
203019,FY23,Fixed Established Subscription 12 Concert,12.0,6,12,2.0,12.0,6.0,0.5
203173,FY23,Fixed Freshman Subscription 6 Concert,6.0,6,12,2.0,6.0,0.0,1.0
203426,FY24,Fixed Freshman Subscription 6 Concert,6.0,5,12,1.7142857142857142,6.0,1.0,0.8333333333333334
203844,FY23,Fixed Sophomore  Subscription Sunday,4.0,4,8,2.0,4.0,0.0,1.0
203888,FY23,Fixed Freshman Subscription 6 Concert,6.0,6,12,2.0,6.0,0.0,1.0
203888,FY24,Fixed Sophomore Subscription 6 Concert,6.0,6,12,2.0,6.0,0.0,1.0
204020,FY23,Fixed Established Subscription 12 Concert,12.0,11,22,2.0,12.0,1.0,0.9166666666666666
204020,FY24,Fixed Chorus Subscription 12 Concert,12.0,1,2,2.0,12.0,11.0,0.08333333333333333
204020,FY24,Fixed Established Subscription 12 Concert,12.0,10,20,2.0,12.0,2.0,0.8333333333333334
204922,FY23,Fixed Established Subscription 6 Concert,6.0,2,2,1.0,6.0,4.0,0.3333333333333333
204922,FY23,Fixed Freshman Subscription 6 Concert,6.0,1,1,1.0,6.0,5.0,0.16666666666666666
205747,FY23,Fixed Established Subscription 6 Concert,6.0,6,12,2.0,6.0,0.0,1.0
205747,FY24,Fixed Established Subscription 6 Concert,6.0,6,12,2.0,6.0,0.0,1.0
206726,FY23,Fixed Sophomore Subscription 24 Concert,24.0,23,46,2.0,24.0,1.0,0.9583333333333334
206726,FY24,Fixed Established Subscription 24 Concert,24.0,24,48,2.0,24.0,0.0,1.0
206737,FY24,Fixed Freshman Subscription Sunday,4.0,4,4,1.0,4.0,0.0,1.0
207166,FY23,Fixed Freshman Subscription 6 Concert,6.0,6,12,2.0,6.0,0.0,1.0
207375,FY23,Fixed Established Subscription Sunday,4.0,4,12,3.0,4.0,0.0,1.0
207375,FY24,Fixed Established Subscription Sunday,4.0,4,12,3.0,4.0,0.0,1.0
208112,FY23,Fixed Established Subscription Sunday,4.0,4,4,1.0,4.0,0.0,1.0
208112,FY24,Fixed Established Subscription Sunday,4.0,3,3,1.0,4.0,1.0,0.75
208112,FY24,Fixed Freshman Subscription Sunday,4.0,1,1,1.0,4.0,3.0,0.25
208871,FY23,Fixed Established Subscription 6 Concert,6.0,6,12,2.0,6.0,0.0,1.0
209080,FY23,Fixed Established Subscription Sunday,4.0,4,8,1.0,4.0,0.0,1.0
209080,FY24,Fixed Established Subscription Sunday,4.0,4,8,1.0,4.0,0.0,1.0
209135,FY23,Fixed Established Subscription 6 Concert,6.0,6,6,1.0,6.0,0.0,1.0
209135,FY24,Fixed Established Subscription 6 Concert,6.0,6,6,1.0,6.0,0.0,1.0
209520,FY23,Fixed Established Subscription 6 Concert,6.0,6,12,2.0,6.0,0.0,1.0
209520,FY24,Fixed Established Subscription 6 Concert,6.0,6,12,2.0,6.0,0.0,1.0
209740,FY23,Fixed Established Subscription 12 Concert,12.0,12,12,1.0,12.0,0.0,1.0
209740,FY24,Fixed Established Subscription 12 Concert,12.0,12,12,1.0,12.0,0.0,1.0
210191,FY24,Fixed Lapsed Subscription Sunday,4.0,4,4,1.0,4.0,0.0,1.0
210290,FY23,Fixed Established Subscription 6 Concert,6.0,6,12,2.0,6.0,0.0,1.0
210290,FY24,Fixed Established Subscription 6 Concert,6.0,6,12,2.0,6.0,0.0,1.0
210730,FY23,Fixed Established Subscription 6 Concert,6.0,6,12,2.0,6.0,0.0,1.0
210730,FY24,Fixed Lapsed Subscription 6 Concert,6.0,3,7,1.75,6.0,3.0,0.5
210818,FY23,Fixed Established Subscription 6 Concert,6.0,6,12,2.0,6.0,0.0,1.0
210818,FY24,Fixed Established Subscription 6 Concert,6.0,6,12,2.0,6.0,0.0,1.0
211170,FY23,Fixed Established Subscription 6 Concert,6.0,6,12,2.0,6.0,0.0,1.0
211170,FY24,Fixed Established Subscription 6 Concert,6.0,6,12,2.0,6.0,0.0,1.0
211214,FY23,Fixed Chorus Subscription 6 Concert,6.0,2,5,2.5,6.0,4.0,0.3333333333333333
211346,FY23,Fixed Established Subscription 6 Concert,6.0,6,12,2.0,6.0,0.0,1.0
211346,FY24,Fixed Established Subscription 6 Concert,6.0,6,12,2.0,6.0,0.0,1.0
211423,FY23,Fixed Freshman Subscription 18 Concert,18.0,1,1,1.0,18.0,17.0,0.05555555555555555
211467,FY24,Fixed Sophomore Subscription 6 Concert,6.0,6,12,2.0,6.0,0.0,1.0
211962,FY23,Fixed Established Subscription 12 Concert,12.0,12,12,1.0,12.0,0.0,1.0
211962,FY24,Fixed Established Subscription 18 Concert,18.0,18,18,1.0,18.0,0.0,1.0
213095,FY24,Fixed Upgrade Subscription 12 Concert,12.0,11,22,2.0,12.0,1.0,0.9166666666666666
213315,FY23,Fixed Established Subscription 6 Concert,6.0,6,12,2.0,6.0,0.0,1.0
213315,FY24,Fixed Established Subscription 6 Concert,6.0,6,12,2.0,6.0,0.0,1.0
213436,FY23,Fixed Established Subscription 6 Concert,6.0,5,10,2.0,6.0,1.0,0.8333333333333334
213436,FY23,Fixed Lapsed Subscription 24 Concert,24.0,1,2,2.0,24.0,23.0,0.041666666666666664
213436,FY24,Fixed Established Subscription 6 Concert,6.0,6,12,2.0,6.0,0.0,1.0
214910,FY24,Fixed Established Subscription 6 Concert,6.0,1,1,1.0,6.0,5.0,0.16666666666666666
215372,FY23,Fixed Established Subscription Sunday,4.0,4,8,2.0,4.0,0.0,1.0
215372,FY24,Fixed Established Subscription Sunday,4.0,4,8,2.0,4.0,0.0,1.0
215482,FY23,Fixed Established Subscription 6 Concert,6.0,5,10,2.0,6.0,1.0,0.8333333333333334
215482,FY24,Fixed Established Subscription 6 Concert,6.0,6,12,2.0,6.0,0.0,1.0
216120,FY23,Fixed Established Subscription 6 Concert,6.0,6,12,2.0,6.0,0.0,1.0
216120,FY24,Fixed Established Subscription 6 Concert,6.0,6,12,2.0,6.0,0.0,1.0
216846,FY23,Fixed Established Subscription Sunday,4.0,4,4,1.0,4.0,0.0,1.0
216846,FY24,Fixed Established Subscription Sunday,4.0,4,4,1.0,4.0,0.0,1.0
217330,FY23,Fixed Established Subscription 6 Concert,6.0,6,12,2.0,6.0,0.0,1.0
217330,FY24,Fixed Established Subscription 6 Concert,6.0,6,12,2.0,6.0,0.0,1.0
218232,FY23,Fixed Established Subscription 24 Concert,24.0,6,18,3.0,24.0,18.0,0.25
218265,FY23,Fixed Established Subscription 6 Concert,6.0,6,12,2.0,6.0,0.0,1.0
218265,FY24,Fixed Established Subscription 6 Concert,6.0,6,12,2.0,6.0,0.0,1.0
218782,FY23,Fixed Established Subscription Sunday,4.0,4,8,2.0,4.0,0.0,1.0
218782,FY24,Fixed Established Subscription Sunday,4.0,4,8,2.0,4.0,0.0,1.0
219640,FY23,Fixed Established Subscription 6 Concert,6.0,6,12,2.0,6.0,0.0,1.0
219640,FY24,Fixed Established Subscription 6 Concert,6.0,6,12,2.0,6.0,0.0,1.0
219684,FY23,Fixed Sophomore Subscription 6 Concert,6.0,6,6,1.0,6.0,0.0,1.0
219684,FY24,Fixed Established Subscription 6 Concert,6.0,5,5,1.0,6.0,1.0,0.8333333333333334
220938,FY23,Fixed Established Subscription 6 Concert,6.0,6,12,2.0,6.0,0.0,1.0
221037,FY23,Fixed Established Subscription 6 Concert,6.0,6,6,1.0,6.0,0.0,1.0
221818,FY23,Fixed Established Subscription 6 Concert,6.0,10,12,1.0,6.0,-4.0,1.6666666666666667
221818,FY24,Fixed Established Subscription 6 Concert,6.0,6,6,1.0,6.0,0.0,1.0
222412,FY24,Fixed Lapsed Subscription 6 Concert,6.0,6,12,2.0,6.0,0.0,1.0
222445,FY23,Fixed Established Subscription Sunday,4.0,4,4,1.0,4.0,0.0,1.0
223875,FY23,Fixed Established Subscription 6 Concert,6.0,6,12,2.0,6.0,0.0,1.0
223875,FY24,Fixed Established Subscription 6 Concert,6.0,7,12,1.7142857142857142,6.0,-1.0,1.1666666666666667
224161,FY23,Fixed Established Subscription 6 Concert,6.0,5,5,1.0,6.0,1.0,0.8333333333333334
224161,FY24,Fixed Established Subscription 6 Concert,6.0,6,6,1.0,6.0,0.0,1.0
224524,FY23,Fixed Established Subscription 6 Concert,6.0,6,6,1.0,6.0,0.0,1.0
224524,FY24,Fixed Established Subscription 6 Concert,6.0,6,6,1.0,6.0,0.0,1.0
224579,FY23,Fixed Musician Subscription 18 Concert,18.0,15,36,1.7142857142857142,18.0,3.0,0.8333333333333334
224579,FY24,Fixed Musician Subscription 18 Concert,18.0,17,36,1.7142857142857142,18.0,1.0,0.9444444444444444
225404,FY23,Fixed Established Subscription 24 Concert,24.0,24,48,2.0,24.0,0.0,1.0
225404,FY24,Fixed Established Subscription 6 Concert,6.0,5,10,2.0,6.0,1.0,0.8333333333333334
225404,FY24,Fixed Established Subscription Sunday,4.0,4,8,2.0,4.0,0.0,1.0
225734,FY23,Fixed Established Subscription 6 Concert,6.0,6,12,2.0,6.0,0.0,1.0
225734,FY24,Fixed Established Subscription 6 Concert,6.0,6,12,2.0,6.0,0.0,1.0
226383,FY23,Fixed Established Subscription 24 Concert,24.0,24,47,1.9583333333333333,24.0,0.0,1.0
226383,FY24,Fixed Established Subscription 24 Concert,24.0,24,48,2.0,24.0,0.0,1.0
226460,FY23,Fixed Established Subscription 6 Concert,6.0,6,12,2.0,6.0,0.0,1.0
226460,FY24,Fixed Established Subscription 6 Concert,6.0,6,12,2.0,6.0,0.0,1.0
226614,FY23,Fixed Established Subscription 6 Concert,6.0,6,12,2.0,6.0,0.0,1.0
226614,FY24,Fixed Established Subscription 6 Concert,6.0,5,10,2.0,6.0,1.0,0.8333333333333334
226713,FY23,Fixed Established Subscription 6 Concert,6.0,5,5,1.0,6.0,1.0,0.8333333333333334
226713,FY24,Fixed Established Subscription 6 Concert,6.0,5,5,1.0,6.0,1.0,0.8333333333333334
226779,FY23,Fixed Established Subscription Sunday,4.0,4,4,1.0,4.0,0.0,1.0
226779,FY24,Fixed Established Subscription Sunday,4.0,4,4,1.0,4.0,0.0,1.0
227494,FY23,Fixed Established Subscription 24 Concert,24.0,23,23,1.0,24.0,1.0,0.9583333333333334
227494,FY23,Fixed Musician Subscription 24 Concert,24.0,1,1,1.0,24.0,23.0,0.041666666666666664
227494,FY24,Fixed Established Subscription 24 Concert,24.0,24,48,2.0,24.0,0.0,1.0
227692,FY23,Fixed Established Subscription 6 Concert,6.0,12,12,1.0,6.0,-6.0,2.0
227692,FY24,Fixed Established Subscription 6 Concert,6.0,12,17,1.3076923076923077,6.0,-6.0,2.0
227912,FY23,Fixed Established Subscription 6 Concert,6.0,6,12,2.0,6.0,0.0,1.0
227967,FY23,Fixed Established Subscription 6 Concert,6.0,6,6,1.0,6.0,0.0,1.0
227967,FY24,Fixed Established Subscription 6 Concert,6.0,6,6,1.0,6.0,0.0,1.0
228198,FY23,Fixed Established Subscription 6 Concert,6.0,4,8,2.0,6.0,2.0,0.6666666666666666
228198,FY24,Fixed Established Subscription 6 Concert,6.0,5,10,2.0,6.0,1.0,0.8333333333333334
228671,FY23,Fixed Established Subscription 6 Concert,6.0,6,12,2.0,6.0,0.0,1.0
228671,FY24,Fixed Established Subscription 6 Concert,6.0,6,12,2.0,6.0,0.0,1.0
229859,FY23,Fixed Established Subscription 6 Concert,6.0,6,6,1.0,6.0,0.0,1.0
229859,FY24,Fixed Established Subscription 6 Concert,6.0,6,6,1.0,6.0,0.0,1.0
230134,FY24,Fixed Established Subscription 6 Concert,6.0,1,2,2.0,6.0,5.0,0.16666666666666666
230189,FY24,Fixed Established Subscription 6 Concert,6.0,5,10,2.0,6.0,1.0,0.8333333333333334
230244,FY23,Fixed Established Subscription 6 Concert,6.0,1,2,2.0,6.0,5.0,0.16666666666666666
230244,FY23,Fixed Lapsed Subscription 6 Concert,6.0,4,8,2.0,6.0,2.0,0.6666666666666666
231432,FY23,Fixed Established Subscription 24 Concert,24.0,1,1,1.0,24.0,23.0,0.041666666666666664
231432,FY23,Fixed Freshman Subscription 6 Concert,6.0,6,12,1.7142857142857142,6.0,0.0,1.0
232598,FY23,Fixed Established Subscription Sunday,4.0,4,8,2.0,4.0,0.0,1.0
232598,FY24,Fixed Established Subscription Sunday,4.0,4,8,2.0,4.0,0.0,1.0
233115,FY23,Fixed Established Subscription 6 Concert,6.0,6,12,2.0,6.0,0.0,1.0
233115,FY24,Fixed Established Subscription 6 Concert,6.0,6,12,2.0,6.0,0.0,1.0
233566,FY23,Fixed Established Subscription 6 Concert,6.0,6,12,2.0,6.0,0.0,1.0
233566,FY24,Fixed Established Subscription 6 Concert,6.0,6,12,2.0,6.0,0.0,1.0
233665,FY23,Fixed Established Subscription 24 Concert,24.0,23,46,2.0,24.0,1.0,0.9583333333333334
233665,FY24,Fixed Established Subscription 24 Concert,24.0,24,48,2.0,24.0,0.0,1.0
233951,FY23,Fixed Sophomore  Subscription Sunday,4.0,4,8,2.0,4.0,0.0,1.0
233984,FY23,Fixed Upgrade Subscription 6 Concert,6.0,5,5,1.0,6.0,1.0,0.8333333333333334
234116,FY23,Fixed Sophomore Subscription 6 Concert,6.0,6,6,1.0,6.0,0.0,1.0
234259,FY23,Fixed Sophomore Subscription 6 Concert,6.0,6,6,1.0,6.0,0.0,1.0
234259,FY24,Fixed Established Subscription 6 Concert,6.0,6,6,1.0,6.0,0.0,1.0
234281,FY24,Fixed Freshman Subscription 12 Concert,12.0,12,24,2.0,12.0,0.0,1.0
235106,FY23,Fixed Sophomore Subscription 6 Concert,6.0,8,13,1.625,6.0,-2.0,1.3333333333333333
235810,FY23,Fixed Established Subscription 6 Concert,6.0,6,12,2.0,6.0,0.0,1.0
235810,FY24,Fixed Established Subscription 6 Concert,6.0,6,12,2.0,6.0,0.0,1.0
235931,FY23,Fixed Established Subscription 6 Concert,6.0,6,12,2.0,6.0,0.0,1.0
235931,FY24,Fixed Established Subscription 6 Concert,6.0,6,12,2.0,6.0,0.0,1.0
236514,FY24,Fixed Upgrade Subscription 6 Concert,6.0,5,12,2.4,6.0,1.0,0.8333333333333334
237031,FY23,Fixed Chorus Subscription 12 Concert,12.0,1,2,2.0,12.0,11.0,0.08333333333333333
237097,FY24,Fixed Chorus Subscription 6 Concert,6.0,2,8,2.0,6.0,4.0,0.3333333333333333
237097,FY24,Fixed Sophomore Subscription 6 Concert,6.0,4,8,2.0,6.0,2.0,0.6666666666666666
237779,FY23,Fixed Established Subscription 12 Concert,12.0,12,24,1.411764705882353,12.0,0.0,1.0
237779,FY24,Fixed Established Subscription 6 Concert,6.0,12,24,1.3333333333333333,6.0,-6.0,2.0
238131,FY23,Fixed Established Subscription 6 Concert,6.0,6,12,2.0,6.0,0.0,1.0
238131,FY24,Fixed Established Subscription 6 Concert,6.0,6,12,2.0,6.0,0.0,1.0
238626,FY23,Fixed Established Subscription 6 Concert,6.0,1,2,2.0,6.0,5.0,0.16666666666666666
238626,FY23,Fixed Sophomore Subscription 6 Concert,6.0,5,10,2.0,6.0,1.0,0.8333333333333334
238626,FY24,Fixed Established Subscription 6 Concert,6.0,5,10,2.0,6.0,1.0,0.8333333333333334
239066,FY23,Fixed Established Subscription Sunday,4.0,4,4,1.0,4.0,0.0,1.0
239264,FY23,Fixed Upgrade Subscription 6 Concert,6.0,1,2,2.0,6.0,5.0,0.16666666666666666
239429,FY23,Fixed Established Subscription 6 Concert,6.0,6,12,2.0,6.0,0.0,1.0
239616,FY23,Fixed Established Subscription 6 Concert,6.0,7,12,1.5,6.0,-1.0,1.1666666666666667
239616,FY24,Fixed Established Subscription 6 Concert,6.0,6,12,1.7142857142857142,6.0,0.0,1.0
239946,FY24,Fixed Freshman Subscription 6 Concert,6.0,6,12,2.0,6.0,0.0,1.0
239957,FY23,Fixed Established Subscription 6 Concert,6.0,6,12,2.0,6.0,0.0,1.0
239957,FY24,Fixed Established Subscription 6 Concert,6.0,6,12,2.0,6.0,0.0,1.0
242355,FY23,Fixed Established Subscription 6 Concert,6.0,6,12,2.0,6.0,0.0,1.0
242355,FY24,Fixed Established Subscription 6 Concert,6.0,6,12,2.0,6.0,0.0,1.0
242553,FY23,Fixed Established Subscription 6 Concert,6.0,6,12,2.0,6.0,0.0,1.0
242553,FY24,Fixed Established Subscription 6 Concert,6.0,7,12,1.7142857142857142,6.0,-1.0,1.1666666666666667
243455,FY23,Fixed Established Subscription 6 Concert,6.0,6,12,2.0,6.0,0.0,1.0
243455,FY24,Fixed Established Subscription 6 Concert,6.0,6,11,1.8333333333333333,6.0,0.0,1.0
243994,FY23,Fixed Established Subscription 6 Concert,6.0,6,12,2.0,6.0,0.0,1.0
244192,FY23,Fixed Established Subscription 18 Concert,18.0,17,17,1.0,18.0,1.0,0.9444444444444444
244192,FY24,Fixed Established Subscription 18 Concert,18.0,12,12,1.0,18.0,6.0,0.6666666666666666
244555,FY23,Fixed Lapsed Subscription 6 Concert,6.0,5,10,2.0,6.0,1.0,0.8333333333333334
244984,FY23,Fixed Established Subscription Sunday,4.0,4,5,1.25,4.0,0.0,1.0
245919,FY23,Fixed Established Subscription 6 Concert,6.0,6,12,2.0,6.0,0.0,1.0
245919,FY24,Fixed Established Subscription 6 Concert,6.0,5,10,2.0,6.0,1.0,0.8333333333333334
246150,FY24,Fixed Established Subscription 6 Concert,6.0,12,24,2.0,6.0,-6.0,2.0
246282,FY23,Fixed Established Subscription 6 Concert,6.0,12,24,2.0,6.0,-6.0,2.0
246282,FY24,Fixed Established Subscription 6 Concert,6.0,11,24,2.0,6.0,-5.0,1.8333333333333333
246436,FY23,Fixed Established Subscription 24 Concert,24.0,23,46,1.0222222222222221,24.0,1.0,0.9583333333333334
246436,FY24,Fixed Established Subscription 24 Concert,24.0,21,48,1.0666666666666667,24.0,3.0,0.875
246579,FY23,Fixed Established Subscription 18 Concert,18.0,18,18,1.0,18.0,0.0,1.0
246579,FY24,Fixed Established Subscription 18 Concert,18.0,18,18,1.0,18.0,0.0,1.0
246821,FY23,Fixed Established Subscription 6 Concert,6.0,6,12,2.0,6.0,0.0,1.0
246821,FY24,Fixed Established Subscription 6 Concert,6.0,6,12,2.0,6.0,0.0,1.0
246854,FY24,Fixed Freshman Subscription 6 Concert,6.0,6,6,1.0,6.0,0.0,1.0
247096,FY23,Fixed Established Subscription 6 Concert,6.0,6,6,1.0,6.0,0.0,1.0
247096,FY24,Fixed Established Subscription 6 Concert,6.0,6,12,1.0,6.0,0.0,1.0
247349,FY23,Fixed Sophomore Subscription 6 Concert,6.0,6,18,1.5,6.0,0.0,1.0
247349,FY24,Fixed Established Subscription 6 Concert,6.0,6,18,3.0,6.0,0.0,1.0
247800,FY23,Fixed Freshman Subscription 6 Concert,6.0,6,12,2.0,6.0,0.0,1.0
248152,FY24,Fixed Freshman Subscription 6 Concert,6.0,7,18,2.5714285714285716,6.0,-1.0,1.1666666666666667
248163,FY23,Fixed Established Subscription 12 Concert,12.0,11,11,1.0,12.0,1.0,0.9166666666666666
248163,FY24,Fixed Established Subscription 12 Concert,12.0,12,12,1.0,12.0,0.0,1.0
248295,FY24,Fixed Freshman Subscription 6 Concert,6.0,5,10,2.0,6.0,1.0,0.8333333333333334
248504,FY23,Fixed Established Subscription 6 Concert,6.0,5,10,2.0,6.0,1.0,0.8333333333333334
248504,FY24,Fixed Established Subscription 6 Concert,6.0,6,12,2.0,6.0,0.0,1.0
248625,FY23,Fixed Established Subscription 6 Concert,6.0,1,2,2.0,6.0,5.0,0.16666666666666666
249703,FY23,Fixed Sophomore Subscription 6 Concert,6.0,2,4,2.0,6.0,4.0,0.3333333333333333
250649,FY23,Fixed Sophomore Subscription 24 Concert,24.0,20,20,1.0,24.0,4.0,0.8333333333333334
250649,FY24,Fixed Established Subscription 24 Concert,24.0,15,15,1.0,24.0,9.0,0.625
250649,FY24,Fixed Sophomore Subscription 6 Concert,6.0,2,2,1.0,6.0,4.0,0.3333333333333333
250715,FY23,Fixed Established Subscription 24 Concert,24.0,24,48,1.3333333333333333,24.0,0.0,1.0
250715,FY24,Fixed Established Subscription 24 Concert,24.0,16,31,1.2916666666666667,24.0,8.0,0.6666666666666666
251023,FY23,Fixed Established Subscription 6 Concert,6.0,5,10,2.0,6.0,1.0,0.8333333333333334
251023,FY24,Fixed Established Subscription 6 Concert,6.0,6,12,2.0,6.0,0.0,1.0
251067,FY23,Fixed Established Subscription 12 Concert,12.0,6,6,1.0,12.0,6.0,0.5
251067,FY23,Fixed Established Subscription 6 Concert,6.0,6,6,1.0,6.0,0.0,1.0
251067,FY24,Fixed Established Subscription 12 Concert,12.0,6,6,1.0,12.0,6.0,0.5
251276,FY23,Fixed Established Subscription Sunday,4.0,4,8,2.0,4.0,0.0,1.0
251606,FY23,Fixed Established Subscription 6 Concert,6.0,6,12,2.0,6.0,0.0,1.0
251606,FY24,Fixed Established Subscription 6 Concert,6.0,6,12,2.0,6.0,0.0,1.0
251683,FY23,Fixed Established Subscription 6 Concert,6.0,6,12,2.0,6.0,0.0,1.0
251683,FY24,Fixed Established Subscription 6 Concert,6.0,6,12,2.0,6.0,0.0,1.0
251771,FY23,Fixed Established Subscription 6 Concert,6.0,6,12,2.0,6.0,0.0,1.0
251958,FY23,Fixed Sophomore Subscription 12 Concert,12.0,12,12,1.0,12.0,0.0,1.0
251958,FY24,Fixed Established Subscription 12 Concert,12.0,12,12,1.0,12.0,0.0,1.0
252266,FY23,Fixed Established Subscription 6 Concert,6.0,6,12,2.0,6.0,0.0,1.0
252266,FY24,Fixed Established Subscription 6 Concert,6.0,6,19,1.4615384615384615,6.0,0.0,1.0
253410,FY23,Fixed Established Subscription 6 Concert,6.0,6,12,2.0,6.0,0.0,1.0
253410,FY24,Fixed Established Subscription 6 Concert,6.0,6,12,2.0,6.0,0.0,1.0
253630,FY24,Fixed Freshman Subscription 12 Concert,12.0,12,24,2.0,12.0,0.0,1.0
253652,FY23,Fixed Established Subscription Sunday,4.0,4,8,2.0,4.0,0.0,1.0
253652,FY24,Fixed Established Subscription Sunday,4.0,4,8,2.0,4.0,0.0,1.0
254323,FY23,Fixed Sophomore Subscription 18 Concert,18.0,1,2,2.0,18.0,17.0,0.05555555555555555
254323,FY24,Fixed Established Subscription 24 Concert,24.0,1,2,2.0,24.0,23.0,0.041666666666666664
254323,FY24,Fixed Lapsed Subscription 12 Concert,12.0,1,2,2.0,12.0,11.0,0.08333333333333333
254323,FY24,Fixed Sophomore Subscription 12 Concert,12.0,1,2,2.0,12.0,11.0,0.08333333333333333
255247,FY23,Fixed Established Subscription Sunday,4.0,4,8,2.0,4.0,0.0,1.0
255247,FY24,Fixed Established Subscription Sunday,4.0,4,8,2.0,4.0,0.0,1.0
255566,FY23,Fixed Established Subscription 6 Concert,6.0,6,12,2.0,6.0,0.0,1.0
255566,FY24,Fixed Established Subscription 6 Concert,6.0,6,12,2.0,6.0,0.0,1.0
255786,FY23,Fixed Established Subscription 6 Concert,6.0,5,10,1.0,6.0,1.0,0.8333333333333334
255786,FY24,Fixed Established Subscription 6 Concert,6.0,6,12,1.0,6.0,0.0,1.0
255841,FY23,Fixed Established Subscription Sunday,4.0,4,4,1.0,4.0,0.0,1.0
256358,FY23,Fixed Established Subscription 6 Concert,6.0,11,24,2.0,6.0,-5.0,1.8333333333333333
256358,FY24,Fixed Established Subscription 6 Concert,6.0,12,24,2.0,6.0,-6.0,2.0
256545,FY23,Fixed Established Subscription 6 Concert,6.0,6,12,2.0,6.0,0.0,1.0
256545,FY24,Fixed Established Subscription 6 Concert,6.0,6,12,1.7142857142857142,6.0,0.0,1.0
256633,FY23,Fixed Established Subscription 12 Concert,12.0,12,24,2.0,12.0,0.0,1.0
256633,FY24,Fixed Established Subscription 12 Concert,12.0,11,22,2.0,12.0,1.0,0.9166666666666666
257260,FY23,Fixed Established Subscription 6 Concert,6.0,5,6,1.2,6.0,1.0,0.8333333333333334
257260,FY24,Fixed Established Subscription 6 Concert,6.0,4,6,1.0,6.0,2.0,0.6666666666666666
257546,FY23,Fixed Established Subscription 6 Concert,6.0,1,1,1.0,6.0,5.0,0.16666666666666666
257546,FY23,Fixed Freshman Subscription 6 Concert,6.0,1,1,1.0,6.0,5.0,0.16666666666666666
258448,FY23,Fixed Established Subscription 6 Concert,6.0,2,4,2.0,6.0,4.0,0.3333333333333333
258569,FY23,Fixed Established Subscription 24 Concert,24.0,24,24,1.0,24.0,0.0,1.0
258569,FY24,Fixed Established Subscription 18 Concert,18.0,1,1,1.0,18.0,17.0,0.05555555555555555
258569,FY24,Fixed Established Subscription 24 Concert,24.0,22,22,1.0,24.0,2.0,0.9166666666666666
258701,FY23,Fixed Established Subscription 6 Concert,6.0,3,4,1.0,6.0,3.0,0.5
258701,FY24,Fixed Established Subscription 6 Concert,6.0,3,5,1.25,6.0,3.0,0.5
259537,FY23,Fixed Established Subscription 6 Concert,6.0,6,6,1.0,6.0,0.0,1.0
259537,FY24,Fixed Established Subscription 6 Concert,6.0,6,6,1.0,6.0,0.0,1.0
259724,FY23,Fixed Established Subscription 6 Concert,6.0,6,6,1.0,6.0,0.0,1.0
259724,FY24,Fixed Established Subscription 6 Concert,6.0,6,6,1.0,6.0,0.0,1.0
260219,FY23,Fixed Established Subscription 6 Concert,6.0,6,12,2.0,6.0,0.0,1.0
260219,FY24,Fixed Established Subscription 6 Concert,6.0,6,12,2.0,6.0,0.0,1.0
261517,FY23,Fixed Established Subscription 6 Concert,6.0,6,12,2.0,6.0,0.0,1.0
261517,FY24,Fixed Established Subscription 6 Concert,6.0,6,12,2.0,6.0,0.0,1.0
261704,FY23,Fixed Established Subscription 6 Concert,6.0,6,12,2.0,6.0,0.0,1.0
261704,FY24,Fixed Established Subscription Sunday,4.0,2,4,2.0,4.0,2.0,0.5
262210,FY23,Fixed Established Subscription 6 Concert,6.0,7,13,1.8571428571428572,6.0,-1.0,1.1666666666666667
262210,FY24,Fixed Established Subscription 6 Concert,6.0,6,12,2.0,6.0,0.0,1.0
262441,FY23,Fixed Established Subscription 6 Concert,6.0,5,5,1.0,6.0,1.0,0.8333333333333334
263321,FY23,Fixed Established Subscription 6 Concert,6.0,7,14,2.0,6.0,-1.0,1.1666666666666667
263321,FY24,Fixed Established Subscription Sunday,4.0,4,8,2.0,4.0,0.0,1.0
263618,FY23,Fixed Freshman Subscription 6 Concert,6.0,8,12,1.3333333333333333,6.0,-2.0,1.3333333333333333
263618,FY24,Fixed Sophomore Subscription 6 Concert,6.0,6,6,1.0,6.0,0.0,1.0
264080,FY23,Fixed Established Subscription 6 Concert,6.0,6,6,1.0,6.0,0.0,1.0
264080,FY23,Fixed Established Subscription Sunday,4.0,1,2,2.0,4.0,3.0,0.25
264080,FY24,Fixed Established Subscription 6 Concert,6.0,6,6,1.0,6.0,0.0,1.0
266335,FY23,Fixed Freshman Subscription 12 Concert,12.0,6,22,2.0,12.0,6.0,0.5
266357,FY24,Fixed Sophomore Subscription 6 Concert,6.0,6,12,2.0,6.0,0.0,1.0
267336,FY23,Fixed Established Subscription 6 Concert,6.0,6,6,1.0,6.0,0.0,1.0
267336,FY24,Fixed Established Subscription 6 Concert,6.0,6,6,1.0,6.0,0.0,1.0
267787,FY23,Fixed Established Subscription 12 Concert,12.0,12,24,2.0,12.0,0.0,1.0
267787,FY24,Fixed Established Subscription 12 Concert,12.0,12,24,2.0,12.0,0.0,1.0
268260,FY23,Fixed Sophomore  Subscription Sunday,4.0,4,8,2.0,4.0,0.0,1.0
268315,FY23,Fixed Established Subscription 18 Concert,18.0,18,18,1.0,18.0,0.0,1.0
268315,FY24,Fixed Established Subscription 18 Concert,18.0,18,18,1.0,18.0,0.0,1.0
269459,FY23,Fixed Established Subscription Sunday,4.0,4,8,1.0,4.0,0.0,1.0
269459,FY24,Fixed Established Subscription Sunday,4.0,4,8,1.0,4.0,0.0,1.0
270493,FY24,Fixed Established Subscription 6 Concert,6.0,6,12,2.0,6.0,0.0,1.0
270636,FY23,Fixed Established Subscription 6 Concert,6.0,6,12,2.0,6.0,0.0,1.0
270636,FY24,Fixed Established Subscription 6 Concert,6.0,6,12,2.0,6.0,0.0,1.0
271010,FY23,Fixed Established Subscription Sunday,4.0,4,8,2.0,4.0,0.0,1.0
271010,FY24,Fixed Established Subscription Sunday,4.0,4,8,2.0,4.0,0.0,1.0
271494,FY23,Fixed Chorus Subscription 12 Concert,12.0,1,2,1.0,12.0,11.0,0.08333333333333333
273100,FY23,Fixed Established Subscription 6 Concert,6.0,6,12,2.0,6.0,0.0,1.0
273100,FY24,Fixed Established Subscription 6 Concert,6.0,6,12,2.0,6.0,0.0,1.0
274123,FY24,Fixed Freshman Subscription 6 Concert,6.0,6,12,2.0,6.0,0.0,1.0
274387,FY23,Fixed Established Subscription 6 Concert,6.0,6,12,2.0,6.0,0.0,1.0
274629,FY23,Fixed Established Subscription 12 Concert,12.0,11,22,2.0,12.0,1.0,0.9166666666666666
274629,FY24,Fixed Established Subscription 12 Concert,12.0,11,24,1.8461538461538463,12.0,1.0,0.9166666666666666
274838,FY23,Fixed Established Subscription Sunday,4.0,2,2,1.0,4.0,2.0,0.5
274838,FY24,Fixed Established Subscription Sunday,4.0,3,4,1.0,4.0,1.0,0.75
275146,FY23,Fixed Established Subscription 6 Concert,6.0,6,12,2.0,6.0,0.0,1.0
275146,FY24,Fixed Established Subscription 6 Concert,6.0,6,11,1.5714285714285714,6.0,0.0,1.0
275883,FY23,Fixed Established Subscription 6 Concert,6.0,6,12,2.0,6.0,0.0,1.0
275883,FY24,Fixed Established Subscription 6 Concert,6.0,6,12,2.0,6.0,0.0,1.0
275916,FY23,Fixed Sophomore Subscription 6 Concert,6.0,6,12,2.0,6.0,0.0,1.0
276268,FY23,Fixed Freshman Subscription 18 Concert,18.0,13,26,1.8571428571428572,18.0,5.0,0.7222222222222222
276268,FY24,Fixed Established Subscription 24 Concert,24.0,1,2,2.0,24.0,23.0,0.041666666666666664
276268,FY24,Fixed Sophomore Subscription 18 Concert,18.0,16,34,1.8888888888888888,18.0,2.0,0.8888888888888888
276972,FY23,Fixed Established Subscription 6 Concert,6.0,6,12,2.0,6.0,0.0,1.0
276972,FY24,Fixed Established Subscription 6 Concert,6.0,6,12,2.0,6.0,0.0,1.0
278380,FY24,Fixed Upgrade Subscription 6 Concert,6.0,6,13,1.8571428571428572,6.0,0.0,1.0
278655,FY24,Fixed Upgrade Subscription 6 Concert,6.0,5,9,1.8,6.0,1.0,0.8333333333333334
278688,FY23,Fixed Established Subscription Sunday,4.0,4,8,2.0,4.0,0.0,1.0
278688,FY24,Fixed Established Subscription Sunday,4.0,4,8,2.0,4.0,0.0,1.0
278974,FY23,Fixed Freshman Subscription 6 Concert,6.0,6,18,3.0,6.0,0.0,1.0
278974,FY24,Fixed Upgrade Subscription Sunday,4.0,4,12,3.0,4.0,0.0,1.0
279403,FY23,Fixed Established Subscription 6 Concert,6.0,5,12,2.0,6.0,1.0,0.8333333333333334
279403,FY24,Fixed Established Subscription 6 Concert,6.0,5,12,2.0,6.0,1.0,0.8333333333333334
280217,FY23,Fixed Sophomore Subscription 12 Concert,12.0,12,13,1.0,12.0,0.0,1.0
280217,FY24,Fixed Established Subscription 12 Concert,12.0,12,12,1.0,12.0,0.0,1.0
280371,FY23,Fixed Sophomore Subscription 6 Concert,6.0,6,12,2.0,6.0,0.0,1.0
280371,FY24,Fixed Established Subscription 6 Concert,6.0,6,12,2.0,6.0,0.0,1.0
280393,FY23,Fixed Established Subscription 6 Concert,6.0,6,12,2.0,6.0,0.0,1.0
280393,FY24,Fixed Established Subscription 6 Concert,6.0,6,12,2.0,6.0,0.0,1.0
281493,FY23,Fixed Chorus Subscription 6 Concert,6.0,1,2,2.0,6.0,5.0,0.16666666666666666
281592,FY23,Fixed Established Subscription 12 Concert,12.0,12,24,2.0,12.0,0.0,1.0
281592,FY24,Fixed Established Subscription 12 Concert,12.0,12,24,2.0,12.0,0.0,1.0
282824,FY23,Fixed Established Subscription 6 Concert,6.0,4,8,2.0,6.0,2.0,0.6666666666666666
282824,FY24,Fixed Established Subscription 12 Concert,12.0,10,20,2.0,12.0,2.0,0.8333333333333334
283011,FY23,Fixed Sophomore Subscription 6 Concert,6.0,7,22,2.75,6.0,-1.0,1.1666666666666667
283110,FY23,Fixed Established Subscription Sunday,4.0,4,8,2.0,4.0,0.0,1.0
283451,FY23,Fixed Established Subscription 12 Concert,12.0,12,24,2.0,12.0,0.0,1.0
283451,FY24,Fixed Established Subscription 12 Concert,12.0,12,24,2.0,12.0,0.0,1.0
284892,FY23,Fixed Established Subscription 12 Concert,12.0,4,8,2.0,12.0,8.0,0.3333333333333333
284892,FY24,Fixed Established Subscription 12 Concert,12.0,6,12,2.0,12.0,6.0,0.5
285695,FY23,Fixed Established Subscription 6 Concert,6.0,5,12,2.0,6.0,1.0,0.8333333333333334
285695,FY24,Fixed Established Subscription 6 Concert,6.0,5,12,2.0,6.0,1.0,0.8333333333333334
285772,FY23,Fixed Established Subscription 6 Concert,6.0,6,12,2.0,6.0,0.0,1.0
285772,FY24,Fixed Established Subscription 6 Concert,6.0,6,12,2.0,6.0,0.0,1.0
286036,FY23,Fixed Established Subscription 12 Concert,12.0,12,24,2.0,12.0,0.0,1.0
286036,FY24,Fixed Established Subscription 12 Concert,12.0,10,20,2.0,12.0,2.0,0.8333333333333334
286432,FY24,Fixed Lapsed Subscription 6 Concert,6.0,6,12,2.0,6.0,0.0,1.0
286608,FY24,Fixed Sophomore Subscription 6 Concert,6.0,1,2,2.0,6.0,5.0,0.16666666666666666
287235,FY23,Fixed Established Subscription 24 Concert,24.0,17,48,1.7777777777777777,24.0,7.0,0.7083333333333334
287477,FY23,Fixed Established Subscription 12 Concert,12.0,9,18,1.5,12.0,3.0,0.75
287477,FY24,Fixed Established Subscription 12 Concert,12.0,9,18,1.5,12.0,3.0,0.75
287785,FY23,Fixed Established Subscription 6 Concert,6.0,6,12,2.0,6.0,0.0,1.0
287785,FY24,Fixed Established Subscription 6 Concert,6.0,6,12,2.0,6.0,0.0,1.0
288951,FY23,Fixed Freshman Subscription 6 Concert,6.0,1,1,1.0,6.0,5.0,0.16666666666666666
288951,FY23,Fixed Musician Subscription 6 Concert,6.0,7,9,1.2857142857142858,6.0,-1.0,1.1666666666666667
288951,FY24,Fixed Musician Subscription Sunday,4.0,4,8,2.0,4.0,0.0,1.0
289094,FY24,Fixed Freshman Subscription Sunday,4.0,4,4,1.0,4.0,0.0,1.0
289446,FY23,Fixed Established Subscription 6 Concert,6.0,6,6,1.0,6.0,0.0,1.0
289446,FY24,Fixed Established Subscription 6 Concert,6.0,6,6,1.0,6.0,0.0,1.0
289545,FY23,Fixed Freshman Subscription 6 Concert,6.0,6,12,2.0,6.0,0.0,1.0
289545,FY24,Fixed Established Subscription 6 Concert,6.0,6,12,2.0,6.0,0.0,1.0
290216,FY23,Fixed Established Subscription Sunday,4.0,4,8,2.0,4.0,0.0,1.0
290216,FY24,Fixed Established Subscription Sunday,4.0,4,8,2.0,4.0,0.0,1.0
290403,FY23,Fixed Freshman Subscription Sunday,4.0,4,4,1.0,4.0,0.0,1.0
291492,FY23,Fixed Established Subscription 18 Concert,18.0,18,18,1.0,18.0,0.0,1.0
291492,FY24,Fixed Established Subscription 18 Concert,18.0,18,18,1.0,18.0,0.0,1.0
292328,FY23,Fixed Established Subscription 6 Concert,6.0,6,12,2.0,6.0,0.0,1.0
292328,FY24,Fixed Established Subscription 6 Concert,6.0,6,12,2.0,6.0,0.0,1.0
292581,FY24,Fixed Freshman Subscription 6 Concert,6.0,6,12,2.0,6.0,0.0,1.0
293637,FY23,Fixed Established Subscription 6 Concert,6.0,4,20,2.0,6.0,2.0,0.6666666666666666
293637,FY24,Fixed Established Subscription Sunday,4.0,4,8,2.0,4.0,0.0,1.0
295804,FY23,Fixed Sophomore  Subscription Sunday,4.0,4,8,2.0,4.0,0.0,1.0
296453,FY23,Fixed Established Subscription 6 Concert,6.0,4,12,2.0,6.0,2.0,0.6666666666666666
296453,FY24,Fixed Established Subscription 6 Concert,6.0,6,12,2.0,6.0,0.0,1.0
297058,FY24,Fixed Freshman Subscription 6 Concert,6.0,3,6,2.0,6.0,3.0,0.5
297289,FY23,Fixed Established Subscription Sunday,4.0,4,8,2.0,4.0,0.0,1.0
297289,FY24,Fixed Established Subscription Sunday,4.0,4,8,2.0,4.0,0.0,1.0
297300,FY24,Fixed Established Subscription 6 Concert,6.0,6,24,2.0,6.0,0.0,1.0
297663,FY24,Fixed Sophomore  Subscription Sunday,4.0,4,8,2.0,4.0,0.0,1.0
297707,FY23,Fixed Freshman Subscription 6 Concert,6.0,6,6,1.0,6.0,0.0,1.0
297707,FY24,Fixed Sophomore Subscription 6 Concert,6.0,6,6,1.0,6.0,0.0,1.0
297916,FY23,Fixed Freshman Subscription 6 Concert,6.0,6,6,1.0,6.0,0.0,1.0
298994,FY23,Fixed Established Subscription Sunday,4.0,4,4,1.0,4.0,0.0,1.0
298994,FY24,Fixed Established Subscription Sunday,4.0,3,3,1.0,4.0,1.0,0.75
299467,FY23,Fixed Established Subscription 6 Concert,6.0,6,12,2.0,6.0,0.0,1.0
300259,FY24,Fixed Established Subscription 6 Concert,6.0,6,12,2.0,6.0,0.0,1.0
300281,FY23,Fixed Established Subscription 6 Concert,6.0,6,6,1.0,6.0,0.0,1.0
300281,FY24,Fixed Established Subscription 6 Concert,6.0,6,6,1.0,6.0,0.0,1.0
300490,FY23,Fixed Established Subscription 6 Concert,6.0,6,12,2.0,6.0,0.0,1.0
300490,FY24,Fixed Established Subscription 6 Concert,6.0,6,18,1.5,6.0,0.0,1.0
301260,FY24,Fixed Sophomore  Subscription Sunday,4.0,3,3,1.0,4.0,1.0,0.75
301810,FY23,Fixed Established Subscription 6 Concert,6.0,6,18,2.5714285714285716,6.0,0.0,1.0
301810,FY24,Fixed Established Subscription 6 Concert,6.0,6,18,2.5714285714285716,6.0,0.0,1.0
302536,FY23,Fixed Established Subscription 6 Concert,6.0,6,12,2.0,6.0,0.0,1.0
302536,FY24,Fixed Established Subscription 6 Concert,6.0,6,12,2.0,6.0,0.0,1.0
302569,FY23,Fixed Established Subscription 12 Concert,12.0,6,12,2.0,12.0,6.0,0.5
302569,FY23,Fixed Established Subscription 6 Concert,6.0,6,12,2.0,6.0,0.0,1.0
302569,FY24,Fixed Established Subscription 6 Concert,6.0,6,12,2.0,6.0,0.0,1.0
302756,FY23,Fixed Established Subscription 24 Concert,24.0,21,21,1.0,24.0,3.0,0.875
302756,FY24,Fixed Established Subscription 24 Concert,24.0,18,18,1.0,24.0,6.0,0.75
303042,FY24,Fixed Freshman Subscription 6 Concert,6.0,6,12,2.0,6.0,0.0,1.0
303548,FY23,Fixed Established Subscription Sunday,4.0,3,6,2.0,4.0,1.0,0.75
303548,FY24,Fixed Established Subscription Sunday,4.0,4,8,2.0,4.0,0.0,1.0
304032,FY23,Fixed Established Subscription 6 Concert,6.0,3,6,1.2,6.0,3.0,0.5
304032,FY24,Fixed Established Subscription 6 Concert,6.0,6,12,1.7142857142857142,6.0,0.0,1.0
304560,FY23,Fixed Established Subscription Sunday,4.0,4,4,1.0,4.0,0.0,1.0
304560,FY24,Fixed Established Subscription Sunday,4.0,2,2,1.0,4.0,2.0,0.5
304659,FY23,Fixed Established Subscription 6 Concert,6.0,6,11,1.5714285714285714,6.0,0.0,1.0
304659,FY24,Fixed Established Subscription 6 Concert,6.0,6,12,2.0,6.0,0.0,1.0
304703,FY23,Fixed Established Subscription 6 Concert,6.0,6,6,1.0,6.0,0.0,1.0
304780,FY23,Fixed Established Subscription 6 Concert,6.0,5,10,2.0,6.0,1.0,0.8333333333333334
304780,FY24,Fixed Established Subscription 6 Concert,6.0,5,10,2.0,6.0,1.0,0.8333333333333334
304835,FY23,Fixed Established Subscription 24 Concert,24.0,24,48,2.0,24.0,0.0,1.0
304835,FY24,Fixed Established Subscription 24 Concert,24.0,24,48,2.0,24.0,0.0,1.0
305176,FY23,Fixed Established Subscription 12 Concert,12.0,12,24,2.0,12.0,0.0,1.0
305176,FY23,Fixed Freshman Subscription 24 Concert,24.0,1,6,6.0,24.0,23.0,0.041666666666666664
305176,FY24,Fixed Established Subscription 12 Concert,12.0,13,30,2.3076923076923075,12.0,-1.0,1.0833333333333333
306166,FY23,Fixed Established Subscription 6 Concert,6.0,6,12,2.0,6.0,0.0,1.0
306166,FY24,Fixed Established Subscription Sunday,4.0,4,4,1.0,4.0,0.0,1.0
306309,FY24,Fixed Musician Subscription 18 Concert,18.0,1,2,2.0,18.0,17.0,0.05555555555555555
306573,FY23,Fixed Lapsed Subscription 6 Concert,6.0,3,6,1.0,6.0,3.0,0.5
306573,FY24,Fixed Established Subscription 6 Concert,6.0,3,8,2.0,6.0,3.0,0.5
306672,FY23,Fixed Established Subscription 6 Concert,6.0,6,12,2.0,6.0,0.0,1.0
306672,FY24,Fixed Established Subscription 6 Concert,6.0,6,12,2.0,6.0,0.0,1.0
310918,FY23,Fixed Established Subscription Sunday,4.0,4,9,2.25,4.0,0.0,1.0
310918,FY24,Fixed Established Subscription Sunday,4.0,4,8,2.0,4.0,0.0,1.0
311512,FY23,Fixed Lapsed Subscription Sunday,4.0,4,8,2.0,4.0,0.0,1.0
311578,FY23,Fixed Established Subscription 24 Concert,24.0,24,24,1.0,24.0,0.0,1.0
311578,FY24,Fixed Established Subscription 24 Concert,24.0,24,24,1.0,24.0,0.0,1.0
311688,FY23,Fixed Established Subscription 6 Concert,6.0,6,6,1.0,6.0,0.0,1.0
311754,FY23,Fixed Established Subscription 6 Concert,6.0,6,18,3.0,6.0,0.0,1.0
311754,FY24,Fixed Established Subscription 6 Concert,6.0,5,10,2.0,6.0,1.0,0.8333333333333334
311963,FY23,Fixed Established Subscription 6 Concert,6.0,5,10,1.0,6.0,1.0,0.8333333333333334
311963,FY24,Fixed Established Subscription 6 Concert,6.0,5,10,2.0,6.0,1.0,0.8333333333333334
312073,FY23,Fixed Established Subscription 24 Concert,24.0,22,44,1.2222222222222223,24.0,2.0,0.9166666666666666
312271,FY23,Fixed Established Subscription 12 Concert,12.0,12,24,2.0,12.0,0.0,1.0
312271,FY24,Fixed Established Subscription 12 Concert,12.0,10,20,2.0,12.0,2.0,0.8333333333333334
312315,FY23,Fixed Established Subscription 12 Concert,12.0,12,24,1.3333333333333333,12.0,0.0,1.0
312315,FY24,Fixed Established Subscription 12 Concert,12.0,12,24,1.3333333333333333,12.0,0.0,1.0
314053,FY23,Fixed Established Subscription 6 Concert,6.0,6,12,2.0,6.0,0.0,1.0
314053,FY24,Fixed Established Subscription 6 Concert,6.0,6,14,2.0,6.0,0.0,1.0
314108,FY23,Fixed Established Subscription 6 Concert,6.0,6,12,1.0,6.0,0.0,1.0
314108,FY24,Fixed Established Subscription 6 Concert,6.0,6,12,1.0,6.0,0.0,1.0
314141,FY23,Fixed Established Subscription Sunday,4.0,4,8,2.0,4.0,0.0,1.0
314163,FY23,Fixed Established Subscription 6 Concert,6.0,6,12,2.0,6.0,0.0,1.0
314482,FY23,Fixed Established Subscription 6 Concert,6.0,6,12,2.0,6.0,0.0,1.0
314482,FY24,Fixed Established Subscription 6 Concert,6.0,5,10,1.6666666666666667,6.0,1.0,0.8333333333333334
314790,FY23,Fixed Established Subscription 6 Concert,6.0,6,12,2.0,6.0,0.0,1.0
314790,FY24,Fixed Established Subscription 6 Concert,6.0,6,12,2.0,6.0,0.0,1.0
315285,FY23,Fixed Established Subscription 6 Concert,6.0,6,12,2.0,6.0,0.0,1.0
315340,FY23,Fixed Established Subscription 6 Concert,6.0,6,12,2.0,6.0,0.0,1.0
315340,FY24,Fixed Established Subscription 6 Concert,6.0,6,7,1.1666666666666667,6.0,0.0,1.0
315472,FY23,Fixed Upgrade Subscription 24 Concert,24.0,24,48,2.0,24.0,0.0,1.0
315472,FY24,Fixed Established Subscription 6 Concert,6.0,1,2,2.0,6.0,5.0,0.16666666666666666
315505,FY23,Fixed Established Subscription 18 Concert,18.0,14,18,1.0588235294117647,18.0,4.0,0.7777777777777778
315505,FY24,Fixed Established Subscription 18 Concert,18.0,13,18,1.0,18.0,5.0,0.7222222222222222
315813,FY24,Fixed Freshman Subscription 6 Concert,6.0,6,12,2.0,6.0,0.0,1.0
315967,FY23,Fixed Established Subscription 12 Concert,12.0,11,11,1.0,12.0,1.0,0.9166666666666666
315967,FY23,Fixed Freshman Subscription 24 Concert,24.0,1,1,1.0,24.0,23.0,0.041666666666666664
315967,FY24,Fixed Established Subscription 18 Concert,18.0,17,18,1.0,18.0,1.0,0.9444444444444444
316110,FY23,Fixed Established Subscription 24 Concert,24.0,23,23,1.0,24.0,1.0,0.9583333333333334
316110,FY24,Fixed Established Subscription 24 Concert,24.0,24,24,1.0,24.0,0.0,1.0
316781,FY23,Fixed Established Subscription 6 Concert,6.0,6,12,2.0,6.0,0.0,1.0
316781,FY24,Fixed Established Subscription 6 Concert,6.0,6,12,2.0,6.0,0.0,1.0
317133,FY23,Fixed Established Subscription Sunday,4.0,4,4,1.0,4.0,0.0,1.0
317133,FY24,Fixed Established Subscription Sunday,4.0,3,3,1.0,4.0,1.0,0.75
317551,FY23,Fixed Established Subscription 6 Concert,6.0,6,12,2.0,6.0,0.0,1.0
317551,FY24,Fixed Established Subscription 6 Concert,6.0,6,12,2.0,6.0,0.0,1.0
318552,FY23,Fixed Established Subscription 6 Concert,6.0,12,24,2.0,6.0,-6.0,2.0
319201,FY23,Fixed Established Subscription 6 Concert,6.0,6,12,2.0,6.0,0.0,1.0
319201,FY24,Fixed Established Subscription 6 Concert,6.0,6,12,2.0,6.0,0.0,1.0
319509,FY24,Fixed Established Subscription 6 Concert,6.0,6,18,3.0,6.0,0.0,1.0
320576,FY23,Fixed Established Subscription 6 Concert,6.0,6,12,2.0,6.0,0.0,1.0
320576,FY24,Fixed Established Subscription 6 Concert,6.0,6,12,2.0,6.0,0.0,1.0
320631,FY23,Fixed Musician Subscription 6 Concert,6.0,6,12,2.0,6.0,0.0,1.0
320631,FY24,Fixed Musician Subscription 6 Concert,6.0,6,12,2.0,6.0,0.0,1.0
322116,FY23,Fixed Established Subscription 6 Concert,6.0,6,12,2.0,6.0,0.0,1.0
322116,FY24,Fixed Established Subscription 6 Concert,6.0,6,12,2.0,6.0,0.0,1.0
322512,FY23,Fixed Freshman Subscription 6 Concert,6.0,4,5,1.0,6.0,2.0,0.6666666666666666
322512,FY24,Fixed Sophomore  Subscription Sunday,4.0,2,2,1.0,4.0,2.0,0.5
322655,FY23,Fixed Established Subscription 6 Concert,6.0,5,10,2.0,6.0,1.0,0.8333333333333334
322655,FY23,Fixed Sophomore Subscription 6 Concert,6.0,1,2,2.0,6.0,5.0,0.16666666666666666
322655,FY24,Fixed Established Subscription 6 Concert,6.0,5,9,1.8,6.0,1.0,0.8333333333333334
322710,FY24,Fixed Freshman Subscription 6 Concert,6.0,6,6,1.0,6.0,0.0,1.0
323106,FY23,Fixed Chorus Subscription 12 Concert,12.0,1,1,1.0,12.0,11.0,0.08333333333333333
323106,FY23,Fixed Chorus Subscription 6 Concert,6.0,1,1,1.0,6.0,5.0,0.16666666666666666
323304,FY23,Fixed Freshman Subscription 6 Concert,6.0,3,6,2.0,6.0,3.0,0.5
323667,FY23,Fixed Established Subscription 6 Concert,6.0,6,18,1.5,6.0,0.0,1.0
323667,FY24,Fixed Established Subscription 6 Concert,6.0,6,12,2.0,6.0,0.0,1.0
323766,FY23,Fixed Established Subscription 18 Concert,18.0,1,1,1.0,18.0,17.0,0.05555555555555555
323766,FY23,Fixed Established Subscription 24 Concert,24.0,22,22,1.0,24.0,2.0,0.9166666666666666
323766,FY23,Fixed Lapsed Subscription 24 Concert,24.0,1,1,1.0,24.0,23.0,0.041666666666666664
323766,FY24,Fixed Established Subscription 24 Concert,24.0,22,24,1.0,24.0,2.0,0.9166666666666666
325262,FY23,Fixed Lapsed Subscription 6 Concert,6.0,3,6,2.0,6.0,3.0,0.5
325515,FY23,Fixed Established Subscription 6 Concert,6.0,6,12,2.0,6.0,0.0,1.0
325515,FY24,Fixed Established Subscription 6 Concert,6.0,6,12,2.0,6.0,0.0,1.0
326175,FY23,Fixed Established Subscription 12 Concert,12.0,7,14,2.0,12.0,5.0,0.5833333333333334
326197,FY23,Fixed Established Subscription Sunday,4.0,4,8,2.0,4.0,0.0,1.0
327561,FY23,Fixed Established Subscription 6 Concert,6.0,6,12,2.0,6.0,0.0,1.0
327561,FY24,Fixed Established Subscription 6 Concert,6.0,6,12,2.0,6.0,0.0,1.0
327605,FY23,Fixed Established Subscription 24 Concert,24.0,18,36,2.0,24.0,6.0,0.75
327605,FY24,Fixed Established Subscription 24 Concert,24.0,12,23,1.9166666666666667,24.0,12.0,0.5
327649,FY23,Fixed Established Subscription 6 Concert,6.0,6,12,2.0,6.0,0.0,1.0
327649,FY24,Fixed Established Subscription 6 Concert,6.0,6,12,2.0,6.0,0.0,1.0
328012,FY23,Fixed Established Subscription 6 Concert,6.0,12,36,1.5,6.0,-6.0,2.0
328342,FY23,Fixed Established Subscription 6 Concert,6.0,5,10,2.0,6.0,1.0,0.8333333333333334
328342,FY24,Fixed Established Subscription 6 Concert,6.0,12,24,2.0,6.0,-6.0,2.0
328386,FY23,Fixed Established Subscription 24 Concert,24.0,24,48,2.0,24.0,0.0,1.0
328386,FY24,Fixed Established Subscription 24 Concert,24.0,22,45,1.9565217391304348,24.0,2.0,0.9166666666666666
329057,FY23,Fixed Upgrade Subscription 6 Concert,6.0,6,7,1.0,6.0,0.0,1.0
331664,FY23,Fixed Freshman Subscription 6 Concert,6.0,5,10,2.0,6.0,1.0,0.8333333333333334
332126,FY23,Fixed Established Subscription 6 Concert,6.0,6,12,2.0,6.0,0.0,1.0
332126,FY24,Fixed Established Subscription 6 Concert,6.0,6,12,2.0,6.0,0.0,1.0
332335,FY23,Fixed Established Subscription 6 Concert,6.0,6,12,2.0,6.0,0.0,1.0
332335,FY24,Fixed Established Subscription 6 Concert,6.0,6,12,2.0,6.0,0.0,1.0
332577,FY23,Fixed Established Subscription 12 Concert,12.0,12,12,1.0,12.0,0.0,1.0
332577,FY24,Fixed Established Subscription 12 Concert,12.0,11,12,1.0,12.0,1.0,0.9166666666666666
332577,FY24,Fixed Established Subscription 6 Concert,6.0,1,1,1.0,6.0,5.0,0.16666666666666666
333204,FY23,Fixed Established Subscription 6 Concert,6.0,12,12,1.0,6.0,-6.0,2.0
333204,FY24,Fixed Established Subscription 6 Concert,6.0,11,12,1.0909090909090908,6.0,-5.0,1.8333333333333333
333611,FY23,Fixed Established Subscription Sunday,4.0,4,8,2.0,4.0,0.0,1.0
333611,FY24,Fixed Established Subscription Sunday,4.0,4,8,2.0,4.0,0.0,1.0
333919,FY23,Fixed Established Subscription 12 Concert,12.0,12,24,2.0,12.0,0.0,1.0
333919,FY24,Fixed Established Subscription 12 Concert,12.0,12,24,1.8461538461538463,12.0,0.0,1.0
334029,FY23,Fixed Established Subscription 6 Concert,6.0,7,24,3.4285714285714284,6.0,-1.0,1.1666666666666667
334029,FY24,Fixed Established Subscription 6 Concert,6.0,7,24,3.4285714285714284,6.0,-1.0,1.1666666666666667
334161,FY23,Fixed Established Subscription 6 Concert,6.0,5,10,2.0,6.0,1.0,0.8333333333333334
334161,FY24,Fixed Established Subscription 6 Concert,6.0,6,12,2.0,6.0,0.0,1.0
334282,FY23,Fixed Chorus Subscription 12 Concert,12.0,4,8,2.0,12.0,8.0,0.3333333333333333
334392,FY23,Fixed Established Subscription 6 Concert,6.0,6,12,2.0,6.0,0.0,1.0
334392,FY24,Fixed Established Subscription 6 Concert,6.0,6,12,2.0,6.0,0.0,1.0
335415,FY23,Fixed Established Subscription 6 Concert,6.0,5,12,2.0,6.0,1.0,0.8333333333333334
335415,FY24,Fixed Established Subscription 6 Concert,6.0,4,12,2.0,6.0,2.0,0.6666666666666666
335426,FY23,Fixed Freshman Subscription 18 Concert,18.0,18,36,2.0,18.0,0.0,1.0
335481,FY23,Fixed Lapsed Subscription 6 Concert,6.0,6,12,2.0,6.0,0.0,1.0
335481,FY24,Fixed Established Subscription 6 Concert,6.0,6,12,2.0,6.0,0.0,1.0
335492,FY23,Fixed Sophomore Subscription 24 Concert,24.0,24,24,1.0,24.0,0.0,1.0
335998,FY23,Fixed Established Subscription 6 Concert,6.0,6,6,1.0,6.0,0.0,1.0
335998,FY24,Fixed Established Subscription 6 Concert,6.0,6,6,1.0,6.0,0.0,1.0
336097,FY23,Fixed Established Subscription 6 Concert,6.0,6,6,1.0,6.0,0.0,1.0
336097,FY24,Fixed Established Subscription 12 Concert,12.0,1,1,1.0,12.0,11.0,0.08333333333333333
336097,FY24,Fixed Established Subscription 6 Concert,6.0,5,5,1.0,6.0,1.0,0.8333333333333334
336328,FY23,Fixed Established Subscription 6 Concert,6.0,6,12,1.0,6.0,0.0,1.0
336328,FY24,Fixed Established Subscription 6 Concert,6.0,5,9,1.0,6.0,1.0,0.8333333333333334
336394,FY23,Fixed Established Subscription 6 Concert,6.0,6,12,2.0,6.0,0.0,1.0
336394,FY24,Fixed Freshman Subscription 6 Concert,6.0,6,12,2.0,6.0,0.0,1.0
336592,FY23,Fixed Established Subscription 12 Concert,12.0,12,24,1.411764705882353,12.0,0.0,1.0
336592,FY24,Fixed Established Subscription 12 Concert,12.0,12,24,2.0,12.0,0.0,1.0
336933,FY23,Fixed Upgrade Subscription 12 Concert,12.0,11,22,2.0,12.0,1.0,0.9166666666666666
336933,FY23,Fixed Upgrade Subscription 6 Concert,6.0,1,2,2.0,6.0,5.0,0.16666666666666666
336933,FY24,Fixed Established Subscription 12 Concert,12.0,11,23,1.9166666666666667,12.0,1.0,0.9166666666666666
337945,FY23,Fixed Established Subscription 12 Concert,12.0,12,24,2.0,12.0,0.0,1.0
337945,FY24,Fixed Established Subscription 12 Concert,12.0,12,24,2.0,12.0,0.0,1.0
338187,FY23,Fixed Freshman Subscription Sunday,4.0,1,1,1.0,4.0,3.0,0.25
338187,FY23,Fixed Sophomore  Subscription Sunday,4.0,3,3,1.0,4.0,1.0,0.75
338187,FY24,Fixed Chorus Subscription 6 Concert,6.0,4,4,1.0,6.0,2.0,0.6666666666666666
338561,FY23,Fixed Established Subscription 6 Concert,6.0,6,12,2.0,6.0,0.0,1.0
338561,FY24,Fixed Established Subscription 6 Concert,6.0,6,12,2.0,6.0,0.0,1.0
338836,FY23,Fixed Sophomore Subscription 6 Concert,6.0,6,12,2.0,6.0,0.0,1.0
338836,FY24,Fixed Established Subscription 6 Concert,6.0,6,12,2.0,6.0,0.0,1.0
339100,FY23,Fixed Established Subscription 6 Concert,6.0,6,24,1.7142857142857142,6.0,0.0,1.0
339100,FY24,Fixed Established Subscription 6 Concert,6.0,7,24,2.6666666666666665,6.0,-1.0,1.1666666666666667
339177,FY23,Fixed Established Subscription 6 Concert,6.0,6,6,1.0,6.0,0.0,1.0
339177,FY24,Fixed Established Subscription 6 Concert,6.0,6,6,1.0,6.0,0.0,1.0
339254,FY23,Fixed Established Subscription 6 Concert,6.0,6,12,2.0,6.0,0.0,1.0
339254,FY24,Fixed Chorus Subscription 6 Concert,6.0,5,10,2.0,6.0,1.0,0.8333333333333334
339254,FY24,Fixed Sophomore Subscription 6 Concert,6.0,1,2,2.0,6.0,5.0,0.16666666666666666
339507,FY23,Fixed Established Subscription 6 Concert,6.0,12,17,1.0,6.0,-6.0,2.0
339507,FY24,Fixed Established Subscription 12 Concert,12.0,7,12,1.5,12.0,5.0,0.5833333333333334
340519,FY23,Fixed Established Subscription 6 Concert,6.0,6,12,2.0,6.0,0.0,1.0
340519,FY24,Fixed Established Subscription 6 Concert,6.0,6,12,2.0,6.0,0.0,1.0
341520,FY23,Fixed Established Subscription 6 Concert,6.0,7,14,2.0,6.0,-1.0,1.1666666666666667
341520,FY24,Fixed Established Subscription 6 Concert,6.0,11,23,2.090909090909091,6.0,-5.0,1.8333333333333333
341729,FY23,Fixed Lapsed Subscription 6 Concert,6.0,6,12,2.0,6.0,0.0,1.0
341729,FY24,Fixed Established Subscription 6 Concert,6.0,6,12,2.0,6.0,0.0,1.0
341806,FY24,Fixed Lapsed Subscription 6 Concert,6.0,6,12,2.0,6.0,0.0,1.0
341839,FY23,Fixed Established Subscription 6 Concert,6.0,6,12,2.0,6.0,0.0,1.0
341839,FY24,Fixed Established Subscription 6 Concert,6.0,6,12,2.0,6.0,0.0,1.0
341872,FY23,Fixed Established Subscription 6 Concert,6.0,6,6,1.0,6.0,0.0,1.0
341872,FY24,Fixed Established Subscription 6 Concert,6.0,6,6,1.0,6.0,0.0,1.0
341905,FY23,Fixed Established Subscription 6 Concert,6.0,6,12,2.0,6.0,0.0,1.0
341905,FY24,Fixed Established Subscription 6 Concert,6.0,5,10,2.0,6.0,1.0,0.8333333333333334
342070,FY23,Fixed Established Subscription 6 Concert,6.0,6,12,2.0,6.0,0.0,1.0
342070,FY24,Fixed Established Subscription 6 Concert,6.0,6,12,2.0,6.0,0.0,1.0
343566,FY23,Fixed Lapsed Subscription 6 Concert,6.0,4,8,2.0,6.0,2.0,0.6666666666666666
343632,FY23,Fixed Established Subscription 6 Concert,6.0,6,12,2.0,6.0,0.0,1.0
343632,FY24,Fixed Established Subscription 6 Concert,6.0,6,12,2.0,6.0,0.0,1.0
344116,FY24,Fixed Lapsed Subscription 6 Concert,6.0,6,12,2.0,6.0,0.0,1.0
344204,FY23,Fixed Established Subscription 6 Concert,6.0,6,12,2.0,6.0,0.0,1.0
344204,FY24,Fixed Established Subscription 6 Concert,6.0,6,12,2.0,6.0,0.0,1.0
344578,FY23,Fixed Established Subscription 6 Concert,6.0,6,12,2.0,6.0,0.0,1.0
344578,FY24,Fixed Established Subscription 6 Concert,6.0,7,12,1.7142857142857142,6.0,-1.0,1.1666666666666667
346613,FY23,Fixed Established Subscription Sunday,4.0,2,6,2.0,4.0,2.0,0.5
346613,FY24,Fixed Established Subscription Sunday,4.0,4,8,2.0,4.0,0.0,1.0
347251,FY23,Fixed Sophomore Subscription 6 Concert,6.0,6,12,1.0,6.0,0.0,1.0
347251,FY24,Fixed Established Subscription 6 Concert,6.0,6,12,2.0,6.0,0.0,1.0
347845,FY23,Fixed Established Subscription 6 Concert,6.0,6,12,2.0,6.0,0.0,1.0
347845,FY24,Fixed Established Subscription 6 Concert,6.0,6,12,2.0,6.0,0.0,1.0
347922,FY23,Fixed Established Subscription 6 Concert,6.0,6,12,2.0,6.0,0.0,1.0
347922,FY24,Fixed Established Subscription 6 Concert,6.0,6,12,2.0,6.0,0.0,1.0
348164,FY23,Fixed Established Subscription 6 Concert,6.0,4,8,2.0,6.0,2.0,0.6666666666666666
348164,FY24,Fixed Established Subscription 6 Concert,6.0,6,12,2.0,6.0,0.0,1.0
348274,FY23,Fixed Established Subscription 6 Concert,6.0,6,12,2.0,6.0,0.0,1.0
348274,FY24,Fixed Established Subscription 6 Concert,6.0,6,12,2.0,6.0,0.0,1.0
348285,FY23,Fixed Established Subscription 6 Concert,6.0,4,12,3.0,6.0,2.0,0.6666666666666666
348285,FY24,Fixed Established Subscription 6 Concert,6.0,6,18,3.0,6.0,0.0,1.0
349077,FY23,Fixed Established Subscription 6 Concert,6.0,6,12,2.0,6.0,0.0,1.0
349077,FY24,Fixed Established Subscription 6 Concert,6.0,6,12,2.0,6.0,0.0,1.0
349165,FY23,Fixed Established Subscription Sunday,4.0,3,3,1.0,4.0,1.0,0.75
349572,FY23,Fixed Established Subscription 6 Concert,6.0,6,12,2.0,6.0,0.0,1.0
349572,FY24,Fixed Established Subscription 6 Concert,6.0,6,12,2.0,6.0,0.0,1.0
349847,FY23,Fixed Established Subscription Sunday,4.0,4,8,2.0,4.0,0.0,1.0
349847,FY24,Fixed Established Subscription 6 Concert,6.0,6,6,1.0,6.0,0.0,1.0
351684,FY24,Fixed Chorus Subscription 6 Concert,6.0,1,2,2.0,6.0,5.0,0.16666666666666666
351750,FY23,Fixed Established Subscription 6 Concert,6.0,3,6,2.0,6.0,3.0,0.5
351860,FY23,Fixed Established Subscription 6 Concert,6.0,6,12,2.0,6.0,0.0,1.0
351860,FY24,Fixed Established Subscription 6 Concert,6.0,6,12,2.0,6.0,0.0,1.0
352091,FY23,Fixed Established Subscription 12 Concert,12.0,11,22,2.0,12.0,1.0,0.9166666666666666
352091,FY24,Fixed Established Subscription 12 Concert,12.0,11,22,2.0,12.0,1.0,0.9166666666666666
352685,FY23,Fixed Established Subscription 12 Concert,12.0,12,24,2.0,12.0,0.0,1.0
352685,FY24,Fixed Established Subscription 12 Concert,12.0,12,24,2.0,12.0,0.0,1.0
352740,FY24,Fixed Established Subscription 24 Concert,24.0,1,1,1.0,24.0,23.0,0.041666666666666664
352740,FY24,Fixed Upgrade Subscription 24 Concert,24.0,21,28,1.2727272727272727,24.0,3.0,0.875
354071,FY23,Fixed Established Subscription 6 Concert,6.0,4,8,2.0,6.0,2.0,0.6666666666666666
354115,FY23,Fixed Established Subscription 24 Concert,24.0,21,43,1.9545454545454546,24.0,3.0,0.875
354115,FY24,Fixed Established Subscription 18 Concert,18.0,1,2,2.0,18.0,17.0,0.05555555555555555
354115,FY24,Fixed Established Subscription 24 Concert,24.0,22,44,2.0,24.0,2.0,0.9166666666666666
354390,FY23,Fixed Established Subscription 6 Concert,6.0,6,6,1.0,6.0,0.0,1.0
354390,FY24,Fixed Freshman Subscription 6 Concert,6.0,6,6,1.0,6.0,0.0,1.0
354896,FY23,Fixed Chorus Subscription 6 Concert,6.0,10,20,2.0,6.0,-4.0,1.6666666666666667
354896,FY23,Fixed Lapsed Subscription 6 Concert,6.0,1,1,1.0,6.0,5.0,0.16666666666666666
354896,FY24,Fixed Chorus Subscription 6 Concert,6.0,8,16,2.0,6.0,-2.0,1.3333333333333333
354896,FY24,Fixed Sophomore Subscription 6 Concert,6.0,3,6,2.0,6.0,3.0,0.5
354896,FY24,Fixed Upgrade Subscription 6 Concert,6.0,1,2,2.0,6.0,5.0,0.16666666666666666
356304,FY23,Fixed Established Subscription 24 Concert,24.0,25,48,1.92,24.0,-1.0,1.0416666666666667
356304,FY24,Fixed Established Subscription 24 Concert,24.0,23,46,2.0,24.0,1.0,0.9583333333333334
356491,FY23,Fixed Freshman Subscription 6 Concert,6.0,6,12,2.0,6.0,0.0,1.0
356546,FY23,Fixed Established Subscription 6 Concert,6.0,5,10,1.0,6.0,1.0,0.8333333333333334
356546,FY24,Fixed Established Subscription 6 Concert,6.0,4,8,2.0,6.0,2.0,0.6666666666666666
356557,FY23,Fixed Established Subscription 24 Concert,24.0,12,14,1.0,24.0,12.0,0.5
356557,FY24,Fixed Established Subscription 6 Concert,6.0,16,23,1.0,6.0,-10.0,2.6666666666666665
356700,FY23,Fixed Established Subscription 6 Concert,6.0,6,12,1.7142857142857142,6.0,0.0,1.0
356700,FY24,Fixed Established Subscription 6 Concert,6.0,6,12,2.0,6.0,0.0,1.0
356843,FY23,Fixed Established Subscription 12 Concert,12.0,10,20,2.0,12.0,2.0,0.8333333333333334
356843,FY24,Fixed Established Subscription Sunday,4.0,4,8,2.0,4.0,0.0,1.0
357140,FY23,Fixed Established Subscription 6 Concert,6.0,10,12,1.0,6.0,-4.0,1.6666666666666667
357140,FY24,Fixed Established Subscription 6 Concert,6.0,12,12,1.0,6.0,-6.0,2.0
357316,FY23,Fixed Lapsed Subscription Sunday,4.0,2,2,1.0,4.0,2.0,0.5
357316,FY23,Fixed Sophomore Subscription 18 Concert,18.0,1,1,1.0,18.0,17.0,0.05555555555555555
357327,FY23,Fixed Established Subscription 6 Concert,6.0,6,12,1.0,6.0,0.0,1.0
357327,FY24,Fixed Established Subscription 6 Concert,6.0,6,12,2.0,6.0,0.0,1.0
357844,FY24,Fixed Freshman Subscription 6 Concert,6.0,6,6,1.0,6.0,0.0,1.0
358185,FY23,Fixed Established Subscription 6 Concert,6.0,6,12,2.0,6.0,0.0,1.0
358185,FY24,Fixed Established Subscription 6 Concert,6.0,6,12,2.0,6.0,0.0,1.0
358207,FY23,Fixed Established Subscription 24 Concert,24.0,24,48,2.0,24.0,0.0,1.0
358207,FY24,Fixed Established Subscription 24 Concert,24.0,20,44,2.0952380952380953,24.0,4.0,0.8333333333333334
358724,FY23,Fixed Established Subscription 12 Concert,12.0,18,21,1.05,12.0,-6.0,1.5
358724,FY23,Fixed Established Subscription 6 Concert,6.0,1,1,1.0,6.0,5.0,0.16666666666666666
358724,FY24,Fixed Established Subscription 12 Concert,12.0,20,24,1.0434782608695652,12.0,-8.0,1.6666666666666667
358933,FY23,Fixed Established Subscription 6 Concert,6.0,6,11,1.0,6.0,0.0,1.0
358933,FY24,Fixed Established Subscription 6 Concert,6.0,6,12,2.0,6.0,0.0,1.0
360781,FY23,Fixed Established Subscription 24 Concert,24.0,23,23,1.0,24.0,1.0,0.9583333333333334
360781,FY24,Fixed Established Subscription 24 Concert,24.0,20,34,1.2142857142857142,24.0,4.0,0.8333333333333334
361562,FY23,Fixed Lapsed Subscription 6 Concert,6.0,6,12,2.0,6.0,0.0,1.0
362310,FY23,Fixed Established Subscription 6 Concert,6.0,6,12,2.0,6.0,0.0,1.0
362310,FY24,Fixed Established Subscription 6 Concert,6.0,4,8,2.0,6.0,2.0,0.6666666666666666
362618,FY23,Fixed Established Subscription 12 Concert,12.0,12,24,2.0,12.0,0.0,1.0
362618,FY24,Fixed Established Subscription 12 Concert,12.0,12,24,2.0,12.0,0.0,1.0
363179,FY23,Fixed Established Subscription 6 Concert,6.0,6,12,2.0,6.0,0.0,1.0
363179,FY24,Fixed Established Subscription 6 Concert,6.0,6,12,2.0,6.0,0.0,1.0
363212,FY23,Fixed Established Subscription 6 Concert,6.0,6,12,2.0,6.0,0.0,1.0
363212,FY24,Fixed Established Subscription 6 Concert,6.0,6,12,2.0,6.0,0.0,1.0
363773,FY23,Fixed Sophomore Subscription 6 Concert,6.0,6,6,1.0,6.0,0.0,1.0
363773,FY24,Fixed Established Subscription 6 Concert,6.0,6,6,1.0,6.0,0.0,1.0
364554,FY23,Fixed Established Subscription 12 Concert,12.0,9,18,2.0,12.0,3.0,0.75
364565,FY23,Fixed Established Subscription 6 Concert,6.0,6,12,2.0,6.0,0.0,1.0
364565,FY24,Fixed Established Subscription 6 Concert,6.0,6,11,1.8333333333333333,6.0,0.0,1.0
365412,FY23,Fixed Established Subscription 24 Concert,24.0,2,2,1.0,24.0,22.0,0.08333333333333333
365808,FY23,Fixed Established Subscription 6 Concert,6.0,6,6,1.0,6.0,0.0,1.0
365808,FY24,Fixed Established Subscription Sunday,4.0,4,5,1.0,4.0,0.0,1.0
365940,FY24,Fixed Freshman Subscription 6 Concert,6.0,6,6,1.0,6.0,0.0,1.0
366578,FY23,Fixed Established Subscription 6 Concert,6.0,6,12,2.0,6.0,0.0,1.0
366578,FY24,Fixed Established Subscription 6 Concert,6.0,6,12,2.0,6.0,0.0,1.0
367436,FY23,Fixed Chorus Subscription 6 Concert,6.0,2,6,3.0,6.0,4.0,0.3333333333333333
367436,FY23,Fixed Sophomore Subscription 6 Concert,6.0,4,12,3.0,6.0,2.0,0.6666666666666666
368470,FY23,Fixed Established Subscription 24 Concert,24.0,1,2,2.0,24.0,23.0,0.041666666666666664
369922,FY23,Fixed Established Subscription 6 Concert,6.0,6,12,2.0,6.0,0.0,1.0
369922,FY24,Fixed Established Subscription 6 Concert,6.0,6,12,2.0,6.0,0.0,1.0
371792,FY23,Fixed Established Subscription 6 Concert,6.0,6,12,2.0,6.0,0.0,1.0
371792,FY24,Fixed Established Subscription 6 Concert,6.0,6,12,2.0,6.0,0.0,1.0
375103,FY24,Fixed Freshman Subscription Sunday,4.0,4,8,2.0,4.0,0.0,1.0
378634,FY23,Fixed Established Subscription 24 Concert,24.0,17,34,2.0,24.0,7.0,0.7083333333333334
378634,FY24,Fixed Established Subscription 24 Concert,24.0,17,44,2.2,24.0,7.0,0.7083333333333334
378766,FY23,Fixed Established Subscription 6 Concert,6.0,6,12,2.0,6.0,0.0,1.0
378766,FY24,Fixed Established Subscription 6 Concert,6.0,6,12,2.0,6.0,0.0,1.0
378843,FY23,Fixed Established Subscription 6 Concert,6.0,6,12,2.0,6.0,0.0,1.0
379316,FY23,Fixed Sophomore Subscription 6 Concert,6.0,6,12,2.0,6.0,0.0,1.0
379316,FY24,Fixed Established Subscription 6 Concert,6.0,6,12,2.0,6.0,0.0,1.0
379657,FY23,Fixed Established Subscription 24 Concert,24.0,24,48,1.92,24.0,0.0,1.0
379657,FY24,Fixed Established Subscription 24 Concert,24.0,24,48,1.7142857142857142,24.0,0.0,1.0
380856,FY23,Fixed Established Subscription 6 Concert,6.0,6,12,1.7142857142857142,6.0,0.0,1.0
380856,FY24,Fixed Established Subscription 6 Concert,6.0,5,12,2.0,6.0,1.0,0.8333333333333334
380955,FY24,Fixed Sophomore Subscription 6 Concert,6.0,6,12,2.0,6.0,0.0,1.0
384761,FY23,Fixed Chorus Subscription 6 Concert,6.0,1,2,2.0,6.0,5.0,0.16666666666666666
384805,FY23,Fixed Established Subscription 6 Concert,6.0,6,12,2.0,6.0,0.0,1.0
384805,FY24,Fixed Established Subscription 6 Concert,6.0,6,12,2.0,6.0,0.0,1.0
386862,FY24,Fixed Upgrade Subscription 6 Concert,6.0,6,12,2.0,6.0,0.0,1.0
386950,FY23,Fixed Established Subscription 6 Concert,6.0,6,24,4.0,6.0,0.0,1.0
387885,FY23,Fixed Established Subscription Sunday,4.0,4,8,2.0,4.0,0.0,1.0
387885,FY24,Fixed Established Subscription Sunday,4.0,4,9,2.25,4.0,0.0,1.0
390349,FY23,Fixed Lapsed Subscription 6 Concert,6.0,4,4,1.0,6.0,2.0,0.6666666666666666
390349,FY23,Fixed Sophomore Subscription 6 Concert,6.0,1,1,1.0,6.0,5.0,0.16666666666666666
390349,FY24,Fixed Established Subscription 6 Concert,6.0,6,6,1.0,6.0,0.0,1.0
393858,FY23,Fixed Established Subscription 6 Concert,6.0,5,12,2.0,6.0,1.0,0.8333333333333334
393858,FY24,Fixed Established Subscription 6 Concert,6.0,6,12,2.0,6.0,0.0,1.0
394738,FY23,Fixed Freshman Subscription Sunday,4.0,4,8,2.0,4.0,0.0,1.0
395959,FY23,Fixed Lapsed Subscription 6 Concert,6.0,6,12,2.0,6.0,0.0,1.0
402603,FY23,Fixed Established Subscription 6 Concert,6.0,6,6,1.0,6.0,0.0,1.0
402603,FY24,Fixed Established Subscription 6 Concert,6.0,5,5,1.0,6.0,1.0,0.8333333333333334
404022,FY23,Fixed Established Subscription 6 Concert,6.0,6,12,2.0,6.0,0.0,1.0
404022,FY24,Fixed Established Subscription 6 Concert,6.0,6,12,2.0,6.0,0.0,1.0
405111,FY23,Fixed Established Subscription 6 Concert,6.0,6,6,1.0,6.0,0.0,1.0
405111,FY24,Fixed Established Subscription 6 Concert,6.0,6,6,1.0,6.0,0.0,1.0
406211,FY23,Fixed Established Subscription 6 Concert,6.0,6,6,1.0,6.0,0.0,1.0
406211,FY24,Fixed Established Subscription 6 Concert,6.0,6,6,1.0,6.0,0.0,1.0
409225,FY23,Fixed Established Subscription 12 Concert,12.0,12,24,1.6,12.0,0.0,1.0
409742,FY23,Fixed Lapsed Subscription Sunday,4.0,4,8,2.0,4.0,0.0,1.0
412503,FY24,Fixed Freshman Subscription 6 Concert,6.0,5,10,2.0,6.0,1.0,0.8333333333333334
412646,FY23,Fixed Freshman Subscription 6 Concert,6.0,6,12,2.0,6.0,0.0,1.0
413548,FY24,Fixed Sophomore Subscription 6 Concert,6.0,6,13,2.1666666666666665,6.0,0.0,1.0
414714,FY23,Fixed Established Subscription 18 Concert,18.0,18,36,2.0,18.0,0.0,1.0
414714,FY24,Fixed Established Subscription 18 Concert,18.0,18,36,2.0,18.0,0.0,1.0
417607,FY23,Fixed Established Subscription 18 Concert,18.0,17,34,2.0,18.0,1.0,0.9444444444444444
417607,FY24,Fixed Established Subscription 18 Concert,18.0,18,38,2.111111111111111,18.0,0.0,1.0
417607,FY24,Fixed Freshman Subscription 6 Concert,6.0,1,2,2.0,6.0,5.0,0.16666666666666666
418124,FY23,Fixed Chorus Subscription 12 Concert,12.0,1,1,1.0,12.0,11.0,0.08333333333333333
418124,FY23,Fixed Established Subscription 6 Concert,6.0,6,12,1.0,6.0,0.0,1.0
418124,FY24,Fixed Established Subscription 6 Concert,6.0,6,12,1.7142857142857142,6.0,0.0,1.0
418410,FY23,Fixed Established Subscription 6 Concert,6.0,6,12,2.0,6.0,0.0,1.0
418410,FY24,Fixed Established Subscription 6 Concert,6.0,5,10,2.0,6.0,1.0,0.8333333333333334
423173,FY23,Fixed Established Subscription 6 Concert,6.0,5,12,2.4,6.0,1.0,0.8333333333333334
427617,FY23,Fixed Established Subscription 6 Concert,6.0,6,12,2.0,6.0,0.0,1.0
427617,FY24,Fixed Established Subscription 6 Concert,6.0,6,12,2.0,6.0,0.0,1.0
429564,FY23,Fixed Established Subscription 6 Concert,6.0,6,12,2.0,6.0,0.0,1.0
429564,FY24,Fixed Established Subscription 6 Concert,6.0,6,12,2.0,6.0,0.0,1.0
430224,FY23,Fixed Established Subscription 6 Concert,6.0,5,11,1.8333333333333333,6.0,1.0,0.8333333333333334
430224,FY24,Fixed Established Subscription 6 Concert,6.0,6,12,1.7142857142857142,6.0,0.0,1.0
430532,FY24,Fixed Freshman Subscription 6 Concert,6.0,7,24,2.6666666666666665,6.0,-1.0,1.1666666666666667
431181,FY23,Fixed Established Subscription Sunday,4.0,4,4,1.0,4.0,0.0,1.0
431181,FY24,Fixed Established Subscription Sunday,4.0,4,4,1.0,4.0,0.0,1.0
439376,FY23,Fixed Established Subscription Sunday,4.0,4,8,2.0,4.0,0.0,1.0
439376,FY24,Fixed Established Subscription 6 Concert,6.0,6,12,2.0,6.0,0.0,1.0
439376,FY24,Fixed Established Subscription Sunday,4.0,4,8,2.0,4.0,0.0,1.0
439519,FY23,Fixed Sophomore Subscription 6 Concert,6.0,6,12,2.0,6.0,0.0,1.0
440641,FY23,Fixed Lapsed Subscription 6 Concert,6.0,5,12,1.7142857142857142,6.0,1.0,0.8333333333333334
440652,FY23,Fixed Sophomore  Subscription Sunday,4.0,4,8,2.0,4.0,0.0,1.0
446064,FY23,Fixed Established Subscription 6 Concert,6.0,6,12,2.0,6.0,0.0,1.0
446064,FY24,Fixed Established Subscription 6 Concert,6.0,6,12,2.0,6.0,0.0,1.0
448110,FY23,Fixed Established Subscription Sunday,4.0,4,4,1.0,4.0,0.0,1.0
448110,FY24,Fixed Established Subscription Sunday,4.0,4,4,1.0,4.0,0.0,1.0
449166,FY24,Fixed Lapsed Subscription 6 Concert,6.0,3,4,1.0,6.0,3.0,0.5
450024,FY23,Fixed Established Subscription Sunday,4.0,3,6,2.0,4.0,1.0,0.75
450024,FY24,Fixed Established Subscription Sunday,4.0,4,8,2.0,4.0,0.0,1.0
454754,FY23,Fixed Established Subscription 24 Concert,24.0,9,12,1.0,24.0,15.0,0.375
454754,FY24,Fixed Established Subscription 24 Concert,24.0,15,21,1.1666666666666667,24.0,9.0,0.625
456569,FY23,Fixed Established Subscription 6 Concert,6.0,12,24,2.0,6.0,-6.0,2.0
456569,FY24,Fixed Established Subscription 6 Concert,6.0,17,24,1.411764705882353,6.0,-11.0,2.8333333333333335
457570,FY24,Fixed Freshman Subscription Sunday,4.0,4,8,2.0,4.0,0.0,1.0
458813,FY23,Fixed Established Subscription 6 Concert,6.0,6,6,1.0,6.0,0.0,1.0
458813,FY24,Fixed Established Subscription 6 Concert,6.0,6,6,1.0,6.0,0.0,1.0
459803,FY23,Fixed Established Subscription 6 Concert,6.0,6,12,2.0,6.0,0.0,1.0
459803,FY24,Fixed Established Subscription 6 Concert,6.0,6,12,2.0,6.0,0.0,1.0
461519,FY24,Fixed Freshman Subscription Sunday,4.0,4,8,2.0,4.0,0.0,1.0
462333,FY23,Fixed Established Subscription Sunday,4.0,2,4,1.3333333333333333,4.0,2.0,0.5
462333,FY24,Fixed Established Subscription Sunday,4.0,2,4,2.0,4.0,2.0,0.5
467558,FY23,Fixed Freshman Subscription Sunday,4.0,4,8,2.0,4.0,0.0,1.0
472343,FY23,Fixed Established Subscription 24 Concert,24.0,18,36,2.0,24.0,6.0,0.75
472343,FY24,Fixed Established Subscription 24 Concert,24.0,21,42,2.0,24.0,3.0,0.875
472486,FY24,Fixed Freshman Subscription Sunday,4.0,4,8,2.0,4.0,0.0,1.0
475544,FY23,Fixed Established Subscription 6 Concert,6.0,6,12,2.0,6.0,0.0,1.0
475544,FY24,Fixed Established Subscription 6 Concert,6.0,6,12,2.0,6.0,0.0,1.0
475643,FY24,Fixed Established Subscription 6 Concert,6.0,24,24,1.0,6.0,-18.0,4.0
476567,FY23,Fixed Established Subscription 6 Concert,6.0,6,12,2.0,6.0,0.0,1.0
476567,FY24,Fixed Established Subscription 6 Concert,6.0,6,12,2.0,6.0,0.0,1.0
483475,FY23,Fixed Lapsed Subscription Sunday,4.0,3,6,2.0,4.0,1.0,0.75
489492,FY23,Fixed Upgrade Subscription 12 Concert,12.0,12,24,2.0,12.0,0.0,1.0
489492,FY24,Fixed Established Subscription 6 Concert,6.0,11,22,2.0,6.0,-5.0,1.8333333333333333
490141,FY23,Fixed Established Subscription Sunday,4.0,3,10,2.5,4.0,1.0,0.75
492308,FY23,Fixed Established Subscription 6 Concert,6.0,6,12,2.0,6.0,0.0,1.0
497709,FY24,Fixed Freshman Subscription 6 Concert,6.0,6,12,2.0,6.0,0.0,1.0
498138,FY24,Fixed Established Subscription 6 Concert,6.0,6,12,2.0,6.0,0.0,1.0
500910,FY24,Fixed Established Subscription Sunday,4.0,3,55,4.583333333333333,4.0,1.0,0.75
501361,FY23,Fixed Established Subscription 6 Concert,6.0,6,12,2.0,6.0,0.0,1.0
508115,FY23,Fixed Established Subscription Sunday,4.0,4,8,2.0,4.0,0.0,1.0
509589,FY23,Fixed Established Subscription 6 Concert,6.0,6,12,2.0,6.0,0.0,1.0
509589,FY24,Fixed Established Subscription 6 Concert,6.0,6,12,2.0,6.0,0.0,1.0
520523,FY23,Fixed Established Subscription 6 Concert,6.0,6,12,2.0,6.0,0.0,1.0
520523,FY24,Fixed Established Subscription 6 Concert,6.0,6,12,2.0,6.0,0.0,1.0
523922,FY23,Fixed Freshman Subscription 6 Concert,6.0,6,12,2.0,6.0,0.0,1.0
523922,FY24,Fixed Sophomore Subscription 6 Concert,6.0,6,12,2.0,6.0,0.0,1.0
526254,FY23,Fixed Established Subscription 6 Concert,6.0,6,12,2.0,6.0,0.0,1.0
526254,FY24,Fixed Established Subscription 6 Concert,6.0,6,12,2.0,6.0,0.0,1.0
526782,FY23,Fixed Sophomore Subscription 12 Concert,12.0,12,24,2.0,12.0,0.0,1.0
526782,FY24,Fixed Established Subscription 6 Concert,6.0,12,24,2.0,6.0,-6.0,2.0
527607,FY24,Fixed Freshman Subscription Sunday,4.0,4,8,2.0,4.0,0.0,1.0
530126,FY23,Fixed Established Subscription 6 Concert,6.0,6,12,2.0,6.0,0.0,1.0
530126,FY24,Fixed Established Subscription 6 Concert,6.0,6,12,2.0,6.0,0.0,1.0
542017,FY23,Fixed Established Subscription 6 Concert,6.0,6,12,2.0,6.0,0.0,1.0
542017,FY24,Fixed Established Subscription 6 Concert,6.0,6,12,2.0,6.0,0.0,1.0
550465,FY23,Fixed Established Subscription 6 Concert,6.0,6,6,1.0,6.0,0.0,1.0
550465,FY24,Fixed Established Subscription 6 Concert,6.0,6,6,1.0,6.0,0.0,1.0
551895,FY23,Fixed Sophomore  Subscription Sunday,4.0,3,6,2.0,4.0,1.0,0.75
558517,FY23,Fixed Lapsed Subscription 6 Concert,6.0,3,6,1.5,6.0,3.0,0.5
561465,FY24,Fixed Sophomore Subscription 6 Concert,6.0,6,12,1.7142857142857142,6.0,0.0,1.0
562510,FY23,Fixed Lapsed Subscription 6 Concert,6.0,6,12,2.0,6.0,0.0,1.0
567163,FY23,Fixed Established Subscription 6 Concert,6.0,6,12,2.0,6.0,0.0,1.0
567163,FY24,Fixed Established Subscription 6 Concert,6.0,6,12,2.0,6.0,0.0,1.0
571893,FY24,Fixed Sophomore Subscription 6 Concert,6.0,4,8,2.0,6.0,2.0,0.6666666666666666
573598,FY24,Fixed Freshman Subscription 24 Concert,24.0,24,24,1.0,24.0,0.0,1.0
574973,FY23,Fixed Lapsed Subscription Sunday,4.0,4,12,3.0,4.0,0.0,1.0
588052,FY23,Fixed Freshman Subscription Sunday,4.0,4,16,4.0,4.0,0.0,1.0
600174,FY23,Fixed Established Subscription 6 Concert,6.0,6,6,1.0,6.0,0.0,1.0
600174,FY24,Fixed Established Subscription 6 Concert,6.0,6,6,1.0,6.0,0.0,1.0
607995,FY23,Fixed Established Subscription 6 Concert,6.0,6,12,1.0,6.0,0.0,1.0
608424,FY23,Fixed Freshman Subscription 6 Concert,6.0,6,12,2.0,6.0,0.0,1.0
620799,FY23,Fixed Established Subscription 6 Concert,6.0,6,12,1.7142857142857142,6.0,0.0,1.0
620799,FY24,Fixed Established Subscription 6 Concert,6.0,6,12,1.2,6.0,0.0,1.0
625782,FY23,Fixed Freshman Subscription Sunday,4.0,4,8,1.6,4.0,0.0,1.0
635132,FY23,Fixed Established Subscription 6 Concert,6.0,6,12,2.0,6.0,0.0,1.0
635132,FY24,Fixed Established Subscription 6 Concert,6.0,6,12,2.0,6.0,0.0,1.0
637497,FY23,Fixed Established Subscription Sunday,4.0,3,6,2.0,4.0,1.0,0.75
637497,FY24,Fixed Established Subscription Sunday,4.0,3,6,2.0,4.0,1.0,0.75
669848,FY23,Fixed Established Subscription 6 Concert,6.0,6,12,1.2,6.0,0.0,1.0
669848,FY24,Fixed Established Subscription 6 Concert,6.0,6,12,1.0,6.0,0.0,1.0
685424,FY23,Fixed Established Subscription 6 Concert,6.0,6,12,2.0,6.0,0.0,1.0
685424,FY24,Fixed Established Subscription 6 Concert,6.0,6,12,2.0,6.0,0.0,1.0
694323,FY23,Fixed Sophomore  Subscription Sunday,4.0,4,8,2.0,4.0,0.0,1.0
694323,FY23,Fixed Sophomore Subscription 6 Concert,6.0,6,12,2.0,6.0,0.0,1.0
694323,FY24,Fixed Established Subscription 6 Concert,6.0,12,24,2.0,6.0,-6.0,2.0
694323,FY24,Fixed Established Subscription Sunday,4.0,4,8,2.0,4.0,0.0,1.0
713936,FY23,Fixed Freshman Subscription 6 Concert,6.0,6,12,2.0,6.0,0.0,1.0
727389,FY23,Fixed Established Subscription 6 Concert,6.0,6,12,2.0,6.0,0.0,1.0
727389,FY24,Fixed Established Subscription 6 Concert,6.0,6,12,2.0,6.0,0.0,1.0
738158,FY23,Fixed Established Subscription 6 Concert,6.0,4,8,2.0,6.0,2.0,0.6666666666666666
738477,FY23,Fixed Established Subscription 6 Concert,6.0,6,12,2.0,6.0,0.0,1.0
738477,FY24,Fixed Established Subscription 6 Concert,6.0,6,12,2.0,6.0,0.0,1.0
739654,FY23,Fixed Established Subscription 6 Concert,6.0,6,12,2.0,6.0,0.0,1.0
758123,FY23,Fixed Freshman Subscription 6 Concert,6.0,6,12,2.0,6.0,0.0,1.0
758123,FY24,Fixed Sophomore Subscription 6 Concert,6.0,6,12,2.0,6.0,0.0,1.0
772797,FY23,Fixed Freshman Subscription 6 Concert,6.0,4,5,1.25,6.0,2.0,0.6666666666666666
774733,FY23,Fixed Established Subscription 6 Concert,6.0,6,12,2.0,6.0,0.0,1.0
775272,FY23,Fixed Lapsed Subscription 6 Concert,6.0,6,18,3.0,6.0,0.0,1.0
815180,FY23,Fixed Established Subscription 6 Concert,6.0,4,8,2.0,6.0,2.0,0.6666666666666666
815180,FY23,Fixed Lapsed Subscription 6 Concert,6.0,1,2,2.0,6.0,5.0,0.16666666666666666
821769,FY24,Fixed Freshman Subscription Sunday,4.0,3,6,2.0,4.0,1.0,0.75
823617,FY24,Fixed Freshman Subscription 6 Concert,6.0,6,12,2.0,6.0,0.0,1.0
824761,FY23,Fixed Established Subscription 6 Concert,6.0,6,12,2.0,6.0,0.0,1.0
834925,FY24,Fixed Freshman Subscription Sunday,4.0,4,8,2.0,4.0,0.0,1.0
837334,FY23,Fixed Established Subscription 6 Concert,6.0,6,24,4.0,6.0,0.0,1.0
844638,FY23,Fixed Established Subscription 6 Concert,6.0,6,12,2.0,6.0,0.0,1.0
844638,FY24,Fixed Freshman Subscription 6 Concert,6.0,6,12,2.0,6.0,0.0,1.0
846101,FY24,Fixed Freshman Subscription 6 Concert,6.0,6,12,2.0,6.0,0.0,1.0
848433,FY23,Fixed Freshman Subscription 6 Concert,6.0,5,12,2.0,6.0,1.0,0.8333333333333334
848433,FY24,Fixed Established Subscription 6 Concert,6.0,6,24,2.0,6.0,0.0,1.0
849225,FY24,Fixed Upgrade Subscription 18 Concert,18.0,18,36,2.0,18.0,0.0,1.0
856265,FY23,Fixed Established Subscription 6 Concert,6.0,6,18,2.25,6.0,0.0,1.0
856265,FY24,Fixed Established Subscription 6 Concert,6.0,6,18,3.0,6.0,0.0,1.0
884249,FY23,Fixed Established Subscription 6 Concert,6.0,24,48,1.92,6.0,-18.0,4.0
884249,FY24,Fixed Established Subscription 6 Concert,6.0,24,48,1.8461538461538463,6.0,-18.0,4.0
905930,FY23,Fixed Established Subscription Sunday,4.0,4,8,2.0,4.0,0.0,1.0
905930,FY24,Fixed Established Subscription Sunday,4.0,4,8,2.0,4.0,0.0,1.0
907789,FY23,Fixed Established Subscription 6 Concert,6.0,6,12,2.0,6.0,0.0,1.0
907789,FY24,Fixed Established Subscription 6 Concert,6.0,6,12,2.0,6.0,0.0,1.0
958576,FY23,Fixed Established Subscription 24 Concert,24.0,6,12,2.0,24.0,18.0,0.25
958895,FY23,Fixed Established Subscription 6 Concert,6.0,6,12,2.0,6.0,0.0,1.0
960963,FY23,Fixed Established Subscription 12 Concert,12.0,12,24,1.7142857142857142,12.0,0.0,1.0
960963,FY24,Fixed Established Subscription 6 Concert,6.0,12,23,1.7692307692307692,6.0,-6.0,2.0
968553,FY23,Fixed Established Subscription Sunday,4.0,4,8,2.0,4.0,0.0,1.0
968553,FY24,Fixed Established Subscription Sunday,4.0,4,8,2.0,4.0,0.0,1.0
986439,FY24,Fixed Freshman Subscription 6 Concert,6.0,6,12,2.0,6.0,0.0,1.0
987946,FY23,Fixed Established Subscription 6 Concert,6.0,6,12,2.0,6.0,0.0,1.0
987946,FY24,Fixed Established Subscription 6 Concert,6.0,6,12,2.0,6.0,0.0,1.0
994700,FY23,Fixed Established Subscription 6 Concert,6.0,4,4,1.0,6.0,2.0,0.6666666666666666
994700,FY24,Fixed Established Subscription 12 Concert,12.0,1,1,1.0,12.0,11.0,0.08333333333333333
994700,FY24,Fixed Established Subscription 6 Concert,6.0,6,6,1.0,6.0,0.0,1.0
1007460,FY23,Fixed Sophomore  Subscription Sunday,4.0,4,8,2.0,4.0,0.0,1.0
1007460,FY24,Fixed Established Subscription Sunday,4.0,4,8,2.0,4.0,0.0,1.0
1012674,FY23,Fixed Established Subscription 6 Concert,6.0,6,12,2.0,6.0,0.0,1.0
1012674,FY24,Fixed Established Subscription 6 Concert,6.0,6,12,2.0,6.0,0.0,1.0
1016469,FY24,Fixed Freshman Subscription 6 Concert,6.0,6,6,1.0,6.0,0.0,1.0
1024708,FY23,Fixed Established Subscription 6 Concert,6.0,6,12,1.0909090909090908,6.0,0.0,1.0
1024708,FY24,Fixed Established Subscription 6 Concert,6.0,8,12,1.5,6.0,-2.0,1.3333333333333333
1024851,FY23,Fixed Chorus Subscription 12 Concert,12.0,1,2,2.0,12.0,11.0,0.08333333333333333
1030923,FY23,Fixed Freshman Subscription 6 Concert,6.0,6,12,2.0,6.0,0.0,1.0
1037974,FY24,Fixed Freshman Subscription Sunday,4.0,5,32,4.0,4.0,-1.0,1.25
1041021,FY23,Fixed Established Subscription 6 Concert,6.0,6,12,2.0,6.0,0.0,1.0
1041021,FY24,Fixed Established Subscription 6 Concert,6.0,6,12,2.0,6.0,0.0,1.0
1058610,FY23,Fixed Established Subscription Sunday,4.0,4,4,1.0,4.0,0.0,1.0
1058654,FY23,Fixed Established Subscription 24 Concert,24.0,24,24,1.0,24.0,0.0,1.0
1058654,FY24,Fixed Established Subscription 18 Concert,18.0,1,1,1.0,18.0,17.0,0.05555555555555555
1058654,FY24,Fixed Established Subscription 24 Concert,24.0,23,23,1.0,24.0,1.0,0.9583333333333334
1081875,FY23,Fixed Freshman Subscription 24 Concert,24.0,1,2,2.0,24.0,23.0,0.041666666666666664
1081875,FY23,Fixed Freshman Subscription 6 Concert,6.0,23,46,2.0,6.0,-17.0,3.8333333333333335
1109529,FY23,Fixed Freshman Subscription 12 Concert,12.0,12,24,2.0,12.0,0.0,1.0
1109529,FY24,Fixed Established Subscription 6 Concert,6.0,6,12,2.0,6.0,0.0,1.0
1112829,FY23,Fixed Established Subscription 6 Concert,6.0,6,6,1.0,6.0,0.0,1.0
1126623,FY24,Fixed Freshman Subscription 6 Concert,6.0,6,12,1.5,6.0,0.0,1.0
1138877,FY23,Fixed Established Subscription 6 Concert,6.0,6,12,2.0,6.0,0.0,1.0
1138877,FY24,Fixed Established Subscription 6 Concert,6.0,6,12,2.0,6.0,0.0,1.0
1141385,FY23,Fixed Established Subscription 6 Concert,6.0,6,6,1.0,6.0,0.0,1.0
1141385,FY24,Fixed Established Subscription 6 Concert,6.0,6,6,1.0,6.0,0.0,1.0
1158127,FY23,Fixed Established Subscription 6 Concert,6.0,6,12,2.0,6.0,0.0,1.0
1186958,FY23,Fixed Freshman Subscription Sunday,4.0,4,8,2.0,4.0,0.0,1.0
1186958,FY24,Fixed Sophomore  Subscription Sunday,4.0,4,8,2.0,4.0,0.0,1.0
1202006,FY24,Fixed Chorus Subscription 6 Concert,6.0,1,2,2.0,6.0,5.0,0.16666666666666666
1202006,FY24,Fixed Freshman Subscription 6 Concert,6.0,4,8,2.0,6.0,2.0,0.6666666666666666
1283043,FY24,Fixed Sophomore  Subscription Sunday,4.0,1,1,1.0,4.0,3.0,0.25
1283043,FY24,Fixed Upgrade Subscription Sunday,4.0,3,3,1.0,4.0,1.0,0.75
1294208,FY23,Fixed Established Subscription Sunday,4.0,4,8,2.0,4.0,0.0,1.0
1294208,FY24,Fixed Established Subscription Sunday,4.0,4,8,2.0,4.0,0.0,1.0
1322071,FY23,Fixed Freshman Subscription Sunday,4.0,4,8,2.0,4.0,0.0,1.0
1343136,FY23,Fixed Established Subscription 18 Concert,18.0,6,6,1.0,18.0,12.0,0.3333333333333333
1343136,FY24,Fixed Established Subscription 6 Concert,6.0,6,6,1.0,6.0,0.0,1.0
1349505,FY23,Fixed Sophomore Subscription 6 Concert,6.0,6,12,2.0,6.0,0.0,1.0
1349505,FY24,Fixed Established Subscription 6 Concert,6.0,6,12,2.0,6.0,0.0,1.0
1370196,FY24,Fixed Established Subscription 6 Concert,6.0,6,12,2.0,6.0,0.0,1.0
1372902,FY23,Fixed Sophomore Subscription 6 Concert,6.0,6,17,2.8333333333333335,6.0,0.0,1.0
1372902,FY24,Fixed Established Subscription 6 Concert,6.0,6,18,3.0,6.0,0.0,1.0
1378237,FY23,Fixed Established Subscription 6 Concert,6.0,6,12,2.0,6.0,0.0,1.0
1378237,FY24,Fixed Established Subscription 6 Concert,6.0,6,12,2.0,6.0,0.0,1.0
1412183,FY24,Fixed Freshman Subscription 6 Concert,6.0,5,10,2.0,6.0,1.0,0.8333333333333334
1412326,FY24,Fixed Freshman Subscription 12 Concert,12.0,12,12,1.0,12.0,0.0,1.0
1466798,FY23,Fixed Established Subscription 12 Concert,12.0,9,24,2.1818181818181817,12.0,3.0,0.75
1466798,FY24,Fixed Established Subscription 12 Concert,12.0,11,24,2.0,12.0,1.0,0.9166666666666666
1476896,FY23,Fixed Established Subscription 6 Concert,6.0,6,24,4.0,6.0,0.0,1.0
1480504,FY23,Fixed Freshman Subscription 6 Concert,6.0,2,6,1.0,6.0,4.0,0.3333333333333333
1480504,FY24,Fixed Sophomore Subscription 6 Concert,6.0,5,12,1.7142857142857142,6.0,1.0,0.8333333333333334
1520907,FY23,Fixed Established Subscription 6 Concert,6.0,6,12,2.0,6.0,0.0,1.0
1520907,FY24,Fixed Established Subscription 6 Concert,6.0,6,12,2.0,6.0,0.0,1.0
1520929,FY23,Fixed Established Subscription 6 Concert,6.0,5,12,2.0,6.0,1.0,0.8333333333333334
1520929,FY24,Fixed Established Subscription 6 Concert,6.0,4,12,2.0,6.0,2.0,0.6666666666666666
1522161,FY23,Fixed Established Subscription 6 Concert,6.0,6,12,2.0,6.0,0.0,1.0
1522161,FY24,Fixed Established Subscription 6 Concert,6.0,6,12,2.0,6.0,0.0,1.0
1532193,FY23,Fixed Established Subscription 6 Concert,6.0,6,12,2.0,6.0,0.0,1.0
1532193,FY24,Fixed Established Subscription 6 Concert,6.0,6,12,2.0,6.0,0.0,1.0
1532754,FY23,Fixed Sophomore Subscription 6 Concert,6.0,5,12,1.3333333333333333,6.0,1.0,0.8333333333333334
1532754,FY24,Fixed Established Subscription 6 Concert,6.0,4,12,1.2,6.0,2.0,0.6666666666666666
1542940,FY23,Fixed Established Subscription 6 Concert,6.0,5,5,1.0,6.0,1.0,0.8333333333333334
1542940,FY24,Fixed Established Subscription 6 Concert,6.0,6,6,1.0,6.0,0.0,1.0
1545283,FY24,Fixed Musician Subscription Sunday,4.0,3,6,2.0,4.0,1.0,0.75
1547798,FY23,Fixed Established Subscription 6 Concert,6.0,6,12,2.0,6.0,0.0,1.0
1547798,FY24,Fixed Established Subscription 6 Concert,6.0,6,12,2.0,6.0,0.0,1.0
1552022,FY23,Fixed Established Subscription 12 Concert,12.0,11,24,2.0,12.0,1.0,0.9166666666666666
1552022,FY24,Fixed Established Subscription 12 Concert,12.0,12,24,2.0,12.0,0.0,1.0
1578510,FY24,Fixed Established Subscription 6 Concert,6.0,6,12,2.0,6.0,0.0,1.0
1586815,FY23,Fixed Established Subscription 6 Concert,6.0,6,12,2.0,6.0,0.0,1.0
1586815,FY24,Fixed Established Subscription 6 Concert,6.0,6,12,2.0,6.0,0.0,1.0
1591886,FY23,Fixed Established Subscription 24 Concert,24.0,21,24,1.0434782608695652,24.0,3.0,0.875
1591886,FY24,Fixed Established Subscription 24 Concert,24.0,19,24,1.0,24.0,5.0,0.7916666666666666
1606274,FY24,Fixed Freshman Subscription Sunday,4.0,4,8,2.0,4.0,0.0,1.0
1612357,FY23,Fixed Established Subscription 6 Concert,6.0,6,12,2.0,6.0,0.0,1.0
1612357,FY24,Fixed Established Subscription 6 Concert,6.0,5,12,2.0,6.0,1.0,0.8333333333333334
1633212,FY23,Fixed Freshman Subscription 24 Concert,24.0,6,12,2.0,24.0,18.0,0.25
1659197,FY23,Fixed Established Subscription 6 Concert,6.0,6,12,2.0,6.0,0.0,1.0
1659197,FY24,Fixed Established Subscription 6 Concert,6.0,6,12,1.7142857142857142,6.0,0.0,1.0
1661436,FY23,Fixed Sophomore  Subscription Sunday,4.0,3,3,1.0,4.0,1.0,0.75
1661436,FY24,Fixed Established Subscription 6 Concert,6.0,6,6,1.0,6.0,0.0,1.0
1662907,FY23,Fixed Established Subscription 6 Concert,6.0,6,12,2.0,6.0,0.0,1.0
1662907,FY24,Fixed Established Subscription 6 Concert,6.0,6,12,2.0,6.0,0.0,1.0
1665115,FY23,Fixed Established Subscription 6 Concert,6.0,6,12,2.0,6.0,0.0,1.0
1665115,FY24,Fixed Established Subscription 6 Concert,6.0,6,12,2.0,6.0,0.0,1.0
1668014,FY24,Fixed Lapsed Subscription 6 Concert,6.0,7,24,3.0,6.0,-1.0,1.1666666666666667
1694798,FY24,Fixed Freshman Subscription 6 Concert,6.0,6,12,2.0,6.0,0.0,1.0
1704983,FY23,Fixed Established Subscription Sunday,4.0,4,4,1.0,4.0,0.0,1.0
1726200,FY23,Fixed Established Subscription 6 Concert,6.0,6,12,2.0,6.0,0.0,1.0
1726200,FY24,Fixed Established Subscription 6 Concert,6.0,6,12,2.0,6.0,0.0,1.0
1734185,FY24,Fixed Established Subscription 6 Concert,6.0,5,12,2.0,6.0,1.0,0.8333333333333334
1737372,FY23,Fixed Freshman Subscription Sunday,4.0,3,8,2.0,4.0,1.0,0.75
1737372,FY24,Fixed Sophomore  Subscription Sunday,4.0,3,8,2.0,4.0,1.0,0.75
1738747,FY24,Fixed Freshman Subscription Sunday,4.0,4,12,3.0,4.0,0.0,1.0
1786840,FY24,Fixed Freshman Subscription Sunday,4.0,4,4,1.0,4.0,0.0,1.0
1849072,FY23,Fixed Sophomore Subscription 6 Concert,6.0,6,12,2.0,6.0,0.0,1.0
1869727,FY23,Fixed Established Subscription 6 Concert,6.0,6,12,2.0,6.0,0.0,1.0
1869727,FY24,Fixed Established Subscription 6 Concert,6.0,6,12,2.0,6.0,0.0,1.0
2363163,FY23,Fixed Established Subscription 18 Concert,18.0,12,12,1.0,18.0,6.0,0.6666666666666666
2363163,FY24,Fixed Established Subscription 18 Concert,18.0,12,12,1.0,18.0,6.0,0.6666666666666666
2391483,FY23,Fixed Freshman Subscription 6 Concert,6.0,6,6,1.0,6.0,0.0,1.0
2391483,FY24,Fixed Sophomore Subscription 6 Concert,6.0,6,6,1.0,6.0,0.0,1.0
2393353,FY23,Fixed Freshman Subscription Sunday,4.0,3,3,1.0,4.0,1.0,0.75
2393530,FY23,Fixed Sophomore Subscription 6 Concert,6.0,6,12,2.0,6.0,0.0,1.0
2393530,FY24,Fixed Established Subscription 6 Concert,6.0,6,12,2.0,6.0,0.0,1.0
2396260,FY23,Fixed Sophomore Subscription 6 Concert,6.0,6,24,4.0,6.0,0.0,1.0
2396260,FY24,Fixed Established Subscription 6 Concert,6.0,6,24,4.0,6.0,0.0,1.0
2399604,FY23,Fixed Established Subscription 6 Concert,6.0,6,12,2.0,6.0,0.0,1.0
2399604,FY24,Fixed Established Subscription 6 Concert,6.0,7,12,1.7142857142857142,6.0,-1.0,1.1666666666666667
2402758,FY23,Fixed Freshman Subscription Sunday,4.0,4,8,2.0,4.0,0.0,1.0
2403501,FY23,Fixed Freshman Subscription 6 Concert,6.0,6,12,2.0,6.0,0.0,1.0
2403501,FY24,Fixed Sophomore Subscription 6 Concert,6.0,6,12,2.0,6.0,0.0,1.0
2404272,FY24,Fixed Freshman Subscription 6 Concert,6.0,6,6,1.0,6.0,0.0,1.0
2405102,FY23,Fixed Established Subscription Sunday,4.0,4,8,2.0,4.0,0.0,1.0
2405102,FY24,Fixed Established Subscription Sunday,4.0,4,8,2.0,4.0,0.0,1.0
2405120,FY23,Fixed Freshman Subscription Sunday,4.0,3,6,2.0,4.0,1.0,0.75
2411315,FY24,Fixed Freshman Subscription 6 Concert,6.0,6,12,2.0,6.0,0.0,1.0
2415150,FY23,Fixed Established Subscription 24 Concert,24.0,1,2,2.0,24.0,23.0,0.041666666666666664
2416662,FY23,Fixed Established Subscription 6 Concert,6.0,6,12,2.0,6.0,0.0,1.0
2416662,FY24,Fixed Established Subscription 6 Concert,6.0,6,12,2.0,6.0,0.0,1.0
2420124,FY23,Fixed Established Subscription 6 Concert,6.0,6,12,2.0,6.0,0.0,1.0
2420124,FY24,Fixed Established Subscription 6 Concert,6.0,6,12,2.0,6.0,0.0,1.0
2424189,FY23,Fixed Established Subscription 6 Concert,6.0,6,12,2.0,6.0,0.0,1.0
2424189,FY24,Fixed Established Subscription 6 Concert,6.0,12,24,2.0,6.0,-6.0,2.0
2427559,FY23,Fixed Established Subscription 6 Concert,6.0,6,12,2.0,6.0,0.0,1.0
2427559,FY24,Fixed Established Subscription 6 Concert,6.0,6,12,2.0,6.0,0.0,1.0
2428390,FY23,Fixed Established Subscription 6 Concert,6.0,8,24,2.1818181818181817,6.0,-2.0,1.3333333333333333
2428390,FY24,Fixed Established Subscription 6 Concert,6.0,5,9,1.0,6.0,1.0,0.8333333333333334
2441197,FY23,Fixed Established Subscription 6 Concert,6.0,6,12,2.0,6.0,0.0,1.0
2441197,FY24,Fixed Established Subscription 6 Concert,6.0,6,12,1.7142857142857142,6.0,0.0,1.0
2455668,FY24,Fixed Upgrade Subscription 6 Concert,6.0,5,12,2.0,6.0,1.0,0.8333333333333334
2456069,FY23,Fixed Freshman Subscription Sunday,4.0,3,3,1.0,4.0,1.0,0.75
2456069,FY24,Fixed Sophomore  Subscription Sunday,4.0,4,4,1.0,4.0,0.0,1.0
2459404,FY24,Fixed Sophomore  Subscription Sunday,4.0,1,1,1.0,4.0,3.0,0.25
2459404,FY24,Fixed Sophomore Subscription 6 Concert,6.0,1,2,1.0,6.0,5.0,0.16666666666666666
2459404,FY24,Fixed Upgrade Subscription 6 Concert,6.0,5,7,1.0,6.0,1.0,0.8333333333333334
2459404,FY24,Fixed Upgrade Subscription Sunday,4.0,1,1,1.0,4.0,3.0,0.25
2472612,FY23,Fixed Sophomore Subscription 6 Concert,6.0,6,12,2.0,6.0,0.0,1.0
2472612,FY24,Fixed Established Subscription 6 Concert,6.0,5,10,2.0,6.0,1.0,0.8333333333333334
2491797,FY23,Fixed Established Subscription 6 Concert,6.0,5,10,2.0,6.0,1.0,0.8333333333333334
2547437,FY23,Fixed Sophomore Subscription 6 Concert,6.0,6,6,1.0,6.0,0.0,1.0
2547437,FY24,Fixed Established Subscription 6 Concert,6.0,6,6,1.0,6.0,0.0,1.0
2556924,FY23,Fixed Established Subscription 6 Concert,6.0,6,12,2.0,6.0,0.0,1.0
2556924,FY24,Fixed Established Subscription 6 Concert,6.0,6,12,2.0,6.0,0.0,1.0
2566868,FY23,Fixed Established Subscription 6 Concert,6.0,6,6,1.0,6.0,0.0,1.0
2566868,FY24,Fixed Established Subscription 6 Concert,6.0,4,4,1.0,6.0,2.0,0.6666666666666666
2593635,FY23,Fixed Established Subscription 6 Concert,6.0,6,12,2.0,6.0,0.0,1.0
2617701,FY23,Fixed Established Subscription Sunday,4.0,4,8,2.0,4.0,0.0,1.0
2617701,FY24,Fixed Established Subscription Sunday,4.0,4,8,2.0,4.0,0.0,1.0
2620708,FY24,Fixed Lapsed Subscription Sunday,4.0,4,4,1.0,4.0,0.0,1.0
2621185,FY23,Fixed Sophomore Subscription 6 Concert,6.0,3,8,2.0,6.0,3.0,0.5
2621185,FY24,Fixed Established Subscription 6 Concert,6.0,6,24,4.0,6.0,0.0,1.0
2624902,FY24,Fixed Freshman Subscription 6 Concert,6.0,6,6,1.0,6.0,0.0,1.0
2625251,FY23,Fixed Established Subscription Sunday,4.0,4,4,1.0,4.0,0.0,1.0
2625251,FY24,Fixed Established Subscription Sunday,4.0,4,4,1.0,4.0,0.0,1.0
2625296,FY23,Fixed Established Subscription 6 Concert,6.0,5,10,2.0,6.0,1.0,0.8333333333333334
2625296,FY24,Fixed Established Subscription 6 Concert,6.0,6,12,2.0,6.0,0.0,1.0
2625638,FY23,Fixed Established Subscription 6 Concert,6.0,6,12,2.0,6.0,0.0,1.0
2625638,FY24,Fixed Established Subscription 6 Concert,6.0,6,12,2.0,6.0,0.0,1.0
2625889,FY23,Fixed Established Subscription 6 Concert,6.0,5,15,1.5,6.0,1.0,0.8333333333333334
2625889,FY24,Fixed Established Subscription 6 Concert,6.0,6,12,2.0,6.0,0.0,1.0
2636938,FY23,Fixed Established Subscription 24 Concert,24.0,24,48,2.0,24.0,0.0,1.0
2636938,FY24,Fixed Established Subscription 24 Concert,24.0,12,24,2.0,24.0,12.0,0.5
2636938,FY24,Fixed Established Subscription 6 Concert,6.0,12,24,2.0,6.0,-6.0,2.0
2639204,FY23,Fixed Established Subscription 6 Concert,6.0,4,8,2.0,6.0,2.0,0.6666666666666666
2639204,FY24,Fixed Established Subscription 6 Concert,6.0,6,12,1.7142857142857142,6.0,0.0,1.0
2644311,FY24,Fixed Freshman Subscription Sunday,4.0,3,3,1.0,4.0,1.0,0.75
2648892,FY24,Fixed Freshman Subscription 6 Concert,6.0,2,4,2.0,6.0,4.0,0.3333333333333333
2650859,FY23,Fixed Freshman Subscription 6 Concert,6.0,6,12,1.0,6.0,0.0,1.0
2652286,FY23,Fixed Established Subscription 24 Concert,24.0,18,18,1.0,24.0,6.0,0.75
2652286,FY24,Fixed Established Subscription 24 Concert,24.0,18,18,1.0,24.0,6.0,0.75
2676051,FY24,Fixed Freshman Subscription 6 Concert,6.0,6,12,2.0,6.0,0.0,1.0
2687225,FY23,Fixed Established Subscription 6 Concert,6.0,6,12,2.0,6.0,0.0,1.0
2687225,FY24,Fixed Established Subscription 6 Concert,6.0,6,12,2.0,6.0,0.0,1.0
2696120,FY23,Fixed Upgrade Subscription 6 Concert,6.0,7,14,2.0,6.0,-1.0,1.1666666666666667
2697504,FY23,Fixed Freshman Subscription 6 Concert,6.0,6,12,2.0,6.0,0.0,1.0
2697504,FY24,Fixed Sophomore Subscription 6 Concert,6.0,7,14,2.0,6.0,-1.0,1.1666666666666667
2773421,FY24,Fixed Chorus Subscription 6 Concert,6.0,1,2,2.0,6.0,5.0,0.16666666666666666
2790171,FY23,Fixed Freshman Subscription Sunday,4.0,4,4,1.0,4.0,0.0,1.0
2790171,FY24,Fixed Sophomore  Subscription Sunday,4.0,4,4,1.0,4.0,0.0,1.0
2791425,FY23,Fixed Freshman Subscription 6 Concert,6.0,6,12,2.0,6.0,0.0,1.0
2791755,FY23,Fixed Established Subscription 6 Concert,6.0,6,12,2.0,6.0,0.0,1.0
2791755,FY24,Fixed Established Subscription 6 Concert,6.0,6,12,2.0,6.0,0.0,1.0
2792492,FY24,Fixed Freshman Subscription Sunday,4.0,4,8,2.0,4.0,0.0,1.0
2796584,FY23,Fixed Established Subscription 6 Concert,6.0,6,12,2.0,6.0,0.0,1.0
2796584,FY24,Fixed Established Subscription 6 Concert,6.0,6,12,2.0,6.0,0.0,1.0
2797277,FY23,Fixed Established Subscription Sunday,4.0,4,8,2.0,4.0,0.0,1.0
2797277,FY24,Fixed Established Subscription Sunday,4.0,3,8,2.0,4.0,1.0,0.75
2798597,FY23,Fixed Freshman Subscription 6 Concert,6.0,6,12,2.0,6.0,0.0,1.0
2799235,FY23,Fixed Established Subscription 6 Concert,6.0,6,6,1.0,6.0,0.0,1.0
2810742,FY23,Fixed Established Subscription 24 Concert,24.0,24,54,1.8,24.0,0.0,1.0
2810742,FY24,Fixed Established Subscription 24 Concert,24.0,24,54,1.8620689655172413,24.0,0.0,1.0
2813409,FY23,Fixed Freshman Subscription 6 Concert,6.0,6,12,2.0,6.0,0.0,1.0
2814608,FY23,Fixed Established Subscription Sunday,4.0,4,8,2.0,4.0,0.0,1.0
2814608,FY24,Fixed Sophomore  Subscription Sunday,4.0,4,8,2.0,4.0,0.0,1.0
2824724,FY23,Fixed Upgrade Subscription 6 Concert,6.0,6,6,1.0,6.0,0.0,1.0
2824724,FY24,Fixed Established Subscription 6 Concert,6.0,6,6,1.0,6.0,0.0,1.0
2829910,FY23,Fixed Established Subscription 6 Concert,6.0,6,12,2.0,6.0,0.0,1.0
2829910,FY24,Fixed Established Subscription 6 Concert,6.0,6,12,2.0,6.0,0.0,1.0
2845235,FY23,Fixed Established Subscription Sunday,4.0,4,8,2.0,4.0,0.0,1.0
2845494,FY23,Fixed Freshman Subscription 6 Concert,6.0,6,12,2.0,6.0,0.0,1.0
2905611,FY23,Fixed Established Subscription 18 Concert,18.0,17,34,2.0,18.0,1.0,0.9444444444444444
2905611,FY24,Fixed Established Subscription 18 Concert,18.0,18,36,2.0,18.0,0.0,1.0
2910187,FY23,Fixed Freshman Subscription 6 Concert,6.0,6,12,2.0,6.0,0.0,1.0
2910187,FY24,Fixed Sophomore Subscription 6 Concert,6.0,12,24,2.0,6.0,-6.0,2.0
2977959,FY23,Fixed Freshman Subscription 6 Concert,6.0,6,12,2.0,6.0,0.0,1.0
2978499,FY23,Fixed Established Subscription 6 Concert,6.0,6,12,2.0,6.0,0.0,1.0
2978499,FY23,Fixed Established Subscription Sunday,4.0,4,8,2.0,4.0,0.0,1.0
2978810,FY23,Fixed Sophomore  Subscription Sunday,4.0,4,8,2.0,4.0,0.0,1.0
2978810,FY24,Fixed Established Subscription Sunday,4.0,4,8,2.0,4.0,0.0,1.0
2981823,FY23,Fixed Freshman Subscription 6 Concert,6.0,6,12,2.0,6.0,0.0,1.0
2994513,FY23,Fixed Established Subscription 6 Concert,6.0,4,8,2.0,6.0,2.0,0.6666666666666666
3001399,FY24,Fixed Freshman Subscription 6 Concert,6.0,6,12,2.0,6.0,0.0,1.0
3016016,FY23,Fixed Established Subscription Sunday,4.0,4,8,2.0,4.0,0.0,1.0
3016016,FY24,Fixed Established Subscription 6 Concert,6.0,6,12,2.0,6.0,0.0,1.0
3019950,FY24,Fixed Freshman Subscription 6 Concert,6.0,6,12,2.0,6.0,0.0,1.0
3035277,FY24,Fixed Established Subscription 6 Concert,6.0,6,12,2.0,6.0,0.0,1.0
3040831,FY23,Fixed Sophomore Subscription 6 Concert,6.0,6,12,2.0,6.0,0.0,1.0
3040831,FY24,Fixed Sophomore Subscription 6 Concert,6.0,6,12,2.0,6.0,0.0,1.0
3059904,FY23,Fixed Established Subscription 6 Concert,6.0,5,10,2.0,6.0,1.0,0.8333333333333334
3059904,FY24,Fixed Established Subscription 6 Concert,6.0,6,12,2.0,6.0,0.0,1.0
3067493,FY23,Fixed Freshman Subscription Sunday,4.0,4,8,1.6,4.0,0.0,1.0
3087425,FY23,Fixed Freshman Subscription 6 Concert,6.0,6,12,2.0,6.0,0.0,1.0
3098592,FY23,Fixed Established Subscription 6 Concert,6.0,6,12,2.0,6.0,0.0,1.0
3098592,FY24,Fixed Established Subscription 6 Concert,6.0,6,12,2.0,6.0,0.0,1.0
3174844,FY24,Fixed Freshman Subscription Sunday,4.0,4,16,2.0,4.0,0.0,1.0
3174899,FY23,Fixed Established Subscription 6 Concert,6.0,6,12,2.0,6.0,0.0,1.0
3174899,FY24,Fixed Established Subscription 6 Concert,6.0,6,12,2.0,6.0,0.0,1.0
3180146,FY23,Fixed Freshman Subscription Sunday,4.0,4,8,2.0,4.0,0.0,1.0
3180146,FY24,Fixed Sophomore  Subscription Sunday,4.0,4,8,2.0,4.0,0.0,1.0
3203206,FY23,Fixed Sophomore Subscription 6 Concert,6.0,6,12,2.0,6.0,0.0,1.0
3214559,FY24,Fixed Freshman Subscription 6 Concert,6.0,6,12,2.0,6.0,0.0,1.0
3342595,FY24,Fixed Freshman Subscription 24 Concert,24.0,24,30,1.25,24.0,0.0,1.0
3363831,FY23,Fixed Sophomore Subscription 6 Concert,6.0,6,12,1.7142857142857142,6.0,0.0,1.0
3363831,FY24,Fixed Established Subscription 6 Concert,6.0,6,12,2.0,6.0,0.0,1.0
3372856,FY23,Fixed Established Subscription 6 Concert,6.0,6,12,2.0,6.0,0.0,1.0
3372856,FY24,Fixed Established Subscription 6 Concert,6.0,6,12,2.0,6.0,0.0,1.0
3373637,FY23,Fixed Sophomore  Subscription Sunday,4.0,3,3,1.0,4.0,1.0,0.75
3380473,FY23,Fixed Established Subscription 12 Concert,12.0,12,17,1.4166666666666667,12.0,0.0,1.0
3380473,FY24,Fixed Established Subscription 18 Concert,18.0,17,21,1.2352941176470589,18.0,1.0,0.9444444444444444
3384720,FY23,Fixed Established Subscription 6 Concert,6.0,6,12,2.0,6.0,0.0,1.0
3384720,FY24,Fixed Established Subscription 6 Concert,6.0,6,12,2.0,6.0,0.0,1.0
3394488,FY23,Fixed Lapsed Subscription Sunday,4.0,4,8,2.0,4.0,0.0,1.0
3396073,FY23,Fixed Freshman Subscription Sunday,4.0,4,8,2.0,4.0,0.0,1.0
3396073,FY24,Fixed Sophomore  Subscription Sunday,4.0,4,8,2.0,4.0,0.0,1.0
3398287,FY23,Fixed Established Subscription 6 Concert,6.0,6,12,2.0,6.0,0.0,1.0
3398287,FY24,Fixed Established Subscription 6 Concert,6.0,6,12,2.0,6.0,0.0,1.0
3401655,FY23,Fixed Established Subscription 6 Concert,6.0,6,24,4.0,6.0,0.0,1.0
3401655,FY24,Fixed Established Subscription 6 Concert,6.0,6,24,3.4285714285714284,6.0,0.0,1.0
3408749,FY24,Fixed Established Subscription 6 Concert,6.0,6,12,2.0,6.0,0.0,1.0
3505763,FY24,Fixed Established Subscription 12 Concert,12.0,12,12,1.0,12.0,0.0,1.0
3512879,FY23,Fixed Established Subscription 6 Concert,6.0,5,9,1.8,6.0,1.0,0.8333333333333334
3512879,FY24,Fixed Established Subscription 6 Concert,6.0,6,12,2.0,6.0,0.0,1.0
3524983,FY23,Fixed Freshman Subscription 6 Concert,6.0,6,12,2.0,6.0,0.0,1.0
3550757,FY23,Fixed Freshman Subscription 6 Concert,6.0,6,12,2.0,6.0,0.0,1.0
3550757,FY24,Fixed Sophomore Subscription 6 Concert,6.0,6,12,1.7142857142857142,6.0,0.0,1.0
3563141,FY23,Fixed Established Subscription 18 Concert,18.0,18,36,1.5,18.0,0.0,1.0
3563141,FY24,Fixed Established Subscription 18 Concert,18.0,12,24,2.0,18.0,6.0,0.6666666666666666
3563141,FY24,Fixed Established Subscription 6 Concert,6.0,6,12,2.0,6.0,0.0,1.0
3592543,FY23,Fixed Established Subscription 6 Concert,6.0,6,12,2.0,6.0,0.0,1.0
3600601,FY23,Fixed Freshman Subscription 6 Concert,6.0,6,12,2.0,6.0,0.0,1.0
3616706,FY23,Fixed Sophomore Subscription 6 Concert,6.0,6,6,1.0,6.0,0.0,1.0
3616706,FY24,Fixed Established Subscription 6 Concert,6.0,6,6,1.0,6.0,0.0,1.0
3623793,FY23,Fixed Established Subscription Sunday,4.0,4,8,2.0,4.0,0.0,1.0
3627042,FY23,Fixed Freshman Subscription 6 Concert,6.0,6,12,2.0,6.0,0.0,1.0
3637149,FY23,Fixed Established Subscription 6 Concert,6.0,6,6,1.0,6.0,0.0,1.0
3697632,FY23,Fixed Established Subscription 6 Concert,6.0,6,12,2.0,6.0,0.0,1.0
3702657,FY23,Fixed Musician Subscription 6 Concert,6.0,6,12,2.0,6.0,0.0,1.0
3726604,FY23,Fixed Established Subscription 6 Concert,6.0,6,12,2.0,6.0,0.0,1.0
3726604,FY24,Fixed Established Subscription 6 Concert,6.0,6,12,2.0,6.0,0.0,1.0
3753202,FY24,Fixed Freshman Subscription 6 Concert,6.0,6,12,2.0,6.0,0.0,1.0
3780581,FY23,Fixed Freshman Subscription 6 Concert,6.0,6,12,2.0,6.0,0.0,1.0
3784084,FY23,Fixed Lapsed Subscription Sunday,4.0,4,4,1.0,4.0,0.0,1.0
3793925,FY23,Fixed Chorus Subscription 12 Concert,12.0,1,2,2.0,12.0,11.0,0.08333333333333333
3793925,FY23,Fixed Established Subscription 6 Concert,6.0,6,12,2.0,6.0,0.0,1.0
3793925,FY24,Fixed Established Subscription 6 Concert,6.0,6,12,1.7142857142857142,6.0,0.0,1.0
3797207,FY23,Fixed Established Subscription 6 Concert,6.0,6,12,2.0,6.0,0.0,1.0
3797207,FY24,Fixed Sophomore Subscription 6 Concert,6.0,6,12,2.0,6.0,0.0,1.0
3862796,FY23,Fixed Freshman Subscription Sunday,4.0,4,8,2.0,4.0,0.0,1.0
3862796,FY24,Fixed Sophomore  Subscription Sunday,4.0,4,8,2.0,4.0,0.0,1.0
3863037,FY23,Fixed Freshman Subscription 6 Concert,6.0,6,12,1.0,6.0,0.0,1.0
3863037,FY24,Fixed Sophomore Subscription 6 Concert,6.0,6,12,1.0909090909090908,6.0,0.0,1.0
3873666,FY23,Fixed Established Subscription 6 Concert,6.0,6,18,3.0,6.0,0.0,1.0
3873666,FY24,Fixed Established Subscription 6 Concert,6.0,5,15,3.0,6.0,1.0,0.8333333333333334
3919380,FY23,Fixed Established Subscription 6 Concert,6.0,6,12,2.0,6.0,0.0,1.0
3919380,FY24,Fixed Established Subscription 6 Concert,6.0,6,12,2.0,6.0,0.0,1.0
3924558,FY23,Fixed Freshman Subscription Sunday,4.0,4,8,2.0,4.0,0.0,1.0
3935724,FY24,Fixed Freshman Subscription 6 Concert,6.0,6,12,2.0,6.0,0.0,1.0
3953058,FY23,Fixed Sophomore Subscription 6 Concert,6.0,6,12,2.0,6.0,0.0,1.0
3953058,FY24,Fixed Established Subscription 6 Concert,6.0,6,12,2.0,6.0,0.0,1.0
3990127,FY24,Fixed Freshman Subscription Sunday,4.0,4,8,2.0,4.0,0.0,1.0
4019234,FY23,Fixed Established Subscription 6 Concert,6.0,6,12,2.0,6.0,0.0,1.0
4020327,FY23,Fixed Lapsed Subscription 6 Concert,6.0,6,12,2.0,6.0,0.0,1.0
4020327,FY24,Fixed Freshman Subscription 6 Concert,6.0,6,12,2.0,6.0,0.0,1.0
4031789,FY24,Fixed Sophomore Subscription 6 Concert,6.0,6,18,3.0,6.0,0.0,1.0
4095121,FY24,Fixed Freshman Subscription Sunday,4.0,4,16,4.0,4.0,0.0,1.0
4106738,FY23,Fixed Freshman Subscription 6 Concert,6.0,6,12,2.0,6.0,0.0,1.0
4106738,FY24,Fixed Sophomore  Subscription Sunday,4.0,4,8,2.0,4.0,0.0,1.0
4119971,FY23,Fixed Lapsed Subscription 6 Concert,6.0,6,6,1.0,6.0,0.0,1.0
4135130,FY23,Fixed Established Subscription 6 Concert,6.0,6,12,2.0,6.0,0.0,1.0
4135130,FY24,Fixed Established Subscription 6 Concert,6.0,6,12,2.0,6.0,0.0,1.0
4137286,FY23,Fixed Chorus Subscription 12 Concert,12.0,1,2,2.0,12.0,11.0,0.08333333333333333
4137286,FY23,Fixed Established Subscription 12 Concert,12.0,2,3,1.5,12.0,10.0,0.16666666666666666
4137286,FY23,Fixed Freshman Subscription 12 Concert,12.0,1,1,1.0,12.0,11.0,0.08333333333333333
4137286,FY23,Fixed Sophomore Subscription 6 Concert,6.0,1,1,1.0,6.0,5.0,0.16666666666666666
4141521,FY23,Fixed Established Subscription 6 Concert,6.0,6,12,2.0,6.0,0.0,1.0
4141521,FY24,Fixed Sophomore Subscription 6 Concert,6.0,6,12,2.0,6.0,0.0,1.0
4145291,FY23,Fixed Freshman Subscription 6 Concert,6.0,6,12,1.2,6.0,0.0,1.0
4151877,FY23,Fixed Freshman Subscription Sunday,4.0,4,4,1.0,4.0,0.0,1.0
4160859,FY24,Fixed Upgrade Subscription 6 Concert,6.0,6,12,2.0,6.0,0.0,1.0
4167187,FY23,Fixed Established Subscription 6 Concert,6.0,6,12,2.0,6.0,0.0,1.0
4167187,FY24,Fixed Established Subscription 6 Concert,6.0,6,12,2.0,6.0,0.0,1.0
4189584,FY23,Fixed Established Subscription 6 Concert,6.0,4,8,1.1428571428571428,6.0,2.0,0.6666666666666666
4189584,FY24,Fixed Established Subscription 6 Concert,6.0,1,2,1.0,6.0,5.0,0.16666666666666666
4191856,FY24,Fixed Upgrade Subscription 12 Concert,12.0,12,24,2.0,12.0,0.0,1.0
4243344,FY24,Fixed Established Subscription 6 Concert,6.0,6,12,2.0,6.0,0.0,1.0
4249079,FY23,Fixed Established Subscription 6 Concert,6.0,1,3,1.5,6.0,5.0,0.16666666666666666
4257049,FY23,Fixed Established Subscription 6 Concert,6.0,1,2,2.0,6.0,5.0,0.16666666666666666
4273957,FY24,Fixed Freshman Subscription Sunday,4.0,4,8,2.0,4.0,0.0,1.0
4321810,FY23,Fixed Established Subscription 6 Concert,6.0,6,12,2.0,6.0,0.0,1.0
4321810,FY24,Fixed Established Subscription 6 Concert,6.0,6,12,2.0,6.0,0.0,1.0
4349946,FY23,Fixed Freshman Subscription 24 Concert,24.0,24,48,2.0,24.0,0.0,1.0
4356913,FY23,Fixed Lapsed Subscription 6 Concert,6.0,1,1,1.0,6.0,5.0,0.16666666666666666
4356913,FY23,Fixed Lapsed Subscription Sunday,4.0,3,3,1.0,4.0,1.0,0.75
4377394,FY23,Fixed Freshman Subscription 6 Concert,6.0,6,12,2.0,6.0,0.0,1.0
4377394,FY24,Fixed Upgrade Subscription 6 Concert,6.0,6,12,2.0,6.0,0.0,1.0
4405471,FY24,Fixed Freshman Subscription 12 Concert,12.0,12,12,1.0,12.0,0.0,1.0
4417947,FY24,Fixed Lapsed Subscription 6 Concert,6.0,6,12,1.5,6.0,0.0,1.0
4434942,FY23,Fixed Lapsed Subscription 6 Concert,6.0,2,4,2.0,6.0,4.0,0.3333333333333333
4439684,FY24,Fixed Freshman Subscription Sunday,4.0,1,2,2.0,4.0,3.0,0.25
4443016,FY23,Fixed Freshman Subscription 6 Concert,6.0,5,12,2.0,6.0,1.0,0.8333333333333334
4443016,FY24,Fixed Sophomore Subscription 6 Concert,6.0,6,12,2.0,6.0,0.0,1.0
4469644,FY23,Fixed Established Subscription 6 Concert,6.0,6,12,2.0,6.0,0.0,1.0
4469644,FY24,Fixed Established Subscription 6 Concert,6.0,6,12,2.0,6.0,0.0,1.0
4484196,FY23,Fixed Established Subscription 6 Concert,6.0,6,12,1.7142857142857142,6.0,0.0,1.0
4484196,FY24,Fixed Established Subscription 6 Concert,6.0,6,12,2.0,6.0,0.0,1.0
4500363,FY24,Fixed Freshman Subscription Sunday,4.0,4,8,2.0,4.0,0.0,1.0
4514136,FY23,Fixed Freshman Subscription 18 Concert,18.0,21,36,1.6363636363636365,18.0,-3.0,1.1666666666666667
4514136,FY24,Fixed Sophomore Subscription 18 Concert,18.0,13,24,1.8461538461538463,18.0,5.0,0.7222222222222222
4529743,FY23,Fixed Freshman Subscription 6 Concert,6.0,6,6,1.0,6.0,0.0,1.0
4529743,FY24,Fixed Sophomore Subscription 6 Concert,6.0,6,6,1.0,6.0,0.0,1.0
4531510,FY23,Fixed Freshman Subscription Sunday,4.0,4,8,2.0,4.0,0.0,1.0
4531510,FY24,Fixed Sophomore  Subscription Sunday,4.0,4,8,2.0,4.0,0.0,1.0
4533076,FY23,Fixed Established Subscription 6 Concert,6.0,6,6,1.0,6.0,0.0,1.0
4533076,FY24,Fixed Established Subscription Sunday,4.0,4,4,1.0,4.0,0.0,1.0
4539846,FY23,Fixed Established Subscription 6 Concert,6.0,6,12,2.0,6.0,0.0,1.0
4539846,FY24,Fixed Established Subscription 6 Concert,6.0,6,12,2.0,6.0,0.0,1.0
4566971,FY23,Fixed Freshman Subscription 6 Concert,6.0,6,18,3.0,6.0,0.0,1.0
4595042,FY24,Fixed Freshman Subscription 6 Concert,6.0,6,12,2.0,6.0,0.0,1.0
4600882,FY24,Fixed Freshman Subscription Sunday,4.0,4,8,2.0,4.0,0.0,1.0
4663768,FY24,Fixed Freshman Subscription 6 Concert,6.0,5,6,1.0,6.0,1.0,0.8333333333333334
4669533,FY23,Fixed Established Subscription 6 Concert,6.0,6,24,4.0,6.0,0.0,1.0
4676973,FY24,Fixed Freshman Subscription Sunday,4.0,4,8,2.0,4.0,0.0,1.0
4683477,FY24,Fixed Established Subscription 6 Concert,6.0,6,12,2.0,6.0,0.0,1.0
4699339,FY24,Fixed Sophomore Subscription 6 Concert,6.0,6,12,2.0,6.0,0.0,1.0
4713445,FY24,Fixed Established Subscription 6 Concert,6.0,6,12,2.0,6.0,0.0,1.0
4715637,FY23,Fixed Established Subscription 6 Concert,6.0,6,12,1.7142857142857142,6.0,0.0,1.0
4715637,FY24,Fixed Established Subscription 6 Concert,6.0,6,12,2.0,6.0,0.0,1.0
4717704,FY23,Fixed Freshman Subscription Sunday,4.0,4,4,1.0,4.0,0.0,1.0
4717704,FY24,Fixed Sophomore  Subscription Sunday,4.0,4,4,1.0,4.0,0.0,1.0
4717749,FY24,Fixed Freshman Subscription 24 Concert,24.0,1,1,1.0,24.0,23.0,0.041666666666666664
4717749,FY24,Fixed Lapsed Subscription 24 Concert,24.0,23,32,1.391304347826087,24.0,1.0,0.9583333333333334
4718473,FY23,Fixed Freshman Subscription 6 Concert,6.0,1,2,2.0,6.0,5.0,0.16666666666666666
4718672,FY23,Fixed Established Subscription 6 Concert,6.0,5,5,1.0,6.0,1.0,0.8333333333333334
4718672,FY24,Fixed Established Subscription 6 Concert,6.0,6,6,1.0,6.0,0.0,1.0
4719559,FY23,Fixed Established Subscription 6 Concert,6.0,6,12,2.0,6.0,0.0,1.0
4719559,FY24,Fixed Established Subscription 6 Concert,6.0,6,12,2.0,6.0,0.0,1.0
4719594,FY23,Fixed Chorus Subscription 6 Concert,6.0,4,4,1.0,6.0,2.0,0.6666666666666666
4719594,FY23,Fixed Sophomore Subscription 6 Concert,6.0,2,5,1.0,6.0,4.0,0.3333333333333333
4719594,FY23,Fixed Upgrade Subscription 6 Concert,6.0,3,3,1.0,6.0,3.0,0.5
4719594,FY24,Fixed Chorus Subscription 6 Concert,6.0,2,2,1.0,6.0,4.0,0.3333333333333333
4719594,FY24,Fixed Sophomore Subscription 6 Concert,6.0,4,4,1.0,6.0,2.0,0.6666666666666666
4719692,FY23,Fixed Established Subscription Sunday,4.0,4,8,2.0,4.0,0.0,1.0
4719926,FY24,Fixed Sophomore  Subscription Sunday,4.0,4,4,1.0,4.0,0.0,1.0
4720168,FY23,Fixed Established Subscription 6 Concert,6.0,6,12,2.0,6.0,0.0,1.0
4720357,FY23,Fixed Sophomore  Subscription Sunday,4.0,2,4,2.0,4.0,2.0,0.5
4720360,FY23,Fixed Established Subscription 6 Concert,6.0,6,12,2.0,6.0,0.0,1.0
4720360,FY24,Fixed Established Subscription 6 Concert,6.0,6,12,2.0,6.0,0.0,1.0
4720513,FY23,Fixed Established Subscription 24 Concert,24.0,16,16,1.0,24.0,8.0,0.6666666666666666
4720513,FY24,Fixed Established Subscription 24 Concert,24.0,12,12,1.0,24.0,12.0,0.5
4720703,FY23,Fixed Established Subscription 6 Concert,6.0,7,24,1.5,6.0,-1.0,1.1666666666666667
4720703,FY24,Fixed Established Subscription 6 Concert,6.0,6,18,3.0,6.0,0.0,1.0
4720738,FY23,Fixed Established Subscription 12 Concert,12.0,12,24,2.0,12.0,0.0,1.0
4720738,FY24,Fixed Established Subscription 12 Concert,12.0,12,24,2.0,12.0,0.0,1.0
4720973,FY23,Fixed Established Subscription 6 Concert,6.0,6,6,1.0,6.0,0.0,1.0
4720973,FY24,Fixed Established Subscription 6 Concert,6.0,6,6,1.0,6.0,0.0,1.0
4721018,FY23,Fixed Established Subscription 6 Concert,6.0,6,12,2.0,6.0,0.0,1.0
4721018,FY24,Fixed Established Subscription 6 Concert,6.0,6,11,1.8333333333333333,6.0,0.0,1.0
4721118,FY23,Fixed Established Subscription 6 Concert,6.0,6,12,2.0,6.0,0.0,1.0
4721118,FY24,Fixed Established Subscription 6 Concert,6.0,6,12,2.0,6.0,0.0,1.0
4721140,FY23,Fixed Sophomore Subscription 12 Concert,12.0,15,18,1.2,12.0,-3.0,1.25
4721140,FY24,Fixed Established Subscription 12 Concert,12.0,15,18,1.125,12.0,-3.0,1.25
4721285,FY23,Fixed Established Subscription Sunday,4.0,3,3,1.0,4.0,1.0,0.75
4721285,FY23,Fixed Sophomore Subscription 6 Concert,6.0,1,2,2.0,6.0,5.0,0.16666666666666666
4721285,FY24,Fixed Established Subscription Sunday,4.0,4,4,1.0,4.0,0.0,1.0
4721516,FY23,Fixed Sophomore  Subscription Sunday,4.0,4,8,2.0,4.0,0.0,1.0
4721770,FY23,Fixed Established Subscription 6 Concert,6.0,6,6,1.0,6.0,0.0,1.0
4721770,FY24,Fixed Established Subscription 6 Concert,6.0,6,6,1.0,6.0,0.0,1.0
4721826,FY23,Fixed Sophomore Subscription 6 Concert,6.0,6,12,2.0,6.0,0.0,1.0
4721929,FY23,Fixed Established Subscription 6 Concert,6.0,6,12,2.0,6.0,0.0,1.0
4721929,FY24,Fixed Established Subscription 6 Concert,6.0,6,12,2.0,6.0,0.0,1.0
4722043,FY23,Fixed Established Subscription Sunday,4.0,4,8,2.0,4.0,0.0,1.0
4722096,FY23,Fixed Established Subscription 18 Concert,18.0,12,24,2.0,18.0,6.0,0.6666666666666666
4722096,FY24,Fixed Established Subscription 12 Concert,12.0,12,24,2.0,12.0,0.0,1.0
4722261,FY24,Fixed Sophomore Subscription 6 Concert,6.0,4,8,2.0,6.0,2.0,0.6666666666666666
4722261,FY24,Fixed Upgrade Subscription 6 Concert,6.0,2,4,2.0,6.0,4.0,0.3333333333333333
4722444,FY23,Fixed Established Subscription Sunday,4.0,4,8,2.0,4.0,0.0,1.0
4722444,FY24,Fixed Established Subscription Sunday,4.0,4,8,2.0,4.0,0.0,1.0
4723087,FY23,Fixed Established Subscription 6 Concert,6.0,6,12,2.0,6.0,0.0,1.0
4723087,FY24,Fixed Established Subscription 6 Concert,6.0,6,12,2.0,6.0,0.0,1.0
4723196,FY23,Fixed Established Subscription 6 Concert,6.0,12,12,1.0,6.0,-6.0,2.0
4723196,FY24,Fixed Established Subscription 6 Concert,6.0,12,12,1.0,6.0,-6.0,2.0
4723481,FY23,Fixed Freshman Subscription 6 Concert,6.0,6,18,3.0,6.0,0.0,1.0
4723513,FY23,Fixed Established Subscription 6 Concert,6.0,6,12,1.0,6.0,0.0,1.0
4723513,FY24,Fixed Established Subscription 6 Concert,6.0,6,12,1.0,6.0,0.0,1.0
4728195,FY23,Fixed Freshman Subscription 6 Concert,6.0,6,24,4.0,6.0,0.0,1.0
4741496,FY24,Fixed Established Subscription 12 Concert,12.0,1,2,2.0,12.0,11.0,0.08333333333333333
4741496,FY24,Fixed Upgrade Subscription 12 Concert,12.0,11,22,1.8333333333333333,12.0,1.0,0.9166666666666666
4757022,FY23,Fixed Sophomore Subscription 6 Concert,6.0,5,10,2.0,6.0,1.0,0.8333333333333334
4757669,FY24,Fixed Sophomore Subscription 6 Concert,6.0,4,8,2.0,6.0,2.0,0.6666666666666666
4776819,FY24,Fixed Freshman Subscription 6 Concert,6.0,6,6,1.0,6.0,0.0,1.0
4811931,FY23,Fixed Freshman Subscription 6 Concert,6.0,5,10,2.0,6.0,1.0,0.8333333333333334
4811931,FY24,Fixed Sophomore Subscription 6 Concert,6.0,5,12,2.0,6.0,1.0,0.8333333333333334
4814505,FY24,Fixed Freshman Subscription Sunday,4.0,4,4,1.0,4.0,0.0,1.0
4852246,FY23,Fixed Sophomore Subscription 6 Concert,6.0,6,12,2.0,6.0,0.0,1.0
4852246,FY24,Fixed Established Subscription 6 Concert,6.0,6,12,2.0,6.0,0.0,1.0
4878693,FY23,Fixed Established Subscription Sunday,4.0,4,4,1.0,4.0,0.0,1.0
4878693,FY24,Fixed Established Subscription Sunday,4.0,4,4,1.0,4.0,0.0,1.0
4879091,FY23,Fixed Freshman Subscription Sunday,4.0,4,8,2.0,4.0,0.0,1.0
4879091,FY24,Fixed Sophomore  Subscription Sunday,4.0,4,8,2.0,4.0,0.0,1.0
4888006,FY24,Fixed Upgrade Subscription Sunday,4.0,3,3,1.0,4.0,1.0,0.75
4911921,FY23,Fixed Freshman Subscription 6 Concert,6.0,6,12,2.0,6.0,0.0,1.0
4911921,FY24,Fixed Sophomore Subscription 6 Concert,6.0,6,12,2.0,6.0,0.0,1.0
4913661,FY23,Fixed Established Subscription Sunday,4.0,4,8,2.0,4.0,0.0,1.0
4913661,FY24,Fixed Established Subscription Sunday,4.0,4,8,2.0,4.0,0.0,1.0
4916527,FY24,Fixed Chorus Subscription 12 Concert,12.0,1,1,1.0,12.0,11.0,0.08333333333333333
4918102,FY23,Fixed Freshman Subscription Sunday,4.0,2,4,1.0,4.0,2.0,0.5
4918536,FY23,Fixed Established Subscription 12 Concert,12.0,6,12,2.0,12.0,6.0,0.5
4918536,FY24,Fixed Established Subscription 6 Concert,6.0,7,12,1.7142857142857142,6.0,-1.0,1.1666666666666667
4918780,FY24,Fixed Lapsed Subscription Sunday,4.0,3,6,2.0,4.0,1.0,0.75
4918780,FY24,Fixed Sophomore  Subscription Sunday,4.0,1,2,2.0,4.0,3.0,0.25
4920210,FY23,Fixed Established Subscription 12 Concert,12.0,12,24,2.0,12.0,0.0,1.0
4920210,FY24,Fixed Established Subscription 12 Concert,12.0,11,24,1.8461538461538463,12.0,1.0,0.9166666666666666
4922174,FY23,Fixed Established Subscription Sunday,4.0,4,8,1.6,4.0,0.0,1.0
4922174,FY24,Fixed Established Subscription Sunday,4.0,4,8,2.0,4.0,0.0,1.0
4924664,FY23,Fixed Established Subscription 6 Concert,6.0,6,12,2.0,6.0,0.0,1.0
4924664,FY24,Fixed Established Subscription 6 Concert,6.0,5,10,2.0,6.0,1.0,0.8333333333333334
4925235,FY23,Fixed Established Subscription 6 Concert,6.0,6,12,2.0,6.0,0.0,1.0
4925235,FY24,Fixed Established Subscription 6 Concert,6.0,6,12,2.0,6.0,0.0,1.0
4925940,FY23,Fixed Established Subscription 6 Concert,6.0,6,12,1.7142857142857142,6.0,0.0,1.0
4925940,FY24,Fixed Chorus Subscription 6 Concert,6.0,1,2,2.0,6.0,5.0,0.16666666666666666
4925940,FY24,Fixed Established Subscription 6 Concert,6.0,5,10,2.0,6.0,1.0,0.8333333333333334
4926973,FY23,Fixed Established Subscription 24 Concert,24.0,22,24,1.0,24.0,2.0,0.9166666666666666
4926973,FY24,Fixed Established Subscription 24 Concert,24.0,22,24,1.0,24.0,2.0,0.9166666666666666
4927519,FY23,Fixed Sophomore  Subscription Sunday,4.0,4,8,2.0,4.0,0.0,1.0
4956986,FY23,Fixed Established Subscription 6 Concert,6.0,6,12,2.0,6.0,0.0,1.0
4956986,FY24,Fixed Established Subscription 6 Concert,6.0,6,12,2.0,6.0,0.0,1.0
4995640,FY24,Fixed Established Subscription 6 Concert,6.0,6,12,2.0,6.0,0.0,1.0
5010900,FY23,Fixed Established Subscription 12 Concert,12.0,4,12,2.0,12.0,8.0,0.3333333333333333
5010900,FY24,Fixed Established Subscription 12 Concert,12.0,4,12,2.0,12.0,8.0,0.3333333333333333
5021331,FY23,Fixed Established Subscription 6 Concert,6.0,6,12,1.7142857142857142,6.0,0.0,1.0
5021331,FY24,Fixed Established Subscription 6 Concert,6.0,7,12,1.3333333333333333,6.0,-1.0,1.1666666666666667
5028729,FY23,Fixed Established Subscription 6 Concert,6.0,6,6,1.0,6.0,0.0,1.0
5028729,FY24,Fixed Established Subscription 6 Concert,6.0,6,6,1.0,6.0,0.0,1.0
5033734,FY24,Fixed Upgrade Subscription 24 Concert,24.0,24,24,1.0,24.0,0.0,1.0
5048840,FY23,Fixed Established Subscription 6 Concert,6.0,6,12,2.0,6.0,0.0,1.0
5048840,FY23,Fixed Established Subscription Sunday,4.0,4,4,1.0,4.0,0.0,1.0
5048840,FY24,Fixed Established Subscription 6 Concert,6.0,6,12,2.0,6.0,0.0,1.0
5084965,FY23,Fixed Established Subscription 6 Concert,6.0,6,12,2.0,6.0,0.0,1.0
5084965,FY24,Fixed Established Subscription 6 Concert,6.0,6,6,1.0,6.0,0.0,1.0
5110321,FY23,Fixed Sophomore Subscription 6 Concert,6.0,6,12,2.0,6.0,0.0,1.0
5113624,FY23,Fixed Established Subscription 6 Concert,6.0,6,12,2.0,6.0,0.0,1.0
5113624,FY24,Fixed Established Subscription 6 Concert,6.0,4,8,2.0,6.0,2.0,0.6666666666666666
5115708,FY23,Fixed Musician Subscription 6 Concert,6.0,6,12,2.0,6.0,0.0,1.0
5115708,FY24,Fixed Musician Subscription 6 Concert,6.0,6,12,2.0,6.0,0.0,1.0
5116370,FY23,Fixed Freshman Subscription 24 Concert,24.0,22,44,1.5714285714285714,24.0,2.0,0.9166666666666666
5116370,FY23,Fixed Freshman Subscription 6 Concert,6.0,1,2,2.0,6.0,5.0,0.16666666666666666
5116370,FY24,Fixed Sophomore Subscription 24 Concert,24.0,24,48,1.6551724137931034,24.0,0.0,1.0
5127194,FY23,Fixed Freshman Subscription 6 Concert,6.0,1,2,2.0,6.0,5.0,0.16666666666666666
5127194,FY23,Fixed Freshman Subscription Sunday,4.0,3,6,2.0,4.0,1.0,0.75
5128096,FY24,Fixed Freshman Subscription Sunday,4.0,4,4,1.0,4.0,0.0,1.0
5128389,FY23,Fixed Freshman Subscription 6 Concert,6.0,6,6,1.0,6.0,0.0,1.0
5128389,FY24,Fixed Sophomore Subscription 6 Concert,6.0,6,6,1.0,6.0,0.0,1.0
5137193,FY24,Fixed Upgrade Subscription 6 Concert,6.0,6,6,1.0,6.0,0.0,1.0
5140238,FY24,Fixed Chorus Subscription 12 Concert,12.0,1,2,2.0,12.0,11.0,0.08333333333333333
5154609,FY23,Fixed Established Subscription 6 Concert,6.0,6,18,3.0,6.0,0.0,1.0
5154609,FY24,Fixed Established Subscription 6 Concert,6.0,6,18,3.0,6.0,0.0,1.0
5164309,FY23,Fixed Established Subscription Sunday,4.0,4,4,1.0,4.0,0.0,1.0
5195871,FY23,Fixed Established Subscription 24 Concert,24.0,14,18,1.0,24.0,10.0,0.5833333333333334
5195871,FY24,Fixed Established Subscription 24 Concert,24.0,10,22,1.0,24.0,14.0,0.4166666666666667
5199649,FY23,Fixed Freshman Subscription 6 Concert,6.0,6,18,3.0,6.0,0.0,1.0
5199649,FY24,Fixed Sophomore Subscription 6 Concert,6.0,6,18,3.0,6.0,0.0,1.0
5230692,FY24,Fixed Freshman Subscription 6 Concert,6.0,6,6,1.0,6.0,0.0,1.0
5271925,FY24,Fixed Freshman Subscription 6 Concert,6.0,5,12,2.0,6.0,1.0,0.8333333333333334
5287241,FY24,Fixed Established Subscription 6 Concert,6.0,6,12,2.0,6.0,0.0,1.0
5292890,FY23,Fixed Freshman Subscription 6 Concert,6.0,5,10,2.0,6.0,1.0,0.8333333333333334
5292890,FY24,Fixed Sophomore Subscription 12 Concert,12.0,6,13,1.8571428571428572,12.0,6.0,0.5
5303015,FY23,Fixed Lapsed Subscription 24 Concert,24.0,5,5,1.0,24.0,19.0,0.20833333333333334
5303015,FY23,Fixed Sophomore  Subscription Sunday,4.0,2,4,2.0,4.0,2.0,0.5
5304732,FY23,Fixed Established Subscription 6 Concert,6.0,6,18,3.0,6.0,0.0,1.0
5304732,FY24,Fixed Established Subscription 6 Concert,6.0,6,18,3.0,6.0,0.0,1.0
5305529,FY24,Fixed Established Subscription 6 Concert,6.0,6,12,2.0,6.0,0.0,1.0
5308855,FY23,Fixed Sophomore Subscription 6 Concert,6.0,5,12,1.3333333333333333,6.0,1.0,0.8333333333333334
5308855,FY24,Fixed Established Subscription 6 Concert,6.0,6,12,2.0,6.0,0.0,1.0
5310114,FY23,Fixed Established Subscription 6 Concert,6.0,6,12,2.0,6.0,0.0,1.0
5310114,FY24,Fixed Established Subscription 6 Concert,6.0,6,12,1.5,6.0,0.0,1.0
5312941,FY23,Fixed Established Subscription 6 Concert,6.0,6,12,2.0,6.0,0.0,1.0
5314863,FY24,Fixed Lapsed Subscription 6 Concert,6.0,6,6,1.0,6.0,0.0,1.0
5319908,FY23,Fixed Freshman Subscription Sunday,4.0,4,8,2.0,4.0,0.0,1.0
5328399,FY23,Fixed Sophomore  Subscription Sunday,4.0,3,6,2.0,4.0,1.0,0.75
5328399,FY23,Fixed Upgrade Subscription Sunday,4.0,1,2,2.0,4.0,3.0,0.25
5334189,FY23,Fixed Established Subscription 6 Concert,6.0,1,2,2.0,6.0,5.0,0.16666666666666666
5337220,FY23,Fixed Freshman Subscription 6 Concert,6.0,6,12,1.0909090909090908,6.0,0.0,1.0
5337220,FY24,Fixed Sophomore  Subscription Sunday,4.0,4,8,1.3333333333333333,4.0,0.0,1.0
5356386,FY23,Fixed Chorus Subscription 12 Concert,12.0,10,22,2.0,12.0,2.0,0.8333333333333334
5361003,FY23,Fixed Established Subscription 6 Concert,6.0,6,12,2.0,6.0,0.0,1.0
5361003,FY24,Fixed Established Subscription 6 Concert,6.0,6,12,2.0,6.0,0.0,1.0
5368436,FY24,Fixed Freshman Subscription 6 Concert,6.0,6,12,2.0,6.0,0.0,1.0
5407862,FY23,Fixed Freshman Subscription 18 Concert,18.0,12,49,3.5,18.0,6.0,0.6666666666666666
5407862,FY24,Fixed Freshman Subscription 24 Concert,24.0,1,1,1.0,24.0,23.0,0.041666666666666664
5407862,FY24,Fixed Sophomore Subscription 12 Concert,12.0,5,41,2.9285714285714284,12.0,7.0,0.4166666666666667
5407862,FY24,Fixed Upgrade Subscription 12 Concert,12.0,1,3,3.0,12.0,11.0,0.08333333333333333
5414730,FY24,Fixed Established Subscription 6 Concert,6.0,10,20,2.0,6.0,-4.0,1.6666666666666667
5453996,FY24,Fixed Freshman Subscription Sunday,4.0,4,8,2.0,4.0,0.0,1.0
5485569,FY23,Fixed Freshman Subscription 6 Concert,6.0,6,6,1.0,6.0,0.0,1.0
5493025,FY23,Fixed Established Subscription 6 Concert,6.0,6,12,2.0,6.0,0.0,1.0
5493025,FY23,Fixed Sophomore Subscription 6 Concert,6.0,6,12,2.0,6.0,0.0,1.0
5493481,FY23,Fixed Freshman Subscription Sunday,4.0,4,4,1.0,4.0,0.0,1.0
5508899,FY24,Fixed Freshman Subscription 6 Concert,6.0,6,12,2.0,6.0,0.0,1.0
5519554,FY23,Fixed Freshman Subscription 6 Concert,6.0,4,12,2.0,6.0,2.0,0.6666666666666666
5519554,FY24,Fixed Sophomore Subscription 6 Concert,6.0,6,18,3.0,6.0,0.0,1.0
5541857,FY23,Fixed Established Subscription 6 Concert,6.0,5,12,2.0,6.0,1.0,0.8333333333333334
5541857,FY24,Fixed Established Subscription 6 Concert,6.0,6,12,2.0,6.0,0.0,1.0
5546580,FY24,Fixed Freshman Subscription 6 Concert,6.0,6,12,2.0,6.0,0.0,1.0
5570999,FY24,Fixed Freshman Subscription 6 Concert,6.0,6,12,1.7142857142857142,6.0,0.0,1.0
5583550,FY24,Fixed Freshman Subscription Sunday,4.0,4,8,2.0,4.0,0.0,1.0
5597751,FY23,Fixed Freshman Subscription 6 Concert,6.0,3,6,2.0,6.0,3.0,0.5
5598222,FY24,Fixed Upgrade Subscription Sunday,4.0,4,8,2.0,4.0,0.0,1.0
5607531,FY23,Fixed Established Subscription 6 Concert,6.0,6,12,2.0,6.0,0.0,1.0
5607531,FY24,Fixed Established Subscription 6 Concert,6.0,6,12,2.0,6.0,0.0,1.0
5612775,FY24,Fixed Freshman Subscription Sunday,4.0,4,4,1.0,4.0,0.0,1.0
5615995,FY24,Fixed Freshman Subscription 6 Concert,6.0,6,12,2.0,6.0,0.0,1.0
5615995,FY24,Fixed Freshman Subscription Sunday,4.0,4,20,5.0,4.0,0.0,1.0
5616842,FY24,Fixed Freshman Subscription 6 Concert,6.0,6,12,2.0,6.0,0.0,1.0
5652115,FY24,Fixed Freshman Subscription 6 Concert,6.0,6,6,1.0,6.0,0.0,1.0
5655632,FY23,Fixed Established Subscription 6 Concert,6.0,6,12,2.0,6.0,0.0,1.0
5655632,FY24,Fixed Established Subscription 6 Concert,6.0,6,12,2.0,6.0,0.0,1.0
5667937,FY23,Fixed Sophomore Subscription 6 Concert,6.0,6,12,2.0,6.0,0.0,1.0
5667937,FY24,Fixed Established Subscription 6 Concert,6.0,6,12,2.0,6.0,0.0,1.0
5669552,FY23,Fixed Established Subscription 6 Concert,6.0,6,12,2.0,6.0,0.0,1.0
5669552,FY24,Fixed Established Subscription 6 Concert,6.0,6,12,2.0,6.0,0.0,1.0
5671980,FY23,Fixed Established Subscription 6 Concert,6.0,6,12,2.0,6.0,0.0,1.0
5671980,FY24,Fixed Established Subscription 6 Concert,6.0,4,12,2.4,6.0,2.0,0.6666666666666666
5686549,FY23,Fixed Established Subscription 6 Concert,6.0,6,12,2.0,6.0,0.0,1.0
5693807,FY23,Fixed Sophomore Subscription 12 Concert,12.0,12,24,2.0,12.0,0.0,1.0
5693807,FY24,Fixed Established Subscription 6 Concert,6.0,12,24,2.0,6.0,-6.0,2.0
5713587,FY23,Fixed Established Subscription 6 Concert,6.0,6,12,2.0,6.0,0.0,1.0
5713587,FY24,Fixed Established Subscription 6 Concert,6.0,6,12,2.0,6.0,0.0,1.0
5727719,FY23,Fixed Freshman Subscription 6 Concert,6.0,6,6,1.0,6.0,0.0,1.0
5733998,FY23,Fixed Established Subscription 6 Concert,6.0,6,12,2.0,6.0,0.0,1.0
5776357,FY23,Fixed Established Subscription 6 Concert,6.0,6,12,2.0,6.0,0.0,1.0
5805150,FY24,Fixed Freshman Subscription 6 Concert,6.0,6,6,1.0,6.0,0.0,1.0
5823493,FY24,Fixed Sophomore  Subscription Sunday,4.0,2,6,2.0,4.0,2.0,0.5
5824095,FY23,Fixed Established Subscription Sunday,4.0,4,8,2.0,4.0,0.0,1.0
5824095,FY24,Fixed Established Subscription Sunday,4.0,4,8,2.0,4.0,0.0,1.0
5824114,FY23,Fixed Established Subscription 6 Concert,6.0,6,24,2.0,6.0,0.0,1.0
5824114,FY24,Fixed Established Subscription 6 Concert,6.0,6,24,1.1428571428571428,6.0,0.0,1.0
5852821,FY24,Fixed Upgrade Subscription 6 Concert,6.0,6,12,2.0,6.0,0.0,1.0
5857407,FY23,Fixed Lapsed Subscription 6 Concert,6.0,1,2,2.0,6.0,5.0,0.16666666666666666
5857407,FY23,Fixed Lapsed Subscription Sunday,4.0,3,6,2.0,4.0,1.0,0.75
5858976,FY24,Fixed Freshman Subscription 6 Concert,6.0,5,10,1.6666666666666667,6.0,1.0,0.8333333333333334
5859292,FY23,Fixed Established Subscription 24 Concert,24.0,17,34,2.0,24.0,7.0,0.7083333333333334
5859292,FY24,Fixed Established Subscription 24 Concert,24.0,22,44,2.0,24.0,2.0,0.9166666666666666
5875322,FY23,Fixed Established Subscription 6 Concert,6.0,6,12,2.0,6.0,0.0,1.0
5875322,FY24,Fixed Established Subscription 6 Concert,6.0,6,12,2.0,6.0,0.0,1.0
5889238,FY23,Fixed Freshman Subscription 6 Concert,6.0,6,12,2.0,6.0,0.0,1.0
5889411,FY24,Fixed Freshman Subscription Sunday,4.0,4,12,3.0,4.0,0.0,1.0
5894489,FY24,Fixed Freshman Subscription 6 Concert,6.0,6,7,1.1666666666666667,6.0,0.0,1.0
5915514,FY23,Fixed Freshman Subscription 18 Concert,18.0,2,2,1.0,18.0,16.0,0.1111111111111111
5915514,FY23,Fixed Freshman Subscription 6 Concert,6.0,1,2,1.0,6.0,5.0,0.16666666666666666
5930001,FY23,Fixed Established Subscription 6 Concert,6.0,6,12,2.0,6.0,0.0,1.0
5930001,FY24,Fixed Established Subscription 6 Concert,6.0,6,12,2.0,6.0,0.0,1.0
5934006,FY23,Fixed Upgrade Subscription 18 Concert,18.0,14,36,2.1176470588235294,18.0,4.0,0.7777777777777778
5936013,FY23,Fixed Freshman Subscription Sunday,4.0,4,8,2.0,4.0,0.0,1.0
5954566,FY23,Fixed Sophomore Subscription 6 Concert,6.0,12,24,2.0,6.0,-6.0,2.0
5958126,FY23,Fixed Established Subscription 6 Concert,6.0,6,13,2.1666666666666665,6.0,0.0,1.0
5962444,FY24,Fixed Freshman Subscription 6 Concert,6.0,6,12,2.0,6.0,0.0,1.0
5969207,FY23,Fixed Lapsed Subscription 6 Concert,6.0,6,12,2.0,6.0,0.0,1.0
5969207,FY24,Fixed Established Subscription 6 Concert,6.0,6,12,2.0,6.0,0.0,1.0
5986317,FY23,Fixed Freshman Subscription 6 Concert,6.0,6,12,2.0,6.0,0.0,1.0
5988299,FY23,Fixed Sophomore  Subscription Sunday,4.0,4,8,2.0,4.0,0.0,1.0
5988299,FY24,Fixed Established Subscription Sunday,4.0,4,8,2.0,4.0,0.0,1.0
5993440,FY23,Fixed Freshman Subscription 24 Concert,24.0,24,48,2.0,24.0,0.0,1.0
5993440,FY24,Fixed Sophomore Subscription 24 Concert,24.0,24,48,2.0,24.0,0.0,1.0
5998225,FY23,Fixed Established Subscription Sunday,4.0,4,8,2.0,4.0,0.0,1.0
5998225,FY24,Fixed Established Subscription Sunday,4.0,4,8,2.0,4.0,0.0,1.0
6001158,FY23,Fixed Established Subscription Sunday,4.0,4,8,2.0,4.0,0.0,1.0
6001158,FY24,Fixed Established Subscription Sunday,4.0,4,8,2.0,4.0,0.0,1.0
6005456,FY23,Fixed Sophomore Subscription 6 Concert,6.0,6,12,2.0,6.0,0.0,1.0
6005456,FY24,Fixed Established Subscription 6 Concert,6.0,6,12,2.0,6.0,0.0,1.0
6025298,FY23,Fixed Freshman Subscription Sunday,4.0,4,8,2.0,4.0,0.0,1.0
6027690,FY24,Fixed Chorus Subscription 12 Concert,12.0,1,1,1.0,12.0,11.0,0.08333333333333333
6028493,FY23,Fixed Established Subscription 6 Concert,6.0,6,12,2.0,6.0,0.0,1.0
6035576,FY23,Fixed Established Subscription Sunday,4.0,4,8,2.0,4.0,0.0,1.0
6042529,FY23,Fixed Musician Subscription 24 Concert,24.0,24,24,1.0,24.0,0.0,1.0
6057171,FY23,Fixed Established Subscription Sunday,4.0,4,4,1.0,4.0,0.0,1.0
6057171,FY24,Fixed Established Subscription Sunday,4.0,4,4,1.0,4.0,0.0,1.0
6057848,FY23,Fixed Freshman Subscription Sunday,4.0,4,8,2.0,4.0,0.0,1.0
6061319,FY24,Fixed Sophomore Subscription 6 Concert,6.0,3,6,1.0,6.0,3.0,0.5
6071324,FY23,Fixed Chorus Subscription 6 Concert,6.0,2,4,2.0,6.0,4.0,0.3333333333333333
6072542,FY23,Fixed Established Subscription 6 Concert,6.0,6,18,1.5,6.0,0.0,1.0
6072542,FY24,Fixed Established Subscription 6 Concert,6.0,6,12,2.0,6.0,0.0,1.0
6072738,FY23,Fixed Established Subscription 6 Concert,6.0,6,12,2.0,6.0,0.0,1.0
6073259,FY24,Fixed Freshman Subscription 6 Concert,6.0,5,10,2.0,6.0,1.0,0.8333333333333334
6073777,FY23,Fixed Freshman Subscription Sunday,4.0,1,2,2.0,4.0,3.0,0.25
6073838,FY24,Fixed Established Subscription Sunday,4.0,4,8,2.0,4.0,0.0,1.0
6073938,FY24,Fixed Freshman Subscription 6 Concert,6.0,6,12,2.0,6.0,0.0,1.0
6074014,FY23,Fixed Freshman Subscription 12 Concert,12.0,11,12,1.0,12.0,1.0,0.9166666666666666
6074014,FY24,Fixed Sophomore Subscription 12 Concert,12.0,12,12,1.0,12.0,0.0,1.0
6077821,FY24,Fixed Upgrade Subscription 6 Concert,6.0,18,36,2.0,6.0,-12.0,3.0
6085104,FY23,Fixed Established Subscription 6 Concert,6.0,6,12,2.0,6.0,0.0,1.0
6104868,FY24,Fixed Freshman Subscription Sunday,4.0,4,8,2.0,4.0,0.0,1.0
6111805,FY23,Fixed Chorus Subscription 12 Concert,12.0,1,2,2.0,12.0,11.0,0.08333333333333333
6129023,FY23,Fixed Established Subscription 6 Concert,6.0,6,12,2.0,6.0,0.0,1.0
6129023,FY24,Fixed Established Subscription 6 Concert,6.0,6,12,2.0,6.0,0.0,1.0
6161183,FY23,Fixed Freshman Subscription 6 Concert,6.0,6,18,2.5714285714285716,6.0,0.0,1.0
6161183,FY23,Fixed Lapsed Subscription 6 Concert,6.0,6,6,1.0,6.0,0.0,1.0
6167669,FY23,Fixed Established Subscription 6 Concert,6.0,6,12,2.0,6.0,0.0,1.0
6214728,FY23,Fixed Sophomore Subscription 6 Concert,6.0,6,12,2.0,6.0,0.0,1.0
6214728,FY24,Fixed Established Subscription 6 Concert,6.0,6,12,1.7142857142857142,6.0,0.0,1.0
6224661,FY23,Fixed Freshman Subscription Sunday,4.0,4,8,2.0,4.0,0.0,1.0
6224661,FY24,Fixed Sophomore  Subscription Sunday,4.0,4,8,2.0,4.0,0.0,1.0
6226217,FY23,Fixed Established Subscription 6 Concert,6.0,6,12,2.0,6.0,0.0,1.0
6226217,FY24,Fixed Established Subscription 6 Concert,6.0,6,12,2.0,6.0,0.0,1.0
6227668,FY24,Fixed Freshman Subscription 6 Concert,6.0,6,12,2.0,6.0,0.0,1.0
6236373,FY23,Fixed Established Subscription Sunday,4.0,4,8,2.0,4.0,0.0,1.0
6246542,FY24,Fixed Upgrade Subscription Sunday,4.0,4,4,1.0,4.0,0.0,1.0
6250066,FY24,Fixed Established Subscription 6 Concert,6.0,6,12,2.0,6.0,0.0,1.0
6250567,FY23,Fixed Established Subscription 6 Concert,6.0,6,12,2.0,6.0,0.0,1.0
6250567,FY23,Fixed Musician Subscription 24 Concert,24.0,1,2,2.0,24.0,23.0,0.041666666666666664
6250567,FY24,Fixed Established Subscription 6 Concert,6.0,6,12,2.0,6.0,0.0,1.0
6252123,FY23,Fixed Sophomore Subscription 6 Concert,6.0,6,12,2.0,6.0,0.0,1.0
6255232,FY23,Fixed Established Subscription 6 Concert,6.0,6,12,2.0,6.0,0.0,1.0
6255232,FY24,Fixed Established Subscription 6 Concert,6.0,6,12,2.0,6.0,0.0,1.0
6256537,FY23,Fixed Established Subscription 6 Concert,6.0,5,6,1.0,6.0,1.0,0.8333333333333334
6256537,FY24,Fixed Established Subscription 6 Concert,6.0,5,6,1.0,6.0,1.0,0.8333333333333334
6257931,FY23,Fixed Established Subscription 6 Concert,6.0,5,30,1.875,6.0,1.0,0.8333333333333334
6257931,FY23,Fixed Freshman Subscription 12 Concert,12.0,1,6,2.0,12.0,11.0,0.08333333333333333
6257931,FY23,Fixed Freshman Subscription 6 Concert,6.0,1,1,1.0,6.0,5.0,0.16666666666666666
6276652,FY24,Fixed Established Subscription 6 Concert,6.0,6,12,2.0,6.0,0.0,1.0
6279617,FY23,Fixed Freshman Subscription 6 Concert,6.0,7,12,1.7142857142857142,6.0,-1.0,1.1666666666666667
6279617,FY24,Fixed Sophomore Subscription 6 Concert,6.0,6,12,2.0,6.0,0.0,1.0
6286079,FY23,Fixed Freshman Subscription 6 Concert,6.0,6,12,1.0,6.0,0.0,1.0
6286079,FY24,Fixed Sophomore Subscription 6 Concert,6.0,6,12,2.0,6.0,0.0,1.0
6302688,FY23,Fixed Freshman Subscription 6 Concert,6.0,6,12,2.0,6.0,0.0,1.0
6303247,FY23,Fixed Established Subscription 6 Concert,6.0,12,24,2.0,6.0,-6.0,2.0
6303247,FY24,Fixed Established Subscription 6 Concert,6.0,6,12,2.0,6.0,0.0,1.0
6303281,FY23,Fixed Freshman Subscription 6 Concert,6.0,6,12,2.0,6.0,0.0,1.0
6305706,FY23,Fixed Established Subscription 6 Concert,6.0,10,18,1.2,6.0,-4.0,1.6666666666666667
6305706,FY23,Fixed Established Subscription Sunday,4.0,2,4,2.0,4.0,2.0,0.5
6305706,FY24,Fixed Established Subscription 6 Concert,6.0,11,17,1.5454545454545454,6.0,-5.0,1.8333333333333333
6306007,FY23,Fixed Established Subscription 6 Concert,6.0,6,6,1.0,6.0,0.0,1.0
6306007,FY24,Fixed Established Subscription 6 Concert,6.0,6,6,1.0,6.0,0.0,1.0
6309378,FY23,Fixed Freshman Subscription 6 Concert,6.0,6,12,2.0,6.0,0.0,1.0
6310322,FY23,Fixed Freshman Subscription 18 Concert,18.0,1,2,2.0,18.0,17.0,0.05555555555555555
6310322,FY23,Fixed Sophomore Subscription 18 Concert,18.0,17,28,1.6470588235294117,18.0,1.0,0.9444444444444444
6310322,FY24,Fixed Established Subscription 18 Concert,18.0,12,18,1.5,18.0,6.0,0.6666666666666666
6312960,FY23,Fixed Lapsed Subscription 6 Concert,6.0,6,18,3.0,6.0,0.0,1.0
6321661,FY23,Fixed Sophomore  Subscription Sunday,4.0,3,3,1.0,4.0,1.0,0.75
6326128,FY23,Fixed Freshman Subscription 18 Concert,18.0,16,34,1.7894736842105263,18.0,2.0,0.8888888888888888
6326128,FY23,Fixed Freshman Subscription 6 Concert,6.0,7,12,1.7142857142857142,6.0,-1.0,1.1666666666666667
6326128,FY23,Fixed Musician Subscription 18 Concert,18.0,1,2,2.0,18.0,17.0,0.05555555555555555
6326128,FY24,Fixed Freshman Subscription 24 Concert,24.0,22,48,2.0,24.0,2.0,0.9166666666666666
6336249,FY24,Fixed Established Subscription 6 Concert,6.0,6,12,2.0,6.0,0.0,1.0
6348668,FY23,Fixed Established Subscription 24 Concert,24.0,21,21,1.0,24.0,3.0,0.875
6348668,FY24,Fixed Established Subscription 24 Concert,24.0,12,12,1.0,24.0,12.0,0.5
6356133,FY24,Fixed Freshman Subscription 6 Concert,6.0,6,12,2.0,6.0,0.0,1.0
6368666,FY23,Fixed Freshman Subscription 18 Concert,18.0,5,10,2.0,18.0,13.0,0.2777777777777778
6368666,FY23,Fixed Freshman Subscription 6 Concert,6.0,1,2,2.0,6.0,5.0,0.16666666666666666
6368666,FY24,Fixed Sophomore Subscription 18 Concert,18.0,6,12,2.0,18.0,12.0,0.3333333333333333
6369247,FY23,Fixed Established Subscription 6 Concert,6.0,6,12,2.0,6.0,0.0,1.0
6369247,FY24,Fixed Established Subscription 6 Concert,6.0,6,12,2.0,6.0,0.0,1.0
6375692,FY23,Fixed Established Subscription 6 Concert,6.0,6,12,2.0,6.0,0.0,1.0
6375692,FY24,Fixed Established Subscription 6 Concert,6.0,6,12,2.0,6.0,0.0,1.0
6384938,FY23,Fixed Freshman Subscription 6 Concert,6.0,5,12,2.0,6.0,1.0,0.8333333333333334
6384938,FY24,Fixed Freshman Subscription 6 Concert,6.0,4,12,2.0,6.0,2.0,0.6666666666666666
6408811,FY23,Fixed Established Subscription Sunday,4.0,4,4,1.0,4.0,0.0,1.0
6408811,FY24,Fixed Established Subscription Sunday,4.0,4,4,1.0,4.0,0.0,1.0
6426908,FY23,Fixed Chorus Subscription 12 Concert,12.0,1,1,1.0,12.0,11.0,0.08333333333333333
6430089,FY23,Fixed Established Subscription 12 Concert,12.0,11,22,2.0,12.0,1.0,0.9166666666666666
6439650,FY23,Fixed Established Subscription 6 Concert,6.0,6,12,2.0,6.0,0.0,1.0
6439650,FY24,Fixed Established Subscription 6 Concert,6.0,6,12,2.0,6.0,0.0,1.0
6440072,FY23,Fixed Freshman Subscription 6 Concert,6.0,6,12,2.0,6.0,0.0,1.0
6456471,FY24,Fixed Freshman Subscription Sunday,4.0,4,12,1.5,4.0,0.0,1.0
6457559,FY24,Fixed Freshman Subscription 24 Concert,24.0,23,23,1.0,24.0,1.0,0.9583333333333334
6457618,FY24,Fixed Established Subscription 6 Concert,6.0,6,12,2.0,6.0,0.0,1.0
6468017,FY24,Fixed Freshman Subscription 12 Concert,12.0,12,12,1.0,12.0,0.0,1.0
6468315,FY23,Fixed Established Subscription 24 Concert,24.0,23,46,2.0,24.0,1.0,0.9583333333333334
6468315,FY24,Fixed Established Subscription 24 Concert,24.0,22,48,2.0,24.0,2.0,0.9166666666666666
6469200,FY23,Fixed Lapsed Subscription 6 Concert,6.0,6,12,2.0,6.0,0.0,1.0
6469200,FY24,Fixed Established Subscription 6 Concert,6.0,6,12,2.0,6.0,0.0,1.0
6470710,FY24,Fixed Freshman Subscription 6 Concert,6.0,6,12,2.0,6.0,0.0,1.0
6471817,FY24,Fixed Upgrade Subscription Sunday,4.0,4,4,1.0,4.0,0.0,1.0
6477628,FY23,Fixed Established Subscription 6 Concert,6.0,6,12,2.0,6.0,0.0,1.0
6477628,FY24,Fixed Established Subscription 6 Concert,6.0,6,12,2.0,6.0,0.0,1.0
6492165,FY23,Fixed Established Subscription 12 Concert,12.0,10,10,1.0,12.0,2.0,0.8333333333333334
6492165,FY24,Fixed Established Subscription 12 Concert,12.0,12,12,1.0,12.0,0.0,1.0
6492922,FY24,Fixed Freshman Subscription 6 Concert,6.0,6,12,2.0,6.0,0.0,1.0
6493635,FY24,Fixed Freshman Subscription 6 Concert,6.0,5,5,1.0,6.0,1.0,0.8333333333333334
6493635,FY24,Fixed Musician Subscription 6 Concert,6.0,1,1,1.0,6.0,5.0,0.16666666666666666
6493866,FY23,Fixed Established Subscription 6 Concert,6.0,6,12,2.0,6.0,0.0,1.0
6493866,FY24,Fixed Established Subscription 6 Concert,6.0,6,12,2.0,6.0,0.0,1.0
6497412,FY24,Fixed Sophomore Subscription 6 Concert,6.0,4,8,2.0,6.0,2.0,0.6666666666666666
6497480,FY24,Fixed Established Subscription Sunday,4.0,4,8,2.0,4.0,0.0,1.0
6498032,FY23,Fixed Freshman Subscription 18 Concert,18.0,18,18,1.0,18.0,0.0,1.0
6501478,FY23,Fixed Established Subscription Sunday,4.0,4,8,2.0,4.0,0.0,1.0
6501478,FY24,Fixed Established Subscription Sunday,4.0,4,8,2.0,4.0,0.0,1.0
6501775,FY24,Fixed Freshman Subscription 6 Concert,6.0,6,6,1.0,6.0,0.0,1.0
6502492,FY23,Fixed Established Subscription 6 Concert,6.0,6,6,1.0,6.0,0.0,1.0
6502492,FY24,Fixed Established Subscription 6 Concert,6.0,6,6,1.0,6.0,0.0,1.0
6503920,FY23,Fixed Established Subscription 6 Concert,6.0,6,12,2.0,6.0,0.0,1.0
6503920,FY24,Fixed Established Subscription 6 Concert,6.0,6,12,2.0,6.0,0.0,1.0
6504282,FY23,Fixed Established Subscription 12 Concert,12.0,6,6,1.0,12.0,6.0,0.5
6504282,FY23,Fixed Established Subscription 18 Concert,18.0,6,6,1.0,18.0,12.0,0.3333333333333333
6504282,FY24,Fixed Established Subscription 12 Concert,12.0,6,6,1.0,12.0,6.0,0.5
6514716,FY23,Fixed Established Subscription 6 Concert,6.0,5,6,1.0,6.0,1.0,0.8333333333333334
6514716,FY24,Fixed Established Subscription 6 Concert,6.0,6,6,1.0,6.0,0.0,1.0
6519930,FY23,Fixed Freshman Subscription 6 Concert,6.0,5,10,2.0,6.0,1.0,0.8333333333333334
6519930,FY24,Fixed Sophomore Subscription 6 Concert,6.0,6,12,2.0,6.0,0.0,1.0
6520719,FY24,Fixed Established Subscription 6 Concert,6.0,6,12,2.0,6.0,0.0,1.0
6523387,FY24,Fixed Freshman Subscription 6 Concert,6.0,6,12,1.5,6.0,0.0,1.0
6525520,FY23,Fixed Established Subscription 12 Concert,12.0,11,24,2.0,12.0,1.0,0.9166666666666666
6525520,FY24,Fixed Established Subscription 12 Concert,12.0,12,24,1.7142857142857142,12.0,0.0,1.0
6527557,FY23,Fixed Established Subscription Sunday,4.0,4,8,2.0,4.0,0.0,1.0
6528374,FY23,Fixed Sophomore  Subscription Sunday,4.0,4,4,1.0,4.0,0.0,1.0
6528374,FY24,Fixed Established Subscription Sunday,4.0,4,4,1.0,4.0,0.0,1.0
6528430,FY23,Fixed Established Subscription Sunday,4.0,4,12,1.5,4.0,0.0,1.0
6528430,FY24,Fixed Established Subscription Sunday,4.0,4,12,1.5,4.0,0.0,1.0
6532446,FY23,Fixed Established Subscription 6 Concert,6.0,6,6,1.0,6.0,0.0,1.0
6532446,FY24,Fixed Established Subscription 6 Concert,6.0,6,6,1.0,6.0,0.0,1.0
6535417,FY23,Fixed Established Subscription 6 Concert,6.0,6,12,2.0,6.0,0.0,1.0
6535417,FY24,Fixed Established Subscription 6 Concert,6.0,6,12,2.0,6.0,0.0,1.0
6535536,FY23,Fixed Sophomore Subscription 6 Concert,6.0,6,13,1.8571428571428572,6.0,0.0,1.0
6535666,FY23,Fixed Lapsed Subscription Sunday,4.0,4,8,1.0,4.0,0.0,1.0
6535666,FY24,Fixed Established Subscription Sunday,4.0,2,4,1.0,4.0,2.0,0.5
6535692,FY23,Fixed Established Subscription 6 Concert,6.0,11,22,2.0,6.0,-5.0,1.8333333333333333
6535692,FY24,Fixed Established Subscription 6 Concert,6.0,10,20,2.0,6.0,-4.0,1.6666666666666667
6535962,FY23,Fixed Established Subscription 6 Concert,6.0,6,12,2.0,6.0,0.0,1.0
6535962,FY24,Fixed Established Subscription 6 Concert,6.0,6,12,2.0,6.0,0.0,1.0
6536738,FY23,Fixed Established Subscription 6 Concert,6.0,12,24,2.0,6.0,-6.0,2.0
6561605,FY23,Fixed Established Subscription Sunday,4.0,4,8,2.0,4.0,0.0,1.0
6561605,FY24,Fixed Established Subscription Sunday,4.0,4,9,2.25,4.0,0.0,1.0
6563906,FY23,Fixed Established Subscription 6 Concert,6.0,6,12,2.0,6.0,0.0,1.0
6563906,FY24,Fixed Established Subscription 6 Concert,6.0,7,12,1.7142857142857142,6.0,-1.0,1.1666666666666667
6588295,FY23,Fixed Sophomore Subscription 6 Concert,6.0,6,12,2.0,6.0,0.0,1.0
6588295,FY24,Fixed Established Subscription 6 Concert,6.0,6,12,2.0,6.0,0.0,1.0
6589446,FY23,Fixed Established Subscription 6 Concert,6.0,6,12,2.0,6.0,0.0,1.0
6589446,FY24,Fixed Established Subscription 6 Concert,6.0,6,12,2.0,6.0,0.0,1.0
6591804,FY24,Fixed Established Subscription 6 Concert,6.0,6,12,1.7142857142857142,6.0,0.0,1.0
6592668,FY23,Fixed Established Subscription Sunday,4.0,4,4,1.0,4.0,0.0,1.0
6592668,FY24,Fixed Established Subscription Sunday,4.0,4,4,1.0,4.0,0.0,1.0
6621468,FY24,Fixed Established Subscription 6 Concert,6.0,6,12,2.0,6.0,0.0,1.0
6622803,FY23,Fixed Freshman Subscription 6 Concert,6.0,6,12,2.0,6.0,0.0,1.0
6626391,FY23,Fixed Freshman Subscription 6 Concert,6.0,6,12,2.0,6.0,0.0,1.0
6639391,FY23,Fixed Sophomore Subscription 6 Concert,6.0,6,12,2.0,6.0,0.0,1.0
6639745,FY24,Fixed Sophomore  Subscription Sunday,4.0,4,8,2.0,4.0,0.0,1.0
6641223,FY23,Fixed Established Subscription 18 Concert,18.0,16,35,1.8421052631578947,18.0,2.0,0.8888888888888888
6641223,FY24,Fixed Established Subscription 18 Concert,18.0,12,24,2.0,18.0,6.0,0.6666666666666666
6641223,FY24,Fixed Established Subscription 6 Concert,6.0,6,12,2.0,6.0,0.0,1.0
6643883,FY23,Fixed Established Subscription Sunday,4.0,4,4,1.0,4.0,0.0,1.0
6644799,FY24,Fixed Chorus Subscription 12 Concert,12.0,5,11,1.5714285714285714,12.0,7.0,0.4166666666666667
6648349,FY23,Fixed Established Subscription 6 Concert,6.0,6,12,2.0,6.0,0.0,1.0
6654818,FY24,Fixed Freshman Subscription 6 Concert,6.0,5,5,1.0,6.0,1.0,0.8333333333333334
6660268,FY24,Fixed Established Subscription 6 Concert,6.0,6,6,1.0,6.0,0.0,1.0
6665723,FY23,Fixed Established Subscription 6 Concert,6.0,7,12,1.7142857142857142,6.0,-1.0,1.1666666666666667
6665723,FY24,Fixed Established Subscription 6 Concert,6.0,6,12,2.0,6.0,0.0,1.0
6667079,FY24,Fixed Established Subscription 6 Concert,6.0,6,12,2.0,6.0,0.0,1.0
6667511,FY23,Fixed Established Subscription Sunday,4.0,4,8,2.0,4.0,0.0,1.0
6667511,FY24,Fixed Established Subscription Sunday,4.0,4,8,2.0,4.0,0.0,1.0
6673818,FY23,Fixed Lapsed Subscription 6 Concert,6.0,6,12,2.0,6.0,0.0,1.0
6678235,FY23,Fixed Established Subscription 6 Concert,6.0,6,6,1.0,6.0,0.0,1.0
6678235,FY24,Fixed Established Subscription 6 Concert,6.0,10,12,1.0,6.0,-4.0,1.6666666666666667
6681824,FY23,Fixed Freshman Subscription Sunday,4.0,4,8,2.0,4.0,0.0,1.0
6682059,FY23,Fixed Musician Subscription 18 Concert,18.0,17,24,1.0,18.0,1.0,0.9444444444444444
6682059,FY24,Fixed Musician Subscription 24 Concert,24.0,21,24,1.0,24.0,3.0,0.875
6682667,FY24,Fixed Freshman Subscription Sunday,4.0,4,4,1.0,4.0,0.0,1.0
6691703,FY23,Fixed Lapsed Subscription 6 Concert,6.0,4,5,1.0,6.0,2.0,0.6666666666666666
6691703,FY23,Fixed Sophomore Subscription 6 Concert,6.0,1,1,1.0,6.0,5.0,0.16666666666666666
6691703,FY24,Fixed Established Subscription 6 Concert,6.0,5,6,1.0,6.0,1.0,0.8333333333333334
6694422,FY24,Fixed Established Subscription 6 Concert,6.0,6,12,2.0,6.0,0.0,1.0
6699017,FY23,Fixed Sophomore Subscription 6 Concert,6.0,6,12,2.0,6.0,0.0,1.0
6699017,FY24,Fixed Established Subscription 6 Concert,6.0,6,12,2.0,6.0,0.0,1.0
6705376,FY23,Fixed Established Subscription 6 Concert,6.0,6,12,2.0,6.0,0.0,1.0
6705376,FY24,Fixed Established Subscription 6 Concert,6.0,6,12,2.0,6.0,0.0,1.0
6714236,FY23,Fixed Established Subscription 6 Concert,6.0,6,6,1.0,6.0,0.0,1.0
6714236,FY24,Fixed Established Subscription 6 Concert,6.0,6,6,1.0,6.0,0.0,1.0
6724435,FY23,Fixed Established Subscription Sunday,4.0,3,6,2.0,4.0,1.0,0.75
6724435,FY24,Fixed Established Subscription Sunday,4.0,4,8,2.0,4.0,0.0,1.0
6727277,FY23,Fixed Established Subscription Sunday,4.0,3,6,2.0,4.0,1.0,0.75
6727277,FY24,Fixed Established Subscription Sunday,4.0,4,8,2.0,4.0,0.0,1.0
6729873,FY23,Fixed Sophomore Subscription 6 Concert,6.0,6,12,2.0,6.0,0.0,1.0
6729873,FY24,Fixed Established Subscription 6 Concert,6.0,6,12,2.0,6.0,0.0,1.0
6733821,FY23,Fixed Chorus Subscription 12 Concert,12.0,1,3,3.0,12.0,11.0,0.08333333333333333
6734941,FY24,Fixed Established Subscription 6 Concert,6.0,7,12,1.7142857142857142,6.0,-1.0,1.1666666666666667
6744375,FY23,Fixed Established Subscription 6 Concert,6.0,3,9,2.25,6.0,3.0,0.5
6744375,FY24,Fixed Established Subscription 6 Concert,6.0,5,12,2.0,6.0,1.0,0.8333333333333334
6744576,FY24,Fixed Freshman Subscription 6 Concert,6.0,6,12,2.0,6.0,0.0,1.0
6744904,FY23,Fixed Established Subscription 6 Concert,6.0,6,6,1.0,6.0,0.0,1.0
6744904,FY24,Fixed Established Subscription 6 Concert,6.0,3,3,1.0,6.0,3.0,0.5
6755506,FY24,Fixed Established Subscription 6 Concert,6.0,6,12,2.0,6.0,0.0,1.0
6756865,FY23,Fixed Freshman Subscription 12 Concert,12.0,1,2,2.0,12.0,11.0,0.08333333333333333
6758553,FY24,Fixed Sophomore  Subscription Sunday,4.0,4,8,2.0,4.0,0.0,1.0
6764528,FY24,Fixed Established Subscription 6 Concert,6.0,6,12,2.0,6.0,0.0,1.0
6774933,FY23,Fixed Established Subscription Sunday,4.0,4,4,1.0,4.0,0.0,1.0
6779055,FY23,Fixed Established Subscription 6 Concert,6.0,6,12,2.0,6.0,0.0,1.0
6779055,FY24,Fixed Established Subscription 6 Concert,6.0,7,12,1.5,6.0,-1.0,1.1666666666666667
6782722,FY23,Fixed Established Subscription 6 Concert,6.0,2,6,3.0,6.0,4.0,0.3333333333333333
6782722,FY24,Fixed Established Subscription 6 Concert,6.0,6,18,3.0,6.0,0.0,1.0
6793291,FY23,Fixed Established Subscription 6 Concert,6.0,6,12,2.0,6.0,0.0,1.0
6840892,FY23,Fixed Freshman Subscription 6 Concert,6.0,6,12,2.0,6.0,0.0,1.0
6840892,FY24,Fixed Upgrade Subscription 6 Concert,6.0,6,12,2.0,6.0,0.0,1.0
6844447,FY23,Fixed Established Subscription 6 Concert,6.0,7,12,1.7142857142857142,6.0,-1.0,1.1666666666666667
6844447,FY24,Fixed Established Subscription 6 Concert,6.0,6,12,2.0,6.0,0.0,1.0
6845131,FY23,Fixed Lapsed Subscription Sunday,4.0,4,8,2.0,4.0,0.0,1.0
6845131,FY24,Fixed Established Subscription Sunday,4.0,4,8,2.0,4.0,0.0,1.0
6848465,FY23,Fixed Established Subscription 24 Concert,24.0,1,2,2.0,24.0,23.0,0.041666666666666664
6848465,FY23,Fixed Established Subscription 6 Concert,6.0,10,20,2.0,6.0,-4.0,1.6666666666666667
6848465,FY24,Fixed Established Subscription 24 Concert,24.0,23,46,2.0,24.0,1.0,0.9583333333333334
6849383,FY23,Fixed Established Subscription 6 Concert,6.0,6,12,2.0,6.0,0.0,1.0
6864068,FY23,Fixed Established Subscription 6 Concert,6.0,6,12,2.0,6.0,0.0,1.0
6864068,FY24,Fixed Established Subscription 6 Concert,6.0,6,12,2.0,6.0,0.0,1.0
6879764,FY23,Fixed Sophomore Subscription 6 Concert,6.0,6,12,2.0,6.0,0.0,1.0
6879764,FY24,Fixed Established Subscription 6 Concert,6.0,6,12,2.0,6.0,0.0,1.0
6884054,FY23,Fixed Freshman Subscription Sunday,4.0,4,4,1.0,4.0,0.0,1.0
6892043,FY23,Fixed Freshman Subscription 6 Concert,6.0,6,12,1.0,6.0,0.0,1.0
6907596,FY23,Fixed Established Subscription Sunday,4.0,4,8,2.0,4.0,0.0,1.0
6921620,FY24,Fixed Freshman Subscription 6 Concert,6.0,6,12,2.0,6.0,0.0,1.0
6922358,FY23,Fixed Freshman Subscription 6 Concert,6.0,5,10,2.0,6.0,1.0,0.8333333333333334
6927463,FY24,Fixed Freshman Subscription 6 Concert,6.0,6,6,1.0,6.0,0.0,1.0
6927691,FY24,Fixed Freshman Subscription 6 Concert,6.0,6,6,1.0,6.0,0.0,1.0
6929463,FY24,Fixed Freshman Subscription 6 Concert,6.0,6,12,2.0,6.0,0.0,1.0
6929751,FY23,Fixed Established Subscription Sunday,4.0,5,20,4.0,4.0,-1.0,1.25
6929751,FY24,Fixed Established Subscription 6 Concert,6.0,6,12,2.0,6.0,0.0,1.0
6934152,FY24,Fixed Sophomore Subscription 6 Concert,6.0,6,12,2.0,6.0,0.0,1.0
6934704,FY24,Fixed Upgrade Subscription 12 Concert,12.0,12,24,2.0,12.0,0.0,1.0
6935819,FY23,Fixed Freshman Subscription 6 Concert,6.0,6,12,2.0,6.0,0.0,1.0
6935819,FY24,Fixed Sophomore Subscription 6 Concert,6.0,6,12,2.0,6.0,0.0,1.0
6939561,FY24,Fixed Freshman Subscription 6 Concert,6.0,1,4,4.0,6.0,5.0,0.16666666666666666
6940821,FY24,Fixed Sophomore  Subscription Sunday,4.0,4,8,2.0,4.0,0.0,1.0
6941533,FY23,Fixed Established Subscription 6 Concert,6.0,6,6,1.0,6.0,0.0,1.0
6952772,FY23,Fixed Musician Subscription 6 Concert,6.0,1,3,3.0,6.0,5.0,0.16666666666666666
6961757,FY23,Fixed Freshman Subscription 6 Concert,6.0,5,6,1.0,6.0,1.0,0.8333333333333334
6961840,FY23,Fixed Established Subscription Sunday,4.0,4,8,2.0,4.0,0.0,1.0
6961840,FY24,Fixed Established Subscription Sunday,4.0,4,4,1.0,4.0,0.0,1.0
6961874,FY24,Fixed Freshman Subscription 6 Concert,6.0,6,12,2.0,6.0,0.0,1.0
6962060,FY24,Fixed Lapsed Subscription 12 Concert,12.0,1,1,1.0,12.0,11.0,0.08333333333333333
6962060,FY24,Fixed Upgrade Subscription 12 Concert,12.0,1,1,1.0,12.0,11.0,0.08333333333333333
6964171,FY23,Fixed Freshman Subscription 24 Concert,24.0,22,48,1.6,24.0,2.0,0.9166666666666666
6964171,FY24,Fixed Established Subscription 6 Concert,6.0,8,24,1.6,6.0,-2.0,1.3333333333333333
6965054,FY23,Fixed Freshman Subscription 6 Concert,6.0,6,6,1.0,6.0,0.0,1.0
6965477,FY23,Fixed Sophomore Subscription 6 Concert,6.0,6,7,1.0,6.0,0.0,1.0
6967332,FY23,Fixed Established Subscription 6 Concert,6.0,6,12,2.0,6.0,0.0,1.0
6967332,FY24,Fixed Established Subscription 6 Concert,6.0,6,12,2.0,6.0,0.0,1.0
6967665,FY23,Fixed Freshman Subscription 6 Concert,6.0,11,12,1.0,6.0,-5.0,1.8333333333333333
6967665,FY24,Fixed Sophomore  Subscription Sunday,4.0,4,4,1.0,4.0,0.0,1.0
6967665,FY24,Fixed Sophomore Subscription 6 Concert,6.0,6,6,1.0,6.0,0.0,1.0
6969237,FY24,Fixed Freshman Subscription 6 Concert,6.0,6,12,2.0,6.0,0.0,1.0
6970249,FY23,Fixed Freshman Subscription Sunday,4.0,4,4,1.0,4.0,0.0,1.0
6970249,FY24,Fixed Sophomore  Subscription Sunday,4.0,4,4,1.0,4.0,0.0,1.0
6970702,FY24,Fixed Freshman Subscription 6 Concert,6.0,6,12,2.0,6.0,0.0,1.0
6973645,FY24,Fixed Freshman Subscription 6 Concert,6.0,6,6,1.0,6.0,0.0,1.0
6988734,FY24,Fixed Lapsed Subscription Sunday,4.0,4,8,2.0,4.0,0.0,1.0
6990307,FY23,Fixed Established Subscription 12 Concert,12.0,12,24,2.0,12.0,0.0,1.0
6990307,FY24,Fixed Established Subscription 12 Concert,12.0,12,24,2.0,12.0,0.0,1.0
6992660,FY23,Fixed Established Subscription 6 Concert,6.0,6,12,2.0,6.0,0.0,1.0
6993899,FY23,Fixed Established Subscription 6 Concert,6.0,7,18,2.5714285714285716,6.0,-1.0,1.1666666666666667
6993899,FY24,Fixed Established Subscription 6 Concert,6.0,6,6,1.0,6.0,0.0,1.0
6997639,FY24,Fixed Sophomore Subscription 6 Concert,6.0,1,1,1.0,6.0,5.0,0.16666666666666666
6997639,FY24,Fixed Upgrade Subscription 6 Concert,6.0,5,5,1.0,6.0,1.0,0.8333333333333334
7002315,FY23,Fixed Freshman Subscription 6 Concert,6.0,5,6,1.0,6.0,1.0,0.8333333333333334
7011083,FY23,Fixed Chorus Subscription 6 Concert,6.0,12,18,1.0,6.0,-6.0,2.0
7011083,FY23,Fixed Sophomore Subscription 6 Concert,6.0,2,2,1.0,6.0,4.0,0.3333333333333333
7011083,FY24,Fixed Chorus Subscription 6 Concert,6.0,2,2,1.0,6.0,4.0,0.3333333333333333
7011083,FY24,Fixed Sophomore Subscription 6 Concert,6.0,12,13,1.0,6.0,-6.0,2.0
7011083,FY24,Fixed Upgrade Subscription 6 Concert,6.0,4,4,1.0,6.0,2.0,0.6666666666666666
7013159,FY23,Fixed Established Subscription 6 Concert,6.0,6,12,2.0,6.0,0.0,1.0
7013159,FY24,Fixed Established Subscription 6 Concert,6.0,6,12,2.0,6.0,0.0,1.0
7017682,FY24,Fixed Established Subscription 6 Concert,6.0,6,6,1.0,6.0,0.0,1.0
7018200,FY23,Fixed Established Subscription 12 Concert,12.0,1,2,2.0,12.0,11.0,0.08333333333333333
7041939,FY23,Fixed Freshman Subscription 6 Concert,6.0,6,12,2.0,6.0,0.0,1.0
7043154,FY23,Fixed Established Subscription 6 Concert,6.0,6,12,2.0,6.0,0.0,1.0
7043154,FY24,Fixed Established Subscription 6 Concert,6.0,6,12,2.0,6.0,0.0,1.0
7045104,FY23,Fixed Established Subscription 6 Concert,6.0,5,10,2.0,6.0,1.0,0.8333333333333334
7059511,FY24,Fixed Upgrade Subscription 6 Concert,6.0,6,12,2.0,6.0,0.0,1.0
7059612,FY23,Fixed Freshman Subscription 6 Concert,6.0,5,12,2.0,6.0,1.0,0.8333333333333334
7059612,FY24,Fixed Sophomore Subscription 6 Concert,6.0,5,12,2.0,6.0,1.0,0.8333333333333334
7071539,FY24,Fixed Upgrade Subscription 6 Concert,6.0,6,6,1.0,6.0,0.0,1.0
7072224,FY23,Fixed Established Subscription Sunday,4.0,4,8,2.0,4.0,0.0,1.0
7078009,FY23,Fixed Established Subscription 6 Concert,6.0,6,12,2.0,6.0,0.0,1.0
7078089,FY23,Fixed Established Subscription 6 Concert,6.0,6,12,2.0,6.0,0.0,1.0
7078089,FY24,Fixed Established Subscription 6 Concert,6.0,6,12,2.0,6.0,0.0,1.0
7088205,FY24,Fixed Established Subscription 6 Concert,6.0,7,18,2.5714285714285716,6.0,-1.0,1.1666666666666667
7088773,FY23,Fixed Established Subscription 6 Concert,6.0,6,12,2.0,6.0,0.0,1.0
7088773,FY24,Fixed Established Subscription 6 Concert,6.0,6,12,2.0,6.0,0.0,1.0
7097709,FY23,Fixed Lapsed Subscription Sunday,4.0,1,1,1.0,4.0,3.0,0.25
7097709,FY23,Fixed Sophomore  Subscription Sunday,4.0,1,2,2.0,4.0,3.0,0.25
7097717,FY23,Fixed Sophomore Subscription 6 Concert,6.0,6,6,1.0,6.0,0.0,1.0
7097717,FY24,Fixed Established Subscription 6 Concert,6.0,6,6,1.0,6.0,0.0,1.0
7097972,FY23,Fixed Sophomore Subscription 6 Concert,6.0,7,18,1.125,6.0,-1.0,1.1666666666666667
7097972,FY24,Fixed Established Subscription 6 Concert,6.0,6,12,1.7142857142857142,6.0,0.0,1.0
7099069,FY23,Fixed Established Subscription 6 Concert,6.0,6,12,1.7142857142857142,6.0,0.0,1.0
7099069,FY24,Fixed Established Subscription 6 Concert,6.0,6,12,2.0,6.0,0.0,1.0
7100156,FY23,Fixed Established Subscription Sunday,4.0,4,4,1.0,4.0,0.0,1.0
7100628,FY23,Fixed Freshman Subscription 24 Concert,24.0,23,48,1.92,24.0,1.0,0.9583333333333334
7100628,FY24,Fixed Sophomore Subscription 24 Concert,24.0,20,48,1.92,24.0,4.0,0.8333333333333334
7101515,FY23,Fixed Sophomore  Subscription Sunday,4.0,4,8,2.0,4.0,0.0,1.0
7101557,FY23,Fixed Freshman Subscription 6 Concert,6.0,6,12,2.0,6.0,0.0,1.0
7101557,FY23,Fixed Freshman Subscription Sunday,4.0,4,8,2.0,4.0,0.0,1.0
7101557,FY24,Fixed Sophomore  Subscription Sunday,4.0,4,8,2.0,4.0,0.0,1.0
7101919,FY23,Fixed Established Subscription 6 Concert,6.0,6,12,2.0,6.0,0.0,1.0
7101919,FY24,Fixed Established Subscription 6 Concert,6.0,6,12,2.0,6.0,0.0,1.0
7102731,FY23,Fixed Established Subscription Sunday,4.0,4,8,2.0,4.0,0.0,1.0
7102731,FY24,Fixed Sophomore  Subscription Sunday,4.0,4,8,2.0,4.0,0.0,1.0
7107250,FY23,Fixed Sophomore Subscription 24 Concert,24.0,24,48,2.0,24.0,0.0,1.0
7107250,FY24,Fixed Sophomore Subscription 24 Concert,24.0,24,48,2.0,24.0,0.0,1.0
7111044,FY23,Fixed Lapsed Subscription 6 Concert,6.0,3,6,1.0,6.0,3.0,0.5
7111044,FY24,Fixed Established Subscription 6 Concert,6.0,4,6,1.0,6.0,2.0,0.6666666666666666
7113344,FY23,Fixed Freshman Subscription 6 Concert,6.0,6,12,2.0,6.0,0.0,1.0
7113344,FY24,Fixed Sophomore Subscription 6 Concert,6.0,6,12,2.0,6.0,0.0,1.0
7113566,FY24,Fixed Lapsed Subscription 6 Concert,6.0,6,12,2.0,6.0,0.0,1.0
7116715,FY23,Fixed Established Subscription 6 Concert,6.0,6,12,2.0,6.0,0.0,1.0
7116715,FY24,Fixed Established Subscription 6 Concert,6.0,6,12,2.0,6.0,0.0,1.0
7118505,FY23,Fixed Established Subscription 6 Concert,6.0,11,12,1.0909090909090908,6.0,-5.0,1.8333333333333333
7118505,FY24,Fixed Established Subscription 6 Concert,6.0,8,12,1.0,6.0,-2.0,1.3333333333333333
7123651,FY23,Fixed Established Subscription 6 Concert,6.0,6,12,1.7142857142857142,6.0,0.0,1.0
7124698,FY23,Fixed Freshman Subscription Sunday,4.0,4,12,3.0,4.0,0.0,1.0
7124698,FY24,Fixed Sophomore  Subscription Sunday,4.0,4,12,3.0,4.0,0.0,1.0
7125198,FY23,Fixed Established Subscription 6 Concert,6.0,6,12,2.0,6.0,0.0,1.0
7127190,FY23,Fixed Established Subscription 6 Concert,6.0,6,12,2.0,6.0,0.0,1.0
7127190,FY24,Fixed Established Subscription 6 Concert,6.0,6,14,2.0,6.0,0.0,1.0
7128768,FY24,Fixed Freshman Subscription 6 Concert,6.0,6,12,2.0,6.0,0.0,1.0
7130740,FY24,Fixed Freshman Subscription 6 Concert,6.0,6,18,3.0,6.0,0.0,1.0
7130832,FY24,Fixed Freshman Subscription 24 Concert,24.0,6,18,2.5714285714285716,24.0,18.0,0.25
7131268,FY24,Fixed Freshman Subscription 24 Concert,24.0,24,24,1.0,24.0,0.0,1.0
7133219,FY23,Fixed Established Subscription 6 Concert,6.0,6,12,2.0,6.0,0.0,1.0
7134160,FY24,Fixed Chorus Subscription 12 Concert,12.0,1,1,1.0,12.0,11.0,0.08333333333333333
7143733,FY23,Fixed Established Subscription 6 Concert,6.0,6,12,2.0,6.0,0.0,1.0
7143733,FY24,Fixed Established Subscription 6 Concert,6.0,6,12,2.0,6.0,0.0,1.0
7156635,FY23,Fixed Established Subscription 6 Concert,6.0,6,6,1.0,6.0,0.0,1.0
7156635,FY24,Fixed Freshman Subscription 6 Concert,6.0,6,6,1.0,6.0,0.0,1.0
7157719,FY23,Fixed Established Subscription Sunday,4.0,4,8,2.0,4.0,0.0,1.0
7157719,FY24,Fixed Established Subscription Sunday,4.0,4,8,2.0,4.0,0.0,1.0
7159294,FY23,Fixed Established Subscription 6 Concert,6.0,6,12,1.0,6.0,0.0,1.0
7159294,FY24,Fixed Established Subscription 6 Concert,6.0,6,12,1.0,6.0,0.0,1.0
7160949,FY23,Fixed Established Subscription 6 Concert,6.0,5,10,2.0,6.0,1.0,0.8333333333333334
7160949,FY24,Fixed Established Subscription 6 Concert,6.0,4,8,2.0,6.0,2.0,0.6666666666666666
7163752,FY24,Fixed Established Subscription 6 Concert,6.0,6,12,2.0,6.0,0.0,1.0
7182378,FY23,Fixed Established Subscription 6 Concert,6.0,6,12,2.0,6.0,0.0,1.0
7182378,FY24,Fixed Established Subscription 6 Concert,6.0,6,12,2.0,6.0,0.0,1.0
7182657,FY24,Fixed Established Subscription 6 Concert,6.0,5,5,1.0,6.0,1.0,0.8333333333333334
7182657,FY24,Fixed Sophomore Subscription 18 Concert,18.0,1,1,1.0,18.0,17.0,0.05555555555555555
7184999,FY23,Fixed Established Subscription 6 Concert,6.0,6,12,2.0,6.0,0.0,1.0
7184999,FY24,Fixed Established Subscription 6 Concert,6.0,6,12,2.0,6.0,0.0,1.0
7185291,FY23,Fixed Established Subscription 6 Concert,6.0,6,12,2.0,6.0,0.0,1.0
7185291,FY24,Fixed Established Subscription 6 Concert,6.0,6,12,2.0,6.0,0.0,1.0
7188419,FY23,Fixed Sophomore  Subscription Sunday,4.0,4,4,1.0,4.0,0.0,1.0
7189187,FY23,Fixed Freshman Subscription 6 Concert,6.0,6,12,2.0,6.0,0.0,1.0
7189187,FY24,Fixed Sophomore Subscription 6 Concert,6.0,6,12,2.0,6.0,0.0,1.0
7190635,FY24,Fixed Freshman Subscription 6 Concert,6.0,7,18,1.2857142857142858,6.0,-1.0,1.1666666666666667
7192064,FY24,Fixed Upgrade Subscription 6 Concert,6.0,6,12,2.0,6.0,0.0,1.0
7195222,FY23,Fixed Sophomore  Subscription Sunday,4.0,4,8,2.0,4.0,0.0,1.0
7195222,FY24,Fixed Established Subscription Sunday,4.0,3,6,2.0,4.0,1.0,0.75
7198051,FY23,Fixed Sophomore  Subscription Sunday,4.0,4,12,3.0,4.0,0.0,1.0
7198051,FY24,Fixed Established Subscription Sunday,4.0,4,12,3.0,4.0,0.0,1.0
7199439,FY23,Fixed Established Subscription 6 Concert,6.0,4,12,2.0,6.0,2.0,0.6666666666666666
7200328,FY23,Fixed Freshman Subscription Sunday,4.0,4,8,2.0,4.0,0.0,1.0
7200328,FY24,Fixed Sophomore  Subscription Sunday,4.0,3,8,2.0,4.0,1.0,0.75
7202117,FY24,Fixed Freshman Subscription 6 Concert,6.0,6,12,2.0,6.0,0.0,1.0
7204311,FY23,Fixed Upgrade Subscription 6 Concert,6.0,6,24,4.0,6.0,0.0,1.0
7204311,FY24,Fixed Established Subscription 6 Concert,6.0,7,24,1.7142857142857142,6.0,-1.0,1.1666666666666667
7208190,FY24,Fixed Freshman Subscription Sunday,4.0,4,8,2.0,4.0,0.0,1.0
7209100,FY23,Fixed Established Subscription 6 Concert,6.0,1,2,2.0,6.0,5.0,0.16666666666666666
7210233,FY24,Fixed Freshman Subscription 6 Concert,6.0,6,24,4.0,6.0,0.0,1.0
7228072,FY23,Fixed Established Subscription 6 Concert,6.0,6,6,1.0,6.0,0.0,1.0
7229614,FY24,Fixed Freshman Subscription 12 Concert,12.0,6,12,2.0,12.0,6.0,0.5
7236940,FY23,Fixed Sophomore Subscription 6 Concert,6.0,6,6,1.0,6.0,0.0,1.0
7236940,FY24,Fixed Established Subscription Sunday,4.0,4,4,1.0,4.0,0.0,1.0
7237612,FY24,Fixed Sophomore Subscription 6 Concert,6.0,6,6,1.0,6.0,0.0,1.0
7243642,FY23,Fixed Sophomore Subscription 6 Concert,6.0,6,12,1.7142857142857142,6.0,0.0,1.0
7243952,FY23,Fixed Established Subscription 6 Concert,6.0,6,12,2.0,6.0,0.0,1.0
7243952,FY24,Fixed Established Subscription 6 Concert,6.0,6,12,2.0,6.0,0.0,1.0
7245585,FY23,Fixed Lapsed Subscription 6 Concert,6.0,6,6,1.0,6.0,0.0,1.0
7245585,FY24,Fixed Established Subscription 6 Concert,6.0,6,6,1.0,6.0,0.0,1.0
7251624,FY24,Fixed Established Subscription Sunday,4.0,4,8,2.0,4.0,0.0,1.0
7253088,FY23,Fixed Established Subscription Sunday,4.0,1,1,1.0,4.0,3.0,0.25
7253191,FY23,Fixed Established Subscription 12 Concert,12.0,12,24,2.0,12.0,0.0,1.0
7253191,FY24,Fixed Established Subscription 12 Concert,12.0,12,24,1.3333333333333333,12.0,0.0,1.0
7253509,FY23,Fixed Freshman Subscription 6 Concert,6.0,6,6,1.0,6.0,0.0,1.0
7253532,FY23,Fixed Freshman Subscription 6 Concert,6.0,10,24,2.0,6.0,-4.0,1.6666666666666667
7253778,FY23,Fixed Established Subscription 6 Concert,6.0,5,10,2.0,6.0,1.0,0.8333333333333334
7253778,FY24,Fixed Established Subscription 6 Concert,6.0,6,12,2.0,6.0,0.0,1.0
7253913,FY24,Fixed Upgrade Subscription 12 Concert,12.0,12,24,2.0,12.0,0.0,1.0
7254666,FY23,Fixed Established Subscription 6 Concert,6.0,6,12,2.0,6.0,0.0,1.0
7254666,FY24,Fixed Established Subscription 6 Concert,6.0,6,13,1.8571428571428572,6.0,0.0,1.0
7257585,FY23,Fixed Sophomore Subscription 6 Concert,6.0,6,12,2.0,6.0,0.0,1.0
7257585,FY24,Fixed Established Subscription 6 Concert,6.0,6,12,2.0,6.0,0.0,1.0
7260091,FY23,Fixed Established Subscription 12 Concert,12.0,5,10,2.0,12.0,7.0,0.4166666666666667
7260091,FY24,Fixed Established Subscription 6 Concert,6.0,5,10,2.0,6.0,1.0,0.8333333333333334
7262973,FY24,Fixed Established Subscription 6 Concert,6.0,6,12,2.0,6.0,0.0,1.0
7264309,FY23,Fixed Established Subscription 6 Concert,6.0,6,12,2.0,6.0,0.0,1.0
7265744,FY23,Fixed Freshman Subscription 6 Concert,6.0,8,12,1.5,6.0,-2.0,1.3333333333333333
7265744,FY24,Fixed Sophomore Subscription 6 Concert,6.0,7,12,1.7142857142857142,6.0,-1.0,1.1666666666666667
7266046,FY24,Fixed Freshman Subscription 6 Concert,6.0,5,12,2.0,6.0,1.0,0.8333333333333334
7274398,FY23,Fixed Established Subscription Sunday,4.0,4,8,2.0,4.0,0.0,1.0
7283400,FY23,Fixed Sophomore  Subscription Sunday,4.0,4,8,2.0,4.0,0.0,1.0
7285174,FY23,Fixed Sophomore Subscription 6 Concert,6.0,6,12,1.7142857142857142,6.0,0.0,1.0
7285174,FY24,Fixed Established Subscription 6 Concert,6.0,6,12,2.0,6.0,0.0,1.0
7291183,FY23,Fixed Sophomore Subscription 6 Concert,6.0,5,18,2.5714285714285716,6.0,1.0,0.8333333333333334
7291183,FY24,Fixed Established Subscription 6 Concert,6.0,6,18,3.0,6.0,0.0,1.0
7291356,FY23,Fixed Established Subscription 6 Concert,6.0,9,12,1.3333333333333333,6.0,-3.0,1.5
7291356,FY24,Fixed Established Subscription 6 Concert,6.0,9,12,1.3333333333333333,6.0,-3.0,1.5
7295977,FY24,Fixed Established Subscription 6 Concert,6.0,6,12,2.0,6.0,0.0,1.0
7310609,FY24,Fixed Freshman Subscription 6 Concert,6.0,6,12,2.0,6.0,0.0,1.0
7320765,FY23,Fixed Established Subscription 6 Concert,6.0,5,12,2.0,6.0,1.0,0.8333333333333334
7329956,FY24,Fixed Freshman Subscription 6 Concert,6.0,6,12,2.0,6.0,0.0,1.0
7331174,FY23,Fixed Freshman Subscription 6 Concert,6.0,6,6,1.0,6.0,0.0,1.0
7333228,FY23,Fixed Established Subscription 6 Concert,6.0,6,6,1.0,6.0,0.0,1.0
7335314,FY24,Fixed Freshman Subscription Sunday,4.0,4,16,4.0,4.0,0.0,1.0
7341653,FY23,Fixed Established Subscription 6 Concert,6.0,6,12,2.0,6.0,0.0,1.0
7341653,FY24,Fixed Established Subscription 6 Concert,6.0,6,12,2.0,6.0,0.0,1.0
7342149,FY23,Fixed Freshman Subscription 6 Concert,6.0,8,12,1.3333333333333333,6.0,-2.0,1.3333333333333333
7347946,FY23,Fixed Established Subscription Sunday,4.0,4,8,2.0,4.0,0.0,1.0
7350046,FY23,Fixed Freshman Subscription 6 Concert,6.0,6,12,2.0,6.0,0.0,1.0
7350046,FY24,Fixed Sophomore Subscription 6 Concert,6.0,6,12,2.0,6.0,0.0,1.0
7355353,FY23,Fixed Established Subscription 6 Concert,6.0,6,12,2.0,6.0,0.0,1.0
7355353,FY24,Fixed Established Subscription 6 Concert,6.0,6,12,2.0,6.0,0.0,1.0
7358453,FY23,Fixed Freshman Subscription 6 Concert,6.0,6,12,2.0,6.0,0.0,1.0
7362320,FY24,Fixed Freshman Subscription 12 Concert,12.0,1,1,1.0,12.0,11.0,0.08333333333333333
7368193,FY24,Fixed Freshman Subscription 24 Concert,24.0,6,12,2.0,24.0,18.0,0.25
7381975,FY24,Fixed Established Subscription 6 Concert,6.0,5,12,2.0,6.0,1.0,0.8333333333333334
7385675,FY23,Fixed Established Subscription 6 Concert,6.0,6,12,2.0,6.0,0.0,1.0
7391216,FY23,Fixed Freshman Subscription 6 Concert,6.0,6,12,2.0,6.0,0.0,1.0
7400708,FY23,Fixed Established Subscription 6 Concert,6.0,6,6,1.0,6.0,0.0,1.0
7400708,FY24,Fixed Established Subscription Sunday,4.0,4,4,1.0,4.0,0.0,1.0
7400773,FY23,Fixed Freshman Subscription 6 Concert,6.0,6,6,1.0,6.0,0.0,1.0
7401191,FY23,Fixed Upgrade Subscription 6 Concert,6.0,6,12,2.0,6.0,0.0,1.0
7401191,FY24,Fixed Established Subscription 6 Concert,6.0,6,12,2.0,6.0,0.0,1.0
7404466,FY24,Fixed Freshman Subscription 6 Concert,6.0,6,12,2.0,6.0,0.0,1.0
7405783,FY24,Fixed Freshman Subscription 6 Concert,6.0,6,18,3.0,6.0,0.0,1.0
7417791,FY23,Fixed Sophomore Subscription 18 Concert,18.0,6,6,1.0,18.0,12.0,0.3333333333333333
7433270,FY23,Fixed Freshman Subscription 6 Concert,6.0,5,10,1.6666666666666667,6.0,1.0,0.8333333333333334
7440245,FY23,Fixed Freshman Subscription 6 Concert,6.0,5,13,2.1666666666666665,6.0,1.0,0.8333333333333334
7440245,FY24,Fixed Sophomore Subscription 6 Concert,6.0,5,12,2.0,6.0,1.0,0.8333333333333334
7452535,FY23,Fixed Chorus Subscription 12 Concert,12.0,1,2,2.0,12.0,11.0,0.08333333333333333
7461178,FY23,Fixed Freshman Subscription Sunday,4.0,4,8,1.6,4.0,0.0,1.0
7461178,FY24,Fixed Sophomore  Subscription Sunday,4.0,3,8,2.0,4.0,1.0,0.75
7472808,FY23,Fixed Established Subscription Sunday,4.0,4,8,2.0,4.0,0.0,1.0
7472808,FY24,Fixed Established Subscription Sunday,4.0,4,8,2.0,4.0,0.0,1.0
7481438,FY24,Fixed Freshman Subscription Sunday,4.0,1,1,1.0,4.0,3.0,0.25
7481971,FY23,Fixed Established Subscription 6 Concert,6.0,6,6,1.0,6.0,0.0,1.0
7496614,FY23,Fixed Freshman Subscription 6 Concert,6.0,5,5,1.0,6.0,1.0,0.8333333333333334
7505500,FY23,Fixed Freshman Subscription 6 Concert,6.0,6,12,2.0,6.0,0.0,1.0
7506835,FY23,Fixed Established Subscription 6 Concert,6.0,6,12,1.7142857142857142,6.0,0.0,1.0
7506835,FY24,Fixed Established Subscription 6 Concert,6.0,6,12,2.0,6.0,0.0,1.0
7512576,FY23,Fixed Established Subscription 6 Concert,6.0,1,4,4.0,6.0,5.0,0.16666666666666666
7514314,FY23,Fixed Established Subscription 6 Concert,6.0,6,12,2.0,6.0,0.0,1.0
7514314,FY24,Fixed Established Subscription 6 Concert,6.0,6,12,2.0,6.0,0.0,1.0
7515243,FY23,Fixed Established Subscription Sunday,4.0,4,8,2.0,4.0,0.0,1.0
7515243,FY24,Fixed Established Subscription Sunday,4.0,4,8,2.0,4.0,0.0,1.0
7528254,FY23,Fixed Freshman Subscription 6 Concert,6.0,6,12,2.0,6.0,0.0,1.0
7528254,FY24,Fixed Upgrade Subscription 6 Concert,6.0,6,12,2.0,6.0,0.0,1.0
7532100,FY23,Fixed Chorus Subscription 12 Concert,12.0,1,2,2.0,12.0,11.0,0.08333333333333333
7546080,FY24,Fixed Freshman Subscription Sunday,4.0,4,8,2.0,4.0,0.0,1.0
7563466,FY23,Fixed Freshman Subscription 6 Concert,6.0,6,12,2.0,6.0,0.0,1.0
7565116,FY23,Fixed Freshman Subscription 6 Concert,6.0,6,12,2.0,6.0,0.0,1.0
7565116,FY24,Fixed Sophomore Subscription 6 Concert,6.0,6,12,2.0,6.0,0.0,1.0
7568193,FY23,Fixed Sophomore Subscription 6 Concert,6.0,6,6,1.0,6.0,0.0,1.0
7568193,FY24,Fixed Established Subscription 6 Concert,6.0,6,6,1.0,6.0,0.0,1.0
7575137,FY23,Fixed Freshman Subscription Sunday,4.0,4,4,1.0,4.0,0.0,1.0
7576228,FY23,Fixed Sophomore Subscription 6 Concert,6.0,5,6,1.0,6.0,1.0,0.8333333333333334
7576264,FY23,Fixed Musician Subscription Sunday,4.0,4,8,2.0,4.0,0.0,1.0
7580061,FY23,Fixed Freshman Subscription 12 Concert,12.0,6,12,2.0,12.0,6.0,0.5
7582576,FY23,Fixed Established Subscription 6 Concert,6.0,1,2,2.0,6.0,5.0,0.16666666666666666
7589853,FY23,Fixed Established Subscription Sunday,4.0,4,8,2.0,4.0,0.0,1.0
7591736,FY23,Fixed Freshman Subscription 6 Concert,6.0,6,6,1.0,6.0,0.0,1.0
7595602,FY23,Fixed Established Subscription 6 Concert,6.0,6,24,4.0,6.0,0.0,1.0
7595602,FY24,Fixed Established Subscription 6 Concert,6.0,7,24,3.4285714285714284,6.0,-1.0,1.1666666666666667
7595688,FY23,Fixed Sophomore Subscription 6 Concert,6.0,6,6,1.0,6.0,0.0,1.0
7595764,FY23,Fixed Sophomore  Subscription Sunday,4.0,4,4,1.0,4.0,0.0,1.0
7595831,FY23,Fixed Established Subscription 6 Concert,6.0,5,10,2.0,6.0,1.0,0.8333333333333334
7595831,FY24,Fixed Established Subscription 6 Concert,6.0,5,10,2.0,6.0,1.0,0.8333333333333334
7595875,FY23,Fixed Established Subscription 6 Concert,6.0,6,6,1.0,6.0,0.0,1.0
7595875,FY24,Fixed Established Subscription 6 Concert,6.0,6,6,1.0,6.0,0.0,1.0
7596075,FY23,Fixed Established Subscription Sunday,4.0,4,8,2.0,4.0,0.0,1.0
7596075,FY24,Fixed Established Subscription Sunday,4.0,4,8,2.0,4.0,0.0,1.0
7596576,FY23,Fixed Established Subscription 6 Concert,6.0,6,12,2.0,6.0,0.0,1.0
7596576,FY24,Fixed Established Subscription 6 Concert,6.0,6,12,2.0,6.0,0.0,1.0
7596683,FY23,Fixed Established Subscription 6 Concert,6.0,5,10,2.0,6.0,1.0,0.8333333333333334
7596683,FY24,Fixed Established Subscription 6 Concert,6.0,3,6,2.0,6.0,3.0,0.5
7596876,FY23,Fixed Established Subscription 6 Concert,6.0,6,12,2.0,6.0,0.0,1.0
7596949,FY23,Fixed Established Subscription 12 Concert,12.0,1,2,2.0,12.0,11.0,0.08333333333333333
7596949,FY23,Fixed Established Subscription 6 Concert,6.0,6,12,2.0,6.0,0.0,1.0
7596949,FY24,Fixed Established Subscription 6 Concert,6.0,6,12,2.0,6.0,0.0,1.0
7596956,FY24,Fixed Sophomore Subscription 6 Concert,6.0,6,12,2.0,6.0,0.0,1.0
7596991,FY23,Fixed Established Subscription 6 Concert,6.0,6,12,2.0,6.0,0.0,1.0
7596991,FY24,Fixed Established Subscription 6 Concert,6.0,6,12,2.0,6.0,0.0,1.0
7597193,FY23,Fixed Established Subscription 6 Concert,6.0,5,12,2.0,6.0,1.0,0.8333333333333334
7597193,FY24,Fixed Established Subscription 6 Concert,6.0,5,10,2.0,6.0,1.0,0.8333333333333334
7597291,FY23,Fixed Established Subscription 6 Concert,6.0,6,12,1.0,6.0,0.0,1.0
7597291,FY24,Fixed Established Subscription 6 Concert,6.0,6,12,2.0,6.0,0.0,1.0
7597359,FY23,Fixed Established Subscription 6 Concert,6.0,6,12,2.0,6.0,0.0,1.0
7597359,FY24,Fixed Established Subscription 6 Concert,6.0,6,12,2.0,6.0,0.0,1.0
7597441,FY23,Fixed Established Subscription 6 Concert,6.0,6,12,2.0,6.0,0.0,1.0
7597441,FY24,Fixed Established Subscription 6 Concert,6.0,6,12,2.0,6.0,0.0,1.0
7597490,FY23,Fixed Established Subscription 6 Concert,6.0,6,6,1.0,6.0,0.0,1.0
7597490,FY24,Fixed Established Subscription 6 Concert,6.0,6,6,1.0,6.0,0.0,1.0
7597642,FY23,Fixed Freshman Subscription 24 Concert,24.0,1,1,1.0,24.0,23.0,0.041666666666666664
7597642,FY23,Fixed Musician Subscription 24 Concert,24.0,23,23,1.0,24.0,1.0,0.9583333333333334
7597642,FY24,Fixed Musician Subscription 24 Concert,24.0,22,22,1.0,24.0,2.0,0.9166666666666666
7597709,FY24,Fixed Established Subscription 6 Concert,6.0,6,12,2.0,6.0,0.0,1.0
7597763,FY23,Fixed Established Subscription 6 Concert,6.0,6,12,2.0,6.0,0.0,1.0
7597763,FY24,Fixed Established Subscription 6 Concert,6.0,6,12,2.0,6.0,0.0,1.0
7597776,FY23,Fixed Lapsed Subscription Sunday,4.0,2,4,2.0,4.0,2.0,0.5
7597776,FY23,Fixed Sophomore  Subscription Sunday,4.0,2,4,2.0,4.0,2.0,0.5
7597776,FY24,Fixed Established Subscription Sunday,4.0,4,8,1.6,4.0,0.0,1.0
7597797,FY23,Fixed Sophomore Subscription 6 Concert,6.0,6,12,1.7142857142857142,6.0,0.0,1.0
7597797,FY24,Fixed Sophomore  Subscription Sunday,4.0,4,8,1.6,4.0,0.0,1.0
7598034,FY23,Fixed Established Subscription 6 Concert,6.0,6,12,2.0,6.0,0.0,1.0
7598034,FY24,Fixed Established Subscription 6 Concert,6.0,6,12,2.0,6.0,0.0,1.0
7598097,FY23,Fixed Established Subscription 12 Concert,12.0,11,22,2.0,12.0,1.0,0.9166666666666666
7598097,FY24,Fixed Established Subscription 12 Concert,12.0,12,24,2.0,12.0,0.0,1.0
7598202,FY23,Fixed Established Subscription 6 Concert,6.0,6,12,2.0,6.0,0.0,1.0
7598202,FY24,Fixed Established Subscription 6 Concert,6.0,6,12,2.0,6.0,0.0,1.0
7598242,FY23,Fixed Established Subscription 6 Concert,6.0,6,12,2.0,6.0,0.0,1.0
7598329,FY23,Fixed Established Subscription 24 Concert,24.0,24,24,1.0,24.0,0.0,1.0
7598329,FY24,Fixed Established Subscription 24 Concert,24.0,24,24,1.0,24.0,0.0,1.0
7598383,FY23,Fixed Established Subscription Sunday,4.0,4,4,1.0,4.0,0.0,1.0
7598383,FY24,Fixed Established Subscription Sunday,4.0,4,4,1.0,4.0,0.0,1.0
7598466,FY23,Fixed Lapsed Subscription 6 Concert,6.0,5,10,2.0,6.0,1.0,0.8333333333333334
7598466,FY24,Fixed Established Subscription 6 Concert,6.0,6,12,2.0,6.0,0.0,1.0
7598486,FY23,Fixed Sophomore Subscription 6 Concert,6.0,6,6,1.0,6.0,0.0,1.0
7598486,FY24,Fixed Established Subscription 6 Concert,6.0,6,6,1.0,6.0,0.0,1.0
7598637,FY23,Fixed Established Subscription 6 Concert,6.0,6,12,2.0,6.0,0.0,1.0
7598637,FY24,Fixed Established Subscription 6 Concert,6.0,5,10,2.0,6.0,1.0,0.8333333333333334
7598671,FY23,Fixed Established Subscription 18 Concert,18.0,16,32,1.6,18.0,2.0,0.8888888888888888
7598671,FY24,Fixed Established Subscription 12 Concert,12.0,10,20,2.0,12.0,2.0,0.8333333333333334
7598751,FY23,Fixed Established Subscription Sunday,4.0,4,11,1.5714285714285714,4.0,0.0,1.0
7598751,FY24,Fixed Established Subscription Sunday,4.0,4,8,2.0,4.0,0.0,1.0
7598799,FY23,Fixed Established Subscription 6 Concert,6.0,6,12,2.0,6.0,0.0,1.0
7598799,FY24,Fixed Established Subscription 6 Concert,6.0,6,12,2.0,6.0,0.0,1.0
7598832,FY23,Fixed Established Subscription 6 Concert,6.0,6,12,2.0,6.0,0.0,1.0
7598832,FY24,Fixed Established Subscription 6 Concert,6.0,6,12,2.0,6.0,0.0,1.0
7598909,FY24,Fixed Freshman Subscription Sunday,4.0,4,8,2.0,4.0,0.0,1.0
7598963,FY23,Fixed Chorus Subscription 12 Concert,12.0,1,2,2.0,12.0,11.0,0.08333333333333333
7598963,FY24,Fixed Lapsed Subscription 24 Concert,24.0,23,23,1.0,24.0,1.0,0.9583333333333334
7598963,FY24,Fixed Upgrade Subscription 24 Concert,24.0,1,1,1.0,24.0,23.0,0.041666666666666664
7598994,FY24,Fixed Established Subscription 6 Concert,6.0,1,2,2.0,6.0,5.0,0.16666666666666666
7598994,FY24,Fixed Sophomore Subscription 6 Concert,6.0,1,1,1.0,6.0,5.0,0.16666666666666666
7598994,FY24,Fixed Upgrade Subscription 6 Concert,6.0,6,12,2.0,6.0,0.0,1.0
7599047,FY23,Fixed Established Subscription 12 Concert,12.0,11,12,1.0,12.0,1.0,0.9166666666666666
7599047,FY23,Fixed Freshman Subscription 18 Concert,18.0,2,2,1.0,18.0,16.0,0.1111111111111111
7599047,FY24,Fixed Established Subscription 18 Concert,18.0,14,14,1.0,18.0,4.0,0.7777777777777778
7599073,FY23,Fixed Established Subscription 6 Concert,6.0,6,12,2.0,6.0,0.0,1.0
7599073,FY24,Fixed Established Subscription 6 Concert,6.0,6,12,2.0,6.0,0.0,1.0
7599143,FY23,Fixed Established Subscription 6 Concert,6.0,6,12,2.0,6.0,0.0,1.0
7599143,FY24,Fixed Established Subscription 6 Concert,6.0,6,12,2.0,6.0,0.0,1.0
7599206,FY23,Fixed Established Subscription 6 Concert,6.0,6,12,2.0,6.0,0.0,1.0
7599206,FY24,Fixed Established Subscription 6 Concert,6.0,6,12,2.0,6.0,0.0,1.0
7599258,FY23,Fixed Established Subscription 6 Concert,6.0,6,6,1.0,6.0,0.0,1.0
7599258,FY24,Fixed Established Subscription 6 Concert,6.0,6,6,1.0,6.0,0.0,1.0
7599290,FY23,Fixed Established Subscription 6 Concert,6.0,1,2,2.0,6.0,5.0,0.16666666666666666
7599290,FY23,Fixed Lapsed Subscription Sunday,4.0,3,6,2.0,4.0,1.0,0.75
7599290,FY24,Fixed Established Subscription Sunday,4.0,5,12,2.4,4.0,-1.0,1.25
7599319,FY24,Fixed Sophomore Subscription 12 Concert,12.0,3,3,1.0,12.0,9.0,0.25
7599319,FY24,Fixed Upgrade Subscription 12 Concert,12.0,9,9,1.0,12.0,3.0,0.75
7599357,FY23,Fixed Established Subscription Sunday,4.0,4,8,2.0,4.0,0.0,1.0
7599440,FY23,Fixed Sophomore  Subscription Sunday,4.0,4,4,1.0,4.0,0.0,1.0
7599440,FY24,Fixed Established Subscription Sunday,4.0,4,4,1.0,4.0,0.0,1.0
7599565,FY23,Fixed Established Subscription 6 Concert,6.0,6,6,1.0,6.0,0.0,1.0
7599565,FY24,Fixed Established Subscription 6 Concert,6.0,6,6,1.0,6.0,0.0,1.0
7599613,FY23,Fixed Established Subscription 6 Concert,6.0,5,11,1.8333333333333333,6.0,1.0,0.8333333333333334
7599631,FY23,Fixed Established Subscription 6 Concert,6.0,6,12,2.0,6.0,0.0,1.0
7599631,FY24,Fixed Established Subscription 6 Concert,6.0,6,12,2.0,6.0,0.0,1.0
7599740,FY23,Fixed Lapsed Subscription 6 Concert,6.0,5,10,2.0,6.0,1.0,0.8333333333333334
7599740,FY23,Fixed Sophomore Subscription 6 Concert,6.0,1,2,2.0,6.0,5.0,0.16666666666666666
7599740,FY24,Fixed Established Subscription 6 Concert,6.0,6,12,2.0,6.0,0.0,1.0
7599778,FY23,Fixed Established Subscription 6 Concert,6.0,4,10,2.0,6.0,2.0,0.6666666666666666
7599812,FY23,Fixed Freshman Subscription 6 Concert,6.0,6,12,2.0,6.0,0.0,1.0
7599812,FY24,Fixed Sophomore Subscription 6 Concert,6.0,6,12,2.0,6.0,0.0,1.0
7599890,FY23,Fixed Established Subscription Sunday,4.0,4,12,3.0,4.0,0.0,1.0
7599890,FY24,Fixed Established Subscription Sunday,4.0,4,12,2.4,4.0,0.0,1.0
7599905,FY23,Fixed Established Subscription 6 Concert,6.0,20,44,1.76,6.0,-14.0,3.3333333333333335
7599905,FY24,Fixed Established Subscription 6 Concert,6.0,16,32,2.0,6.0,-10.0,2.6666666666666665
7599915,FY23,Fixed Established Subscription Sunday,4.0,4,8,2.0,4.0,0.0,1.0
7599915,FY24,Fixed Established Subscription Sunday,4.0,4,8,2.0,4.0,0.0,1.0
7600006,FY23,Fixed Established Subscription 6 Concert,6.0,12,24,2.0,6.0,-6.0,2.0
7600006,FY24,Fixed Established Subscription 6 Concert,6.0,12,24,2.0,6.0,-6.0,2.0
7600035,FY23,Fixed Established Subscription 12 Concert,12.0,7,14,1.75,12.0,5.0,0.5833333333333334
7600035,FY24,Fixed Established Subscription 12 Concert,12.0,8,21,1.9090909090909092,12.0,4.0,0.6666666666666666
7600066,FY23,Fixed Established Subscription 6 Concert,6.0,6,12,1.0,6.0,0.0,1.0
7600066,FY24,Fixed Established Subscription 6 Concert,6.0,6,12,2.0,6.0,0.0,1.0
7600203,FY23,Fixed Freshman Subscription 6 Concert,6.0,6,6,1.0,6.0,0.0,1.0
7600389,FY23,Fixed Established Subscription 6 Concert,6.0,1,2,2.0,6.0,5.0,0.16666666666666666
7600389,FY23,Fixed Freshman Subscription 6 Concert,6.0,5,10,2.0,6.0,1.0,0.8333333333333334
7600411,FY23,Fixed Sophomore  Subscription Sunday,4.0,4,8,2.0,4.0,0.0,1.0
7600657,FY23,Fixed Established Subscription Sunday,4.0,1,1,1.0,4.0,3.0,0.25
7600740,FY23,Fixed Sophomore Subscription 12 Concert,12.0,12,24,2.0,12.0,0.0,1.0
7600740,FY24,Fixed Established Subscription 12 Concert,12.0,12,24,1.8461538461538463,12.0,0.0,1.0
7600768,FY23,Fixed Established Subscription Sunday,4.0,3,3,1.0,4.0,1.0,0.75
7600768,FY24,Fixed Established Subscription Sunday,4.0,4,4,1.0,4.0,0.0,1.0
7600821,FY23,Fixed Established Subscription Sunday,4.0,4,8,2.0,4.0,0.0,1.0
7600821,FY24,Fixed Established Subscription 6 Concert,6.0,12,24,2.0,6.0,-6.0,2.0
7600870,FY23,Fixed Established Subscription 6 Concert,6.0,6,12,2.0,6.0,0.0,1.0
7600870,FY24,Fixed Established Subscription 6 Concert,6.0,6,12,2.0,6.0,0.0,1.0
7600896,FY23,Fixed Sophomore Subscription 12 Concert,12.0,12,24,2.0,12.0,0.0,1.0
7600896,FY24,Fixed Established Subscription 12 Concert,12.0,5,10,2.0,12.0,7.0,0.4166666666666667
7600896,FY24,Fixed Freshman Subscription 6 Concert,6.0,1,2,2.0,6.0,5.0,0.16666666666666666
7600937,FY23,Fixed Established Subscription Sunday,4.0,2,2,1.0,4.0,2.0,0.5
7600937,FY24,Fixed Established Subscription Sunday,4.0,4,4,1.0,4.0,0.0,1.0
7600995,FY23,Fixed Lapsed Subscription 6 Concert,6.0,4,5,1.25,6.0,2.0,0.6666666666666666
7601008,FY23,Fixed Established Subscription 6 Concert,6.0,6,6,1.0,6.0,0.0,1.0
7601008,FY24,Fixed Established Subscription 6 Concert,6.0,6,6,1.0,6.0,0.0,1.0
7601045,FY23,Fixed Established Subscription Sunday,4.0,1,2,2.0,4.0,3.0,0.25
7601080,FY23,Fixed Lapsed Subscription 6 Concert,6.0,6,12,2.0,6.0,0.0,1.0
7601080,FY24,Fixed Established Subscription 6 Concert,6.0,6,12,2.0,6.0,0.0,1.0
7601093,FY23,Fixed Sophomore Subscription 6 Concert,6.0,6,6,1.0,6.0,0.0,1.0
7601189,FY23,Fixed Established Subscription 6 Concert,6.0,6,18,2.5714285714285716,6.0,0.0,1.0
7601189,FY24,Fixed Established Subscription 6 Concert,6.0,6,18,3.0,6.0,0.0,1.0
7601250,FY23,Fixed Freshman Subscription 6 Concert,6.0,5,12,2.0,6.0,1.0,0.8333333333333334
7601250,FY24,Fixed Sophomore Subscription 6 Concert,6.0,5,12,2.0,6.0,1.0,0.8333333333333334
7601338,FY23,Fixed Established Subscription 6 Concert,6.0,6,12,2.0,6.0,0.0,1.0
7601338,FY24,Fixed Established Subscription 6 Concert,6.0,6,12,2.0,6.0,0.0,1.0
7601396,FY23,Fixed Established Subscription 6 Concert,6.0,6,12,2.0,6.0,0.0,1.0
7601396,FY24,Fixed Established Subscription 6 Concert,6.0,6,12,2.0,6.0,0.0,1.0
7601546,FY23,Fixed Established Subscription 6 Concert,6.0,4,8,2.0,6.0,2.0,0.6666666666666666
7601588,FY23,Fixed Established Subscription 6 Concert,6.0,5,12,2.0,6.0,1.0,0.8333333333333334
7601588,FY24,Fixed Established Subscription 6 Concert,6.0,6,12,1.7142857142857142,6.0,0.0,1.0
7601593,FY23,Fixed Chorus Subscription 6 Concert,6.0,6,12,2.0,6.0,0.0,1.0
7601593,FY24,Fixed Chorus Subscription 6 Concert,6.0,6,12,2.0,6.0,0.0,1.0
7601704,FY23,Fixed Sophomore Subscription 6 Concert,6.0,5,10,2.0,6.0,1.0,0.8333333333333334
7601704,FY24,Fixed Established Subscription 6 Concert,6.0,5,10,2.0,6.0,1.0,0.8333333333333334
7601704,FY24,Fixed Sophomore Subscription 6 Concert,6.0,1,2,2.0,6.0,5.0,0.16666666666666666
7601771,FY23,Fixed Established Subscription 6 Concert,6.0,6,12,2.0,6.0,0.0,1.0
7601771,FY24,Fixed Established Subscription 6 Concert,6.0,6,12,2.0,6.0,0.0,1.0
7601782,FY23,Fixed Established Subscription 6 Concert,6.0,6,12,2.0,6.0,0.0,1.0
7601782,FY24,Fixed Established Subscription 6 Concert,6.0,6,12,2.0,6.0,0.0,1.0
7601809,FY23,Fixed Established Subscription 6 Concert,6.0,6,12,1.0,6.0,0.0,1.0
7601809,FY24,Fixed Established Subscription 6 Concert,6.0,6,12,1.0,6.0,0.0,1.0
7601849,FY23,Fixed Established Subscription Sunday,4.0,4,8,2.0,4.0,0.0,1.0
7601849,FY24,Fixed Established Subscription Sunday,4.0,4,8,2.0,4.0,0.0,1.0
7601904,FY24,Fixed Established Subscription 6 Concert,6.0,6,12,2.0,6.0,0.0,1.0
7601933,FY23,Fixed Established Subscription 12 Concert,12.0,12,24,2.0,12.0,0.0,1.0
7601933,FY24,Fixed Established Subscription 12 Concert,12.0,12,24,1.8461538461538463,12.0,0.0,1.0
7601941,FY23,Fixed Upgrade Subscription 12 Concert,12.0,9,12,1.0,12.0,3.0,0.75
7601941,FY24,Fixed Established Subscription 6 Concert,6.0,8,18,1.3846153846153846,6.0,-2.0,1.3333333333333333
7602026,FY23,Fixed Established Subscription 6 Concert,6.0,6,12,2.0,6.0,0.0,1.0
7602026,FY24,Fixed Established Subscription 6 Concert,6.0,6,12,2.0,6.0,0.0,1.0
7602066,FY23,Fixed Upgrade Subscription 6 Concert,6.0,1,6,1.0,6.0,5.0,0.16666666666666666
7602083,FY24,Fixed Lapsed Subscription 6 Concert,6.0,6,6,1.0,6.0,0.0,1.0
7602108,FY23,Fixed Sophomore Subscription 6 Concert,6.0,6,18,3.0,6.0,0.0,1.0
7602108,FY24,Fixed Sophomore Subscription 6 Concert,6.0,7,18,2.25,6.0,-1.0,1.1666666666666667
7602135,FY23,Fixed Established Subscription 24 Concert,24.0,11,11,1.0,24.0,13.0,0.4583333333333333
7602135,FY24,Fixed Established Subscription 24 Concert,24.0,11,11,1.0,24.0,13.0,0.4583333333333333
7602208,FY23,Fixed Established Subscription 12 Concert,12.0,12,24,2.0,12.0,0.0,1.0
7602208,FY24,Fixed Established Subscription 12 Concert,12.0,6,12,2.0,12.0,6.0,0.5
7602267,FY24,Fixed Freshman Subscription 18 Concert,18.0,6,12,2.0,18.0,12.0,0.3333333333333333
7602275,FY23,Fixed Established Subscription 24 Concert,24.0,24,48,2.0,24.0,0.0,1.0
7602275,FY24,Fixed Established Subscription 24 Concert,24.0,24,48,2.0,24.0,0.0,1.0
7602287,FY23,Fixed Established Subscription 6 Concert,6.0,6,12,2.0,6.0,0.0,1.0
7602287,FY24,Fixed Established Subscription 6 Concert,6.0,6,12,2.0,6.0,0.0,1.0
7602303,FY24,Fixed Upgrade Subscription Sunday,4.0,4,8,2.0,4.0,0.0,1.0
7602380,FY23,Fixed Established Subscription 6 Concert,6.0,6,6,1.0,6.0,0.0,1.0
7602380,FY24,Fixed Established Subscription 6 Concert,6.0,6,6,1.0,6.0,0.0,1.0
7602414,FY23,Fixed Established Subscription 6 Concert,6.0,6,12,2.0,6.0,0.0,1.0
7602423,FY24,Fixed Freshman Subscription 6 Concert,6.0,6,12,2.0,6.0,0.0,1.0
7602455,FY23,Fixed Lapsed Subscription 6 Concert,6.0,6,12,2.0,6.0,0.0,1.0
7602479,FY23,Fixed Sophomore Subscription 6 Concert,6.0,6,12,2.0,6.0,0.0,1.0
7602479,FY24,Fixed Established Subscription 6 Concert,6.0,6,12,2.0,6.0,0.0,1.0
7602499,FY24,Fixed Lapsed Subscription 6 Concert,6.0,6,12,2.0,6.0,0.0,1.0
7602550,FY23,Fixed Established Subscription 6 Concert,6.0,2,6,3.0,6.0,4.0,0.3333333333333333
7602590,FY23,Fixed Established Subscription 6 Concert,6.0,6,6,1.0,6.0,0.0,1.0
7602590,FY24,Fixed Established Subscription 6 Concert,6.0,6,6,1.0,6.0,0.0,1.0
7602637,FY24,Fixed Sophomore Subscription 6 Concert,6.0,6,24,2.1818181818181817,6.0,0.0,1.0
7602658,FY23,Fixed Established Subscription 18 Concert,18.0,6,6,1.0,18.0,12.0,0.3333333333333333
7602699,FY23,Fixed Upgrade Subscription 6 Concert,6.0,6,12,2.0,6.0,0.0,1.0
7602734,FY23,Fixed Lapsed Subscription 6 Concert,6.0,6,12,2.0,6.0,0.0,1.0
7602734,FY24,Fixed Established Subscription 6 Concert,6.0,6,12,2.0,6.0,0.0,1.0
7602758,FY23,Fixed Established Subscription 6 Concert,6.0,6,12,2.0,6.0,0.0,1.0
7602758,FY24,Fixed Established Subscription 6 Concert,6.0,5,12,2.0,6.0,1.0,0.8333333333333334
7602765,FY24,Fixed Sophomore  Subscription Sunday,4.0,4,4,1.0,4.0,0.0,1.0
7602779,FY23,Fixed Lapsed Subscription 6 Concert,6.0,6,12,2.0,6.0,0.0,1.0
7602791,FY23,Fixed Established Subscription 6 Concert,6.0,6,12,2.0,6.0,0.0,1.0
7602791,FY24,Fixed Established Subscription 6 Concert,6.0,6,12,2.0,6.0,0.0,1.0
7602926,FY23,Fixed Established Subscription Sunday,4.0,4,4,1.0,4.0,0.0,1.0
7602926,FY24,Fixed Established Subscription Sunday,4.0,4,4,1.0,4.0,0.0,1.0
7602981,FY23,Fixed Established Subscription 6 Concert,6.0,6,12,2.0,6.0,0.0,1.0
7602981,FY24,Fixed Established Subscription 6 Concert,6.0,6,12,2.0,6.0,0.0,1.0
7603016,FY23,Fixed Established Subscription 6 Concert,6.0,6,7,1.1666666666666667,6.0,0.0,1.0
7603016,FY24,Fixed Established Subscription 6 Concert,6.0,6,6,1.0,6.0,0.0,1.0
7603134,FY23,Fixed Established Subscription 24 Concert,24.0,17,48,1.7777777777777777,24.0,7.0,0.7083333333333334
7603134,FY24,Fixed Established Subscription 24 Concert,24.0,15,48,1.8461538461538463,24.0,9.0,0.625
7603238,FY23,Fixed Lapsed Subscription 6 Concert,6.0,3,6,2.0,6.0,3.0,0.5
7603238,FY23,Fixed Lapsed Subscription Sunday,4.0,1,2,2.0,4.0,3.0,0.25
7603238,FY24,Fixed Established Subscription 6 Concert,6.0,6,12,2.0,6.0,0.0,1.0
7603248,FY23,Fixed Established Subscription 6 Concert,6.0,6,12,2.0,6.0,0.0,1.0
7603269,FY23,Fixed Established Subscription 6 Concert,6.0,6,6,1.0,6.0,0.0,1.0
7603269,FY24,Fixed Established Subscription 6 Concert,6.0,6,6,1.0,6.0,0.0,1.0
7603319,FY23,Fixed Sophomore Subscription 12 Concert,12.0,11,41,3.727272727272727,12.0,1.0,0.9166666666666666
7603319,FY24,Fixed Established Subscription 12 Concert,12.0,10,33,3.3,12.0,2.0,0.8333333333333334
7603351,FY23,Fixed Established Subscription 6 Concert,6.0,4,12,2.0,6.0,2.0,0.6666666666666666
7603351,FY24,Fixed Established Subscription 6 Concert,6.0,6,12,2.0,6.0,0.0,1.0
7603360,FY23,Fixed Established Subscription 6 Concert,6.0,6,6,1.0,6.0,0.0,1.0
7603401,FY24,Fixed Freshman Subscription 6 Concert,6.0,6,12,2.0,6.0,0.0,1.0
7603455,FY24,Fixed Sophomore  Subscription Sunday,4.0,4,8,2.0,4.0,0.0,1.0
7603511,FY23,Fixed Established Subscription 6 Concert,6.0,6,12,2.0,6.0,0.0,1.0
7603511,FY24,Fixed Established Subscription 6 Concert,6.0,6,12,2.0,6.0,0.0,1.0
7603586,FY24,Fixed Sophomore  Subscription Sunday,4.0,1,2,2.0,4.0,3.0,0.25
7603586,FY24,Fixed Upgrade Subscription Sunday,4.0,3,6,2.0,4.0,1.0,0.75
7603607,FY23,Fixed Lapsed Subscription Sunday,4.0,4,4,1.0,4.0,0.0,1.0
7603610,FY23,Fixed Lapsed Subscription 6 Concert,6.0,6,12,2.0,6.0,0.0,1.0
7603638,FY23,Fixed Established Subscription 6 Concert,6.0,6,12,2.0,6.0,0.0,1.0
7603638,FY24,Fixed Established Subscription 6 Concert,6.0,6,12,2.0,6.0,0.0,1.0
7603678,FY23,Fixed Established Subscription 6 Concert,6.0,5,12,2.0,6.0,1.0,0.8333333333333334
7603678,FY24,Fixed Established Subscription 6 Concert,6.0,6,12,2.0,6.0,0.0,1.0
7603733,FY23,Fixed Established Subscription Sunday,4.0,4,8,2.0,4.0,0.0,1.0
7603733,FY24,Fixed Established Subscription Sunday,4.0,4,8,2.0,4.0,0.0,1.0
7603743,FY23,Fixed Established Subscription 6 Concert,6.0,6,12,2.0,6.0,0.0,1.0
7603768,FY23,Fixed Established Subscription Sunday,4.0,4,8,2.0,4.0,0.0,1.0
7603768,FY24,Fixed Established Subscription Sunday,4.0,4,8,2.0,4.0,0.0,1.0
7603781,FY24,Fixed Freshman Subscription 6 Concert,6.0,6,12,2.0,6.0,0.0,1.0
7603852,FY23,Fixed Freshman Subscription Sunday,4.0,4,8,2.0,4.0,0.0,1.0
7603852,FY24,Fixed Sophomore  Subscription Sunday,4.0,4,8,2.0,4.0,0.0,1.0
7603871,FY23,Fixed Sophomore Subscription 6 Concert,6.0,6,6,1.0,6.0,0.0,1.0
7603946,FY23,Fixed Sophomore Subscription 6 Concert,6.0,6,12,2.0,6.0,0.0,1.0
7603975,FY23,Fixed Sophomore Subscription 6 Concert,6.0,6,12,2.0,6.0,0.0,1.0
7604029,FY23,Fixed Sophomore Subscription 6 Concert,6.0,6,12,2.0,6.0,0.0,1.0
7604029,FY24,Fixed Established Subscription 6 Concert,6.0,6,12,2.0,6.0,0.0,1.0
7604133,FY23,Fixed Established Subscription Sunday,4.0,4,8,2.0,4.0,0.0,1.0
7604133,FY24,Fixed Established Subscription Sunday,4.0,4,8,2.0,4.0,0.0,1.0
7604148,FY23,Fixed Chorus Subscription 6 Concert,6.0,6,6,1.0,6.0,0.0,1.0
7604154,FY23,Fixed Established Subscription Sunday,4.0,4,8,2.0,4.0,0.0,1.0
7604154,FY24,Fixed Established Subscription Sunday,4.0,4,8,2.0,4.0,0.0,1.0
7604306,FY23,Fixed Established Subscription 6 Concert,6.0,6,6,1.0,6.0,0.0,1.0
7604340,FY23,Fixed Established Subscription Sunday,4.0,4,8,2.0,4.0,0.0,1.0
7604340,FY24,Fixed Established Subscription Sunday,4.0,4,8,2.0,4.0,0.0,1.0
7604350,FY23,Fixed Established Subscription 6 Concert,6.0,6,12,2.0,6.0,0.0,1.0
7604350,FY24,Fixed Established Subscription 6 Concert,6.0,6,12,2.0,6.0,0.0,1.0
7604367,FY23,Fixed Established Subscription Sunday,4.0,4,8,2.0,4.0,0.0,1.0
7604367,FY24,Fixed Established Subscription Sunday,4.0,4,8,2.0,4.0,0.0,1.0
7604382,FY23,Fixed Established Subscription 6 Concert,6.0,6,12,2.0,6.0,0.0,1.0
7604414,FY24,Fixed Established Subscription 6 Concert,6.0,6,12,2.0,6.0,0.0,1.0
7604623,FY24,Fixed Established Subscription 6 Concert,6.0,6,12,2.0,6.0,0.0,1.0
7604761,FY23,Fixed Established Subscription 6 Concert,6.0,6,12,2.0,6.0,0.0,1.0
7604761,FY24,Fixed Established Subscription 6 Concert,6.0,6,12,2.0,6.0,0.0,1.0
7604834,FY23,Fixed Lapsed Subscription 6 Concert,6.0,5,6,1.0,6.0,1.0,0.8333333333333334
7604834,FY24,Fixed Established Subscription 6 Concert,6.0,4,6,1.0,6.0,2.0,0.6666666666666666
7604860,FY23,Fixed Established Subscription 6 Concert,6.0,6,12,2.0,6.0,0.0,1.0
7604860,FY24,Fixed Established Subscription 6 Concert,6.0,6,12,2.0,6.0,0.0,1.0
7604876,FY24,Fixed Freshman Subscription Sunday,4.0,4,4,1.0,4.0,0.0,1.0
7604892,FY23,Fixed Lapsed Subscription Sunday,4.0,4,16,4.0,4.0,0.0,1.0
7604934,FY23,Fixed Freshman Subscription 6 Concert,6.0,6,12,2.0,6.0,0.0,1.0
7605079,FY24,Fixed Established Subscription 6 Concert,6.0,5,10,2.0,6.0,1.0,0.8333333333333334
7605085,FY24,Fixed Established Subscription 6 Concert,6.0,11,12,1.0,6.0,-5.0,1.8333333333333333
7605172,FY23,Fixed Established Subscription 6 Concert,6.0,6,12,2.0,6.0,0.0,1.0
7605180,FY24,Fixed Freshman Subscription 24 Concert,24.0,22,36,1.3846153846153846,24.0,2.0,0.9166666666666666
7605197,FY23,Fixed Freshman Subscription 6 Concert,6.0,3,3,1.0,6.0,3.0,0.5
7605197,FY23,Fixed Musician Subscription 6 Concert,6.0,1,1,1.0,6.0,5.0,0.16666666666666666
7605197,FY23,Fixed Sophomore Subscription 12 Concert,12.0,7,7,1.0,12.0,5.0,0.5833333333333334
7605197,FY24,Fixed Established Subscription 6 Concert,6.0,6,7,1.1666666666666667,6.0,0.0,1.0
7605220,FY24,Fixed Established Subscription Sunday,4.0,4,8,2.0,4.0,0.0,1.0
7605254,FY23,Fixed Established Subscription 6 Concert,6.0,6,12,2.0,6.0,0.0,1.0
7605254,FY24,Fixed Established Subscription 6 Concert,6.0,6,12,2.0,6.0,0.0,1.0
7605277,FY23,Fixed Established Subscription 6 Concert,6.0,6,12,1.7142857142857142,6.0,0.0,1.0
7605277,FY24,Fixed Established Subscription 6 Concert,6.0,6,12,1.7142857142857142,6.0,0.0,1.0
7605309,FY23,Fixed Established Subscription Sunday,4.0,3,6,2.0,4.0,1.0,0.75
7605309,FY24,Fixed Established Subscription Sunday,4.0,2,4,2.0,4.0,2.0,0.5
7605318,FY24,Fixed Upgrade Subscription 12 Concert,12.0,9,18,2.0,12.0,3.0,0.75
7605543,FY23,Fixed Sophomore  Subscription Sunday,4.0,4,8,2.0,4.0,0.0,1.0
7605543,FY24,Fixed Established Subscription 6 Concert,6.0,1,2,2.0,6.0,5.0,0.16666666666666666
7605543,FY24,Fixed Established Subscription Sunday,4.0,3,6,2.0,4.0,1.0,0.75
7605555,FY23,Fixed Lapsed Subscription 6 Concert,6.0,6,12,2.0,6.0,0.0,1.0
7605679,FY23,Fixed Lapsed Subscription 24 Concert,24.0,21,36,1.3333333333333333,24.0,3.0,0.875
7605730,FY23,Fixed Sophomore  Subscription Sunday,4.0,4,8,2.0,4.0,0.0,1.0
7605730,FY24,Fixed Established Subscription Sunday,4.0,4,8,2.0,4.0,0.0,1.0
7605774,FY23,Fixed Established Subscription 6 Concert,6.0,6,12,2.0,6.0,0.0,1.0
7605887,FY23,Fixed Freshman Subscription 6 Concert,6.0,5,5,1.0,6.0,1.0,0.8333333333333334
7606421,FY23,Fixed Sophomore Subscription 6 Concert,6.0,6,12,2.0,6.0,0.0,1.0
7606540,FY23,Fixed Established Subscription 6 Concert,6.0,6,12,2.0,6.0,0.0,1.0
7606540,FY24,Fixed Established Subscription 6 Concert,6.0,6,12,2.0,6.0,0.0,1.0
7606553,FY23,Fixed Lapsed Subscription Sunday,4.0,4,12,3.0,4.0,0.0,1.0
7606553,FY24,Fixed Established Subscription Sunday,4.0,4,12,3.0,4.0,0.0,1.0
7606693,FY24,Fixed Freshman Subscription 6 Concert,6.0,5,15,3.0,6.0,1.0,0.8333333333333334
7606741,FY24,Fixed Freshman Subscription 6 Concert,6.0,5,6,1.0,6.0,1.0,0.8333333333333334
7609322,FY23,Fixed Freshman Subscription 6 Concert,6.0,6,12,2.0,6.0,0.0,1.0
7609322,FY24,Fixed Sophomore Subscription 6 Concert,6.0,6,12,2.0,6.0,0.0,1.0
7610063,FY24,Fixed Upgrade Subscription 18 Concert,18.0,15,30,2.0,18.0,3.0,0.8333333333333334
7610212,FY23,Fixed Established Subscription 6 Concert,6.0,6,12,2.0,6.0,0.0,1.0
7610212,FY24,Fixed Established Subscription 6 Concert,6.0,6,12,2.0,6.0,0.0,1.0
7613908,FY23,Fixed Freshman Subscription 6 Concert,6.0,6,12,2.0,6.0,0.0,1.0
7628985,FY24,Fixed Established Subscription 6 Concert,6.0,6,12,2.0,6.0,0.0,1.0
7633428,FY24,Fixed Freshman Subscription Sunday,4.0,4,8,2.0,4.0,0.0,1.0
7637183,FY24,Fixed Sophomore Subscription 24 Concert,24.0,24,48,1.7777777777777777,24.0,0.0,1.0
7637823,FY23,Fixed Freshman Subscription 6 Concert,6.0,6,12,2.0,6.0,0.0,1.0
7644135,FY24,Fixed Freshman Subscription 6 Concert,6.0,3,6,2.0,6.0,3.0,0.5
7644276,FY23,Fixed Established Subscription 6 Concert,6.0,5,10,2.0,6.0,1.0,0.8333333333333334
7644276,FY23,Fixed Lapsed Subscription 24 Concert,24.0,1,2,2.0,24.0,23.0,0.041666666666666664
7644276,FY24,Fixed Established Subscription 6 Concert,6.0,6,12,2.0,6.0,0.0,1.0
7644759,FY23,Fixed Sophomore Subscription 12 Concert,12.0,6,12,2.0,12.0,6.0,0.5
7644759,FY23,Fixed Sophomore Subscription 6 Concert,6.0,6,12,2.0,6.0,0.0,1.0
7644759,FY24,Fixed Established Subscription 12 Concert,12.0,12,23,1.9166666666666667,12.0,0.0,1.0
7644799,FY23,Fixed Established Subscription 6 Concert,6.0,6,12,2.0,6.0,0.0,1.0
7644799,FY24,Fixed Established Subscription 6 Concert,6.0,6,12,2.0,6.0,0.0,1.0
7645240,FY23,Fixed Established Subscription Sunday,4.0,4,8,2.0,4.0,0.0,1.0
7645240,FY24,Fixed Established Subscription Sunday,4.0,3,6,2.0,4.0,1.0,0.75
7645753,FY23,Fixed Established Subscription 24 Concert,24.0,1,2,2.0,24.0,23.0,0.041666666666666664
7646884,FY24,Fixed Freshman Subscription Sunday,4.0,4,4,1.0,4.0,0.0,1.0
7646896,FY24,Fixed Freshman Subscription Sunday,4.0,4,4,1.0,4.0,0.0,1.0
7647220,FY23,Fixed Established Subscription 24 Concert,24.0,22,54,2.16,24.0,2.0,0.9166666666666666
7647220,FY24,Fixed Established Subscription 24 Concert,24.0,22,48,2.0,24.0,2.0,0.9166666666666666
7648541,FY23,Fixed Sophomore Subscription 6 Concert,6.0,6,12,2.0,6.0,0.0,1.0
7648541,FY24,Fixed Established Subscription 6 Concert,6.0,6,12,2.0,6.0,0.0,1.0
7649207,FY23,Fixed Sophomore Subscription 6 Concert,6.0,6,24,4.0,6.0,0.0,1.0
7650478,FY23,Fixed Sophomore  Subscription Sunday,4.0,4,8,2.0,4.0,0.0,1.0
7650478,FY24,Fixed Established Subscription Sunday,4.0,4,8,2.0,4.0,0.0,1.0
7652603,FY23,Fixed Freshman Subscription 6 Concert,6.0,6,24,3.0,6.0,0.0,1.0
7652986,FY23,Fixed Sophomore Subscription 6 Concert,6.0,6,12,2.0,6.0,0.0,1.0
7652986,FY24,Fixed Established Subscription 6 Concert,6.0,6,12,2.0,6.0,0.0,1.0
7653186,FY24,Fixed Freshman Subscription 6 Concert,6.0,6,12,2.0,6.0,0.0,1.0
7653262,FY24,Fixed Freshman Subscription 6 Concert,6.0,6,6,1.0,6.0,0.0,1.0
7653352,FY23,Fixed Established Subscription 6 Concert,6.0,6,6,1.0,6.0,0.0,1.0
7653352,FY24,Fixed Established Subscription 6 Concert,6.0,6,6,1.0,6.0,0.0,1.0
7654359,FY23,Fixed Freshman Subscription 6 Concert,6.0,5,9,1.8,6.0,1.0,0.8333333333333334
7654463,FY24,Fixed Established Subscription 6 Concert,6.0,6,12,2.0,6.0,0.0,1.0
7657755,FY24,Fixed Freshman Subscription 12 Concert,12.0,6,12,2.0,12.0,6.0,0.5
7657755,FY24,Fixed Freshman Subscription Sunday,4.0,4,8,2.0,4.0,0.0,1.0
7659537,FY23,Fixed Sophomore  Subscription Sunday,4.0,4,8,2.0,4.0,0.0,1.0
7659537,FY24,Fixed Established Subscription Sunday,4.0,4,8,2.0,4.0,0.0,1.0
7659884,FY23,Fixed Established Subscription 6 Concert,6.0,6,12,2.0,6.0,0.0,1.0
7659884,FY24,Fixed Established Subscription 6 Concert,6.0,6,12,2.0,6.0,0.0,1.0
7661081,FY23,Fixed Established Subscription 6 Concert,6.0,6,12,2.0,6.0,0.0,1.0
7661081,FY24,Fixed Established Subscription 6 Concert,6.0,6,12,2.0,6.0,0.0,1.0
7661807,FY24,Fixed Freshman Subscription 6 Concert,6.0,6,12,2.0,6.0,0.0,1.0
7661987,FY23,Fixed Sophomore Subscription 6 Concert,6.0,6,12,2.0,6.0,0.0,1.0
7662099,FY23,Fixed Freshman Subscription 6 Concert,6.0,6,12,1.7142857142857142,6.0,0.0,1.0
7662166,FY23,Fixed Freshman Subscription 6 Concert,6.0,6,24,4.0,6.0,0.0,1.0
7662352,FY23,Fixed Chorus Subscription 12 Concert,12.0,1,1,1.0,12.0,11.0,0.08333333333333333
7662375,FY23,Fixed Freshman Subscription 6 Concert,6.0,3,6,1.0,6.0,3.0,0.5
7663138,FY24,Fixed Chorus Subscription 12 Concert,12.0,1,1,1.0,12.0,11.0,0.08333333333333333
7663149,FY23,Fixed Freshman Subscription 6 Concert,6.0,6,12,2.0,6.0,0.0,1.0
7663149,FY24,Fixed Sophomore Subscription 6 Concert,6.0,6,12,2.0,6.0,0.0,1.0
7665425,FY23,Fixed Freshman Subscription 6 Concert,6.0,3,6,2.0,6.0,3.0,0.5
7665703,FY24,Fixed Freshman Subscription 6 Concert,6.0,6,24,2.0,6.0,0.0,1.0
7665905,FY23,Fixed Freshman Subscription 6 Concert,6.0,6,12,2.0,6.0,0.0,1.0
7665905,FY24,Fixed Sophomore Subscription 6 Concert,6.0,6,12,2.0,6.0,0.0,1.0
7666343,FY23,Fixed Freshman Subscription 6 Concert,6.0,6,6,1.0,6.0,0.0,1.0
7666343,FY24,Fixed Sophomore Subscription 6 Concert,6.0,6,6,1.0,6.0,0.0,1.0
7667068,FY23,Fixed Freshman Subscription 6 Concert,6.0,6,12,2.0,6.0,0.0,1.0
7668373,FY24,Fixed Lapsed Subscription Sunday,4.0,4,8,2.0,4.0,0.0,1.0
7669041,FY23,Fixed Established Subscription Sunday,4.0,3,8,2.0,4.0,1.0,0.75
7669041,FY24,Fixed Established Subscription Sunday,4.0,4,8,2.0,4.0,0.0,1.0
7669058,FY23,Fixed Freshman Subscription Sunday,4.0,2,4,1.0,4.0,2.0,0.5
7670810,FY23,Fixed Established Subscription 24 Concert,24.0,24,24,1.0,24.0,0.0,1.0
7670810,FY24,Fixed Established Subscription 24 Concert,24.0,24,25,1.0416666666666667,24.0,0.0,1.0
7671131,FY24,Fixed Freshman Subscription 6 Concert,6.0,6,6,1.0,6.0,0.0,1.0
7671198,FY23,Fixed Lapsed Subscription Sunday,4.0,3,6,2.0,4.0,1.0,0.75
7671198,FY23,Fixed Sophomore  Subscription Sunday,4.0,1,2,2.0,4.0,3.0,0.25
7671198,FY24,Fixed Established Subscription Sunday,4.0,4,8,2.0,4.0,0.0,1.0
7672485,FY23,Fixed Freshman Subscription 6 Concert,6.0,6,6,1.0,6.0,0.0,1.0
7672485,FY24,Fixed Sophomore Subscription 6 Concert,6.0,6,6,1.0,6.0,0.0,1.0
7673001,FY23,Fixed Established Subscription 6 Concert,6.0,7,12,1.7142857142857142,6.0,-1.0,1.1666666666666667
7673395,FY24,Fixed Lapsed Subscription 6 Concert,6.0,6,12,2.0,6.0,0.0,1.0
7673550,FY23,Fixed Freshman Subscription 6 Concert,6.0,6,11,1.5714285714285714,6.0,0.0,1.0
7673550,FY24,Fixed Sophomore Subscription 6 Concert,6.0,5,5,1.0,6.0,1.0,0.8333333333333334
7673646,FY23,Fixed Established Subscription 6 Concert,6.0,5,12,2.4,6.0,1.0,0.8333333333333334
7673646,FY24,Fixed Established Subscription 6 Concert,6.0,3,6,2.0,6.0,3.0,0.5
7673912,FY23,Fixed Established Subscription Sunday,4.0,3,6,1.5,4.0,1.0,0.75
7673912,FY24,Fixed Established Subscription Sunday,4.0,3,8,1.6,4.0,1.0,0.75
7674510,FY23,Fixed Freshman Subscription 6 Concert,6.0,4,8,2.0,6.0,2.0,0.6666666666666666
7674510,FY24,Fixed Sophomore Subscription 6 Concert,6.0,5,10,2.0,6.0,1.0,0.8333333333333334
7674718,FY24,Fixed Established Subscription 6 Concert,6.0,6,12,2.0,6.0,0.0,1.0
7675425,FY23,Fixed Established Subscription 24 Concert,24.0,6,12,2.0,24.0,18.0,0.25
7675625,FY23,Fixed Sophomore Subscription 24 Concert,24.0,12,24,2.0,24.0,12.0,0.5
7675625,FY24,Fixed Established Subscription 12 Concert,12.0,12,24,2.0,12.0,0.0,1.0
7676684,FY24,Fixed Freshman Subscription 6 Concert,6.0,6,12,2.0,6.0,0.0,1.0
7676836,FY24,Fixed Sophomore Subscription 6 Concert,6.0,6,6,1.0,6.0,0.0,1.0
7677073,FY24,Fixed Freshman Subscription Sunday,4.0,4,8,2.0,4.0,0.0,1.0
7677614,FY23,Fixed Established Subscription 6 Concert,6.0,6,12,2.0,6.0,0.0,1.0
7677773,FY23,Fixed Sophomore Subscription 6 Concert,6.0,5,6,1.0,6.0,1.0,0.8333333333333334
7677950,FY23,Fixed Freshman Subscription 6 Concert,6.0,6,12,2.0,6.0,0.0,1.0
7677988,FY24,Fixed Sophomore Subscription 6 Concert,6.0,6,12,2.0,6.0,0.0,1.0
7678301,FY23,Fixed Sophomore  Subscription Sunday,4.0,4,8,2.0,4.0,0.0,1.0
7679198,FY23,Fixed Chorus Subscription 12 Concert,12.0,1,2,2.0,12.0,11.0,0.08333333333333333
7679488,FY23,Fixed Established Subscription 6 Concert,6.0,5,10,2.0,6.0,1.0,0.8333333333333334
7679488,FY24,Fixed Established Subscription 6 Concert,6.0,6,12,2.0,6.0,0.0,1.0
7679524,FY23,Fixed Established Subscription 6 Concert,6.0,6,12,2.0,6.0,0.0,1.0
7679524,FY24,Fixed Chorus Subscription 12 Concert,12.0,2,4,2.0,12.0,10.0,0.16666666666666666
7679796,FY23,Fixed Established Subscription 6 Concert,6.0,6,12,2.0,6.0,0.0,1.0
7679796,FY24,Fixed Established Subscription 6 Concert,6.0,6,12,2.0,6.0,0.0,1.0
7679818,FY23,Fixed Freshman Subscription Sunday,4.0,4,8,2.0,4.0,0.0,1.0
7679903,FY23,Fixed Established Subscription Sunday,4.0,4,8,2.0,4.0,0.0,1.0
7679998,FY23,Fixed Established Subscription 6 Concert,6.0,6,12,2.0,6.0,0.0,1.0
7679998,FY24,Fixed Established Subscription 6 Concert,6.0,6,12,2.0,6.0,0.0,1.0
7680859,FY23,Fixed Established Subscription 6 Concert,6.0,6,12,2.0,6.0,0.0,1.0
7680859,FY24,Fixed Established Subscription 6 Concert,6.0,6,12,2.0,6.0,0.0,1.0
7681209,FY23,Fixed Sophomore Subscription 6 Concert,6.0,6,12,2.0,6.0,0.0,1.0
7681209,FY24,Fixed Established Subscription 6 Concert,6.0,6,12,2.0,6.0,0.0,1.0
7681469,FY24,Fixed Freshman Subscription 6 Concert,6.0,6,18,3.0,6.0,0.0,1.0
7682112,FY23,Fixed Sophomore  Subscription Sunday,4.0,2,2,1.0,4.0,2.0,0.5
7682112,FY23,Fixed Sophomore Subscription 6 Concert,6.0,1,1,1.0,6.0,5.0,0.16666666666666666
7682112,FY24,Fixed Established Subscription Sunday,4.0,4,4,1.0,4.0,0.0,1.0
7682591,FY23,Fixed Established Subscription 6 Concert,6.0,6,12,1.7142857142857142,6.0,0.0,1.0
7682607,FY23,Fixed Established Subscription 6 Concert,6.0,6,12,2.0,6.0,0.0,1.0
7682607,FY24,Fixed Established Subscription 6 Concert,6.0,4,8,2.0,6.0,2.0,0.6666666666666666
7682716,FY23,Fixed Established Subscription 6 Concert,6.0,6,12,2.0,6.0,0.0,1.0
7682716,FY24,Fixed Freshman Subscription 12 Concert,12.0,12,24,2.0,12.0,0.0,1.0
7682747,FY23,Fixed Established Subscription 6 Concert,6.0,6,12,2.0,6.0,0.0,1.0
7682747,FY24,Fixed Established Subscription 6 Concert,6.0,6,12,2.0,6.0,0.0,1.0
7682758,FY23,Fixed Lapsed Subscription 6 Concert,6.0,5,9,1.5,6.0,1.0,0.8333333333333334
7682817,FY23,Fixed Sophomore  Subscription Sunday,4.0,4,4,1.0,4.0,0.0,1.0
7682828,FY23,Fixed Established Subscription 6 Concert,6.0,11,18,1.5,6.0,-5.0,1.8333333333333333
7682828,FY24,Fixed Established Subscription 6 Concert,6.0,12,18,1.5,6.0,-6.0,2.0
7682961,FY24,Fixed Sophomore Subscription 6 Concert,6.0,6,12,2.0,6.0,0.0,1.0
7683011,FY23,Fixed Lapsed Subscription Sunday,4.0,4,4,1.0,4.0,0.0,1.0
7685540,FY24,Fixed Upgrade Subscription 6 Concert,6.0,6,12,2.0,6.0,0.0,1.0
7686176,FY23,Fixed Freshman Subscription 6 Concert,6.0,6,12,1.0,6.0,0.0,1.0
7686176,FY24,Fixed Sophomore  Subscription Sunday,4.0,4,4,1.0,4.0,0.0,1.0
7687555,FY23,Fixed Freshman Subscription Sunday,4.0,4,8,2.0,4.0,0.0,1.0
7691590,FY23,Fixed Freshman Subscription Sunday,4.0,4,4,1.0,4.0,0.0,1.0
7691590,FY24,Fixed Sophomore  Subscription Sunday,4.0,4,4,1.0,4.0,0.0,1.0
7693923,FY23,Fixed Freshman Subscription Sunday,4.0,4,4,1.0,4.0,0.0,1.0
7694130,FY23,Fixed Freshman Subscription 6 Concert,6.0,6,12,2.0,6.0,0.0,1.0
7694130,FY24,Fixed Sophomore Subscription 6 Concert,6.0,6,12,2.0,6.0,0.0,1.0
7700129,FY23,Fixed Established Subscription 6 Concert,6.0,6,12,2.0,6.0,0.0,1.0
7700129,FY24,Fixed Established Subscription 6 Concert,6.0,6,12,2.0,6.0,0.0,1.0
7702992,FY23,Fixed Lapsed Subscription 6 Concert,6.0,6,6,1.0,6.0,0.0,1.0
7702992,FY24,Fixed Established Subscription 6 Concert,6.0,6,6,1.0,6.0,0.0,1.0
7706126,FY23,Fixed Freshman Subscription 12 Concert,12.0,9,22,1.6923076923076923,12.0,3.0,0.75
7707289,FY23,Fixed Sophomore Subscription 6 Concert,6.0,6,12,2.0,6.0,0.0,1.0
7707289,FY24,Fixed Established Subscription Sunday,4.0,3,8,2.0,4.0,1.0,0.75
7709499,FY24,Fixed Established Subscription 6 Concert,6.0,7,12,1.7142857142857142,6.0,-1.0,1.1666666666666667
7709924,FY23,Fixed Established Subscription 6 Concert,6.0,6,12,2.0,6.0,0.0,1.0
7709924,FY24,Fixed Established Subscription 6 Concert,6.0,6,12,2.0,6.0,0.0,1.0
7712319,FY24,Fixed Freshman Subscription 6 Concert,6.0,1,3,1.5,6.0,5.0,0.16666666666666666
7719784,FY23,Fixed Musician Subscription 24 Concert,24.0,18,18,1.0,24.0,6.0,0.75
7719784,FY24,Fixed Musician Subscription 24 Concert,24.0,18,18,1.0,24.0,6.0,0.75
7748280,FY23,Fixed Musician Subscription 6 Concert,6.0,6,12,2.0,6.0,0.0,1.0
7749025,FY23,Fixed Freshman Subscription 6 Concert,6.0,6,12,2.0,6.0,0.0,1.0
7765024,FY23,Fixed Freshman Subscription 6 Concert,6.0,6,12,2.0,6.0,0.0,1.0
7772213,FY24,Fixed Chorus Subscription 12 Concert,12.0,1,5,5.0,12.0,11.0,0.08333333333333333
7779634,FY24,Fixed Freshman Subscription Sunday,4.0,4,8,2.0,4.0,0.0,1.0
7780988,FY23,Fixed Freshman Subscription 6 Concert,6.0,6,6,1.0,6.0,0.0,1.0
7781298,FY24,Fixed Established Subscription Sunday,4.0,4,8,2.0,4.0,0.0,1.0
7781866,FY23,Fixed Lapsed Subscription 6 Concert,6.0,6,12,2.0,6.0,0.0,1.0
7784147,FY23,Fixed Freshman Subscription Sunday,4.0,2,4,1.0,4.0,2.0,0.5
7786182,FY23,Fixed Established Subscription 6 Concert,6.0,6,12,2.0,6.0,0.0,1.0
7786182,FY24,Fixed Established Subscription 6 Concert,6.0,6,12,2.0,6.0,0.0,1.0
7787928,FY23,Fixed Chorus Subscription 12 Concert,12.0,1,3,3.0,12.0,11.0,0.08333333333333333
7787928,FY24,Fixed Chorus Subscription 12 Concert,12.0,1,2,2.0,12.0,11.0,0.08333333333333333
7788515,FY23,Fixed Freshman Subscription 6 Concert,6.0,6,12,2.0,6.0,0.0,1.0
7790174,FY23,Fixed Freshman Subscription 6 Concert,6.0,6,12,1.7142857142857142,6.0,0.0,1.0
7790174,FY24,Fixed Sophomore Subscription 6 Concert,6.0,6,12,2.0,6.0,0.0,1.0
7791053,FY23,Fixed Freshman Subscription 6 Concert,6.0,6,24,4.0,6.0,0.0,1.0
7791053,FY24,Fixed Established Subscription 6 Concert,6.0,6,24,4.0,6.0,0.0,1.0
7792325,FY23,Fixed Freshman Subscription 6 Concert,6.0,8,12,1.5,6.0,-2.0,1.3333333333333333
7792325,FY23,Fixed Freshman Subscription Sunday,4.0,4,4,1.0,4.0,0.0,1.0
7793062,FY23,Fixed Established Subscription Sunday,4.0,4,8,2.0,4.0,0.0,1.0
7793062,FY24,Fixed Established Subscription Sunday,4.0,4,8,2.0,4.0,0.0,1.0
7793301,FY23,Fixed Established Subscription 24 Concert,24.0,1,4,4.0,24.0,23.0,0.041666666666666664
7794446,FY23,Fixed Established Subscription 6 Concert,6.0,6,12,2.0,6.0,0.0,1.0
7794470,FY23,Fixed Sophomore Subscription 6 Concert,6.0,6,6,1.0,6.0,0.0,1.0
7794616,FY23,Fixed Freshman Subscription 6 Concert,6.0,6,12,2.0,6.0,0.0,1.0
7794616,FY24,Fixed Sophomore Subscription 6 Concert,6.0,6,12,2.0,6.0,0.0,1.0
7794735,FY23,Fixed Freshman Subscription Sunday,4.0,2,4,1.0,4.0,2.0,0.5
7794735,FY24,Fixed Sophomore  Subscription Sunday,4.0,3,4,1.0,4.0,1.0,0.75
7795808,FY23,Fixed Established Subscription 6 Concert,6.0,6,12,2.0,6.0,0.0,1.0
7796424,FY23,Fixed Freshman Subscription 6 Concert,6.0,6,12,2.0,6.0,0.0,1.0
7798679,FY23,Fixed Freshman Subscription 6 Concert,6.0,6,6,1.0,6.0,0.0,1.0
7798679,FY24,Fixed Sophomore Subscription 6 Concert,6.0,6,6,1.0,6.0,0.0,1.0
7798823,FY24,Fixed Freshman Subscription Sunday,4.0,4,8,2.0,4.0,0.0,1.0
7798866,FY24,Fixed Freshman Subscription 6 Concert,6.0,6,12,2.0,6.0,0.0,1.0
7800527,FY24,Fixed Freshman Subscription 12 Concert,12.0,12,24,2.0,12.0,0.0,1.0
7801993,FY23,Fixed Freshman Subscription 6 Concert,6.0,6,12,2.0,6.0,0.0,1.0
7802485,FY23,Fixed Freshman Subscription 6 Concert,6.0,6,12,2.0,6.0,0.0,1.0
7802485,FY24,Fixed Sophomore Subscription 6 Concert,6.0,6,12,2.0,6.0,0.0,1.0
7803721,FY24,Fixed Freshman Subscription 6 Concert,6.0,6,12,2.0,6.0,0.0,1.0
7804138,FY23,Fixed Freshman Subscription 6 Concert,6.0,6,12,2.0,6.0,0.0,1.0
7818329,FY23,Fixed Sophomore Subscription 6 Concert,6.0,1,2,2.0,6.0,5.0,0.16666666666666666
7819370,FY24,Fixed Established Subscription 6 Concert,6.0,6,6,1.0,6.0,0.0,1.0
7820481,FY24,Fixed Established Subscription 6 Concert,6.0,6,12,2.0,6.0,0.0,1.0
7820543,FY24,Fixed Freshman Subscription 6 Concert,6.0,6,6,1.0,6.0,0.0,1.0
7822708,FY23,Fixed Freshman Subscription Sunday,4.0,2,4,2.0,4.0,2.0,0.5
7860102,FY23,Fixed Chorus Subscription 12 Concert,12.0,1,3,3.0,12.0,11.0,0.08333333333333333
7860102,FY24,Fixed Upgrade Subscription 6 Concert,6.0,6,12,2.0,6.0,0.0,1.0
7886048,FY24,Fixed Freshman Subscription 6 Concert,6.0,6,12,2.0,6.0,0.0,1.0
7942904,FY24,Fixed Freshman Subscription 6 Concert,6.0,6,12,2.0,6.0,0.0,1.0
7975086,FY23,Fixed Freshman Subscription 6 Concert,6.0,5,10,2.0,6.0,1.0,0.8333333333333334
8031721,FY23,Fixed Established Subscription 6 Concert,6.0,6,12,1.5,6.0,0.0,1.0
8074520,FY24,Fixed Established Subscription 6 Concert,6.0,6,12,2.0,6.0,0.0,1.0
8084754,FY23,Fixed Established Subscription 6 Concert,6.0,6,12,1.5,6.0,0.0,1.0
8085116,FY23,Fixed Established Subscription 12 Concert,12.0,10,10,1.0,12.0,2.0,0.8333333333333334
8085138,FY23,Fixed Established Subscription 6 Concert,6.0,6,6,1.0,6.0,0.0,1.0
8085138,FY24,Fixed Established Subscription 6 Concert,6.0,6,6,1.0,6.0,0.0,1.0
8085164,FY23,Fixed Established Subscription 24 Concert,24.0,24,47,1.8076923076923077,24.0,0.0,1.0
8085164,FY24,Fixed Established Subscription 24 Concert,24.0,23,46,1.9166666666666667,24.0,1.0,0.9583333333333334
8085164,FY24,Fixed Freshman Subscription 12 Concert,12.0,1,2,2.0,12.0,11.0,0.08333333333333333
8085252,FY24,Fixed Lapsed Subscription 6 Concert,6.0,6,12,2.0,6.0,0.0,1.0
8085268,FY23,Fixed Established Subscription Sunday,4.0,4,12,3.0,4.0,0.0,1.0
8085311,FY23,Fixed Upgrade Subscription Sunday,4.0,4,4,1.0,4.0,0.0,1.0
8085362,FY23,Fixed Established Subscription 6 Concert,6.0,18,38,2.0,6.0,-12.0,3.0
8085362,FY23,Fixed Established Subscription Sunday,4.0,4,8,2.0,4.0,0.0,1.0
8085362,FY24,Fixed Established Subscription 18 Concert,18.0,18,36,1.894736842105263,18.0,0.0,1.0
8086315,FY23,Fixed Established Subscription 6 Concert,6.0,6,6,1.0,6.0,0.0,1.0
8086315,FY24,Fixed Established Subscription 6 Concert,6.0,6,6,1.0,6.0,0.0,1.0
8086406,FY23,Fixed Established Subscription 6 Concert,6.0,5,10,1.0,6.0,1.0,0.8333333333333334
8086406,FY23,Fixed Freshman Subscription 6 Concert,6.0,1,2,1.0,6.0,5.0,0.16666666666666666
8086406,FY24,Fixed Established Subscription 6 Concert,6.0,6,12,1.0,6.0,0.0,1.0
8086417,FY23,Fixed Established Subscription 6 Concert,6.0,6,12,2.0,6.0,0.0,1.0
8086417,FY24,Fixed Established Subscription 6 Concert,6.0,5,10,2.0,6.0,1.0,0.8333333333333334
8086417,FY24,Fixed Sophomore  Subscription Sunday,4.0,1,2,2.0,4.0,3.0,0.25
8086428,FY23,Fixed Established Subscription 6 Concert,6.0,6,12,2.0,6.0,0.0,1.0
8086428,FY24,Fixed Established Subscription 6 Concert,6.0,6,12,2.0,6.0,0.0,1.0
8093856,FY24,Fixed Sophomore Subscription 18 Concert,18.0,1,4,4.0,18.0,17.0,0.05555555555555555
8095065,FY24,Fixed Established Subscription 6 Concert,6.0,6,12,2.0,6.0,0.0,1.0
8098753,FY23,Fixed Freshman Subscription 6 Concert,6.0,12,24,2.0,6.0,-6.0,2.0
8113159,FY23,Fixed Established Subscription Sunday,4.0,4,8,2.0,4.0,0.0,1.0
8117094,FY24,Fixed Freshman Subscription 6 Concert,6.0,6,12,2.0,6.0,0.0,1.0
8123984,FY23,Fixed Freshman Subscription 6 Concert,6.0,6,18,3.0,6.0,0.0,1.0
8172746,FY24,Fixed Freshman Subscription 12 Concert,12.0,12,36,3.0,12.0,0.0,1.0
8186118,FY23,Fixed Sophomore Subscription 24 Concert,24.0,6,12,2.0,24.0,18.0,0.25
8186118,FY24,Fixed Established Subscription 6 Concert,6.0,6,12,2.0,6.0,0.0,1.0
8187793,FY23,Fixed Freshman Subscription 6 Concert,6.0,6,18,1.0,6.0,0.0,1.0
8187935,FY24,Fixed Freshman Subscription Sunday,4.0,4,8,2.0,4.0,0.0,1.0
8188745,FY23,Fixed Freshman Subscription Sunday,4.0,4,8,2.0,4.0,0.0,1.0
8188745,FY24,Fixed Established Subscription 6 Concert,6.0,6,12,2.0,6.0,0.0,1.0
8188745,FY24,Fixed Sophomore  Subscription Sunday,4.0,4,8,2.0,4.0,0.0,1.0
8197368,FY23,Fixed Established Subscription 6 Concert,6.0,6,6,1.0,6.0,0.0,1.0
8197368,FY24,Fixed Established Subscription 6 Concert,6.0,6,6,1.0,6.0,0.0,1.0
8204931,FY23,Fixed Established Subscription 6 Concert,6.0,6,12,2.0,6.0,0.0,1.0
8211121,FY23,Fixed Lapsed Subscription 6 Concert,6.0,3,6,2.0,6.0,3.0,0.5
8211121,FY23,Fixed Sophomore Subscription 6 Concert,6.0,3,6,2.0,6.0,3.0,0.5
8212885,FY23,Fixed Established Subscription 6 Concert,6.0,6,6,1.0,6.0,0.0,1.0
8212885,FY24,Fixed Established Subscription 6 Concert,6.0,3,6,1.0,6.0,3.0,0.5
8235408,FY23,Fixed Sophomore Subscription 6 Concert,6.0,6,12,2.0,6.0,0.0,1.0
8245828,FY23,Fixed Established Subscription 6 Concert,6.0,13,14,1.0,6.0,-7.0,2.1666666666666665
8245828,FY24,Fixed Established Subscription 12 Concert,12.0,12,12,1.0,12.0,0.0,1.0
8256197,FY23,Fixed Established Subscription Sunday,4.0,4,8,2.0,4.0,0.0,1.0
8256197,FY24,Fixed Established Subscription Sunday,4.0,4,8,2.0,4.0,0.0,1.0
8256594,FY23,Fixed Established Subscription 6 Concert,6.0,12,48,3.0,6.0,-6.0,2.0
8256594,FY24,Fixed Established Subscription 6 Concert,6.0,6,24,4.0,6.0,0.0,1.0
8278683,FY24,Fixed Established Subscription Sunday,4.0,1,1,1.0,4.0,3.0,0.25
8280033,FY23,Fixed Established Subscription 6 Concert,6.0,6,12,2.0,6.0,0.0,1.0
8280033,FY24,Fixed Established Subscription 6 Concert,6.0,6,12,2.0,6.0,0.0,1.0
8280107,FY23,Fixed Established Subscription 6 Concert,6.0,6,12,2.0,6.0,0.0,1.0
8280107,FY24,Fixed Established Subscription 6 Concert,6.0,6,12,1.7142857142857142,6.0,0.0,1.0
8280434,FY23,Fixed Established Subscription 6 Concert,6.0,1,3,3.0,6.0,5.0,0.16666666666666666
8280471,FY23,Fixed Freshman Subscription Sunday,4.0,4,4,1.0,4.0,0.0,1.0
8287146,FY24,Fixed Chorus Subscription 12 Concert,12.0,1,2,1.0,12.0,11.0,0.08333333333333333
8288858,FY23,Fixed Sophomore Subscription 6 Concert,6.0,1,2,2.0,6.0,5.0,0.16666666666666666
8297114,FY23,Fixed Sophomore Subscription 6 Concert,6.0,1,1,1.0,6.0,5.0,0.16666666666666666
8297114,FY23,Fixed Upgrade Subscription 6 Concert,6.0,5,5,1.0,6.0,1.0,0.8333333333333334
8298003,FY23,Fixed Sophomore  Subscription Sunday,4.0,4,8,2.0,4.0,0.0,1.0
8298003,FY24,Fixed Established Subscription Sunday,4.0,4,8,2.0,4.0,0.0,1.0
8298290,FY23,Fixed Established Subscription 6 Concert,6.0,6,12,2.0,6.0,0.0,1.0
8298290,FY24,Fixed Established Subscription 6 Concert,6.0,6,12,1.7142857142857142,6.0,0.0,1.0
8298806,FY23,Fixed Established Subscription 6 Concert,6.0,6,12,2.0,6.0,0.0,1.0
8304576,FY24,Fixed Freshman Subscription 6 Concert,6.0,6,12,2.0,6.0,0.0,1.0
8304874,FY23,Fixed Sophomore Subscription 12 Concert,12.0,12,24,2.0,12.0,0.0,1.0
8304874,FY24,Fixed Established Subscription 6 Concert,6.0,16,36,2.0,6.0,-10.0,2.6666666666666665
8306096,FY23,Fixed Freshman Subscription 6 Concert,6.0,12,12,1.0,6.0,-6.0,2.0
8306096,FY24,Fixed Sophomore Subscription 6 Concert,6.0,6,6,1.0,6.0,0.0,1.0
8308171,FY23,Fixed Established Subscription 24 Concert,24.0,1,3,3.0,24.0,23.0,0.041666666666666664
8308171,FY23,Fixed Freshman Subscription Sunday,4.0,3,9,3.0,4.0,1.0,0.75
8308171,FY24,Fixed Sophomore  Subscription Sunday,4.0,4,12,3.0,4.0,0.0,1.0
8308448,FY23,Fixed Established Subscription 6 Concert,6.0,6,12,2.0,6.0,0.0,1.0
8308448,FY24,Fixed Established Subscription 6 Concert,6.0,6,12,2.0,6.0,0.0,1.0
8319302,FY23,Fixed Established Subscription 6 Concert,6.0,6,12,2.0,6.0,0.0,1.0
8320672,FY23,Fixed Upgrade Subscription 6 Concert,6.0,6,6,1.0,6.0,0.0,1.0
8320823,FY24,Fixed Sophomore Subscription 6 Concert,6.0,6,12,2.0,6.0,0.0,1.0
8322044,FY24,Fixed Freshman Subscription Sunday,4.0,4,8,2.0,4.0,0.0,1.0
8322933,FY23,Fixed Freshman Subscription Sunday,4.0,4,8,2.0,4.0,0.0,1.0
8322933,FY24,Fixed Sophomore  Subscription Sunday,4.0,3,8,2.0,4.0,1.0,0.75
8322963,FY23,Fixed Sophomore Subscription 6 Concert,6.0,6,6,1.0,6.0,0.0,1.0
8323197,FY24,Fixed Freshman Subscription 24 Concert,24.0,24,24,1.0,24.0,0.0,1.0
8323609,FY23,Fixed Established Subscription 6 Concert,6.0,6,12,2.0,6.0,0.0,1.0
8323609,FY24,Fixed Established Subscription 6 Concert,6.0,6,12,2.0,6.0,0.0,1.0
8327809,FY24,Fixed Freshman Subscription 6 Concert,6.0,6,12,2.0,6.0,0.0,1.0
8331673,FY23,Fixed Freshman Subscription 6 Concert,6.0,5,12,1.7142857142857142,6.0,1.0,0.8333333333333334
8331804,FY23,Fixed Established Subscription 6 Concert,6.0,6,12,1.0,6.0,0.0,1.0
8331804,FY24,Fixed Established Subscription 6 Concert,6.0,5,10,1.0,6.0,1.0,0.8333333333333334
8332513,FY23,Fixed Established Subscription 6 Concert,6.0,6,12,2.0,6.0,0.0,1.0
8332513,FY24,Fixed Established Subscription 6 Concert,6.0,10,12,1.0,6.0,-4.0,1.6666666666666667
8332721,FY23,Fixed Chorus Subscription 6 Concert,6.0,12,12,1.0,6.0,-6.0,2.0
8332721,FY24,Fixed Chorus Subscription 6 Concert,6.0,8,8,1.0,6.0,-2.0,1.3333333333333333
8332721,FY24,Fixed Lapsed Subscription 6 Concert,6.0,2,2,1.0,6.0,4.0,0.3333333333333333
8332721,FY24,Fixed Sophomore Subscription 6 Concert,6.0,1,1,1.0,6.0,5.0,0.16666666666666666
8332721,FY24,Fixed Upgrade Subscription 6 Concert,6.0,1,1,1.0,6.0,5.0,0.16666666666666666
8333686,FY23,Fixed Sophomore  Subscription Sunday,4.0,4,8,2.0,4.0,0.0,1.0
8333686,FY24,Fixed Established Subscription Sunday,4.0,4,8,2.0,4.0,0.0,1.0
8334055,FY23,Fixed Established Subscription 6 Concert,6.0,6,6,1.0,6.0,0.0,1.0
8334399,FY24,Fixed Established Subscription Sunday,4.0,4,8,2.0,4.0,0.0,1.0
8334426,FY23,Fixed Established Subscription 6 Concert,6.0,6,12,2.0,6.0,0.0,1.0
8334466,FY23,Fixed Freshman Subscription 6 Concert,6.0,6,12,2.0,6.0,0.0,1.0
8334466,FY23,Fixed Freshman Subscription Sunday,4.0,6,8,1.3333333333333333,4.0,-2.0,1.5
8334466,FY24,Fixed Sophomore  Subscription Sunday,4.0,6,8,1.0,4.0,-2.0,1.5
8334466,FY24,Fixed Sophomore Subscription 6 Concert,6.0,9,12,1.3333333333333333,6.0,-3.0,1.5
8334659,FY23,Fixed Established Subscription 6 Concert,6.0,6,12,2.0,6.0,0.0,1.0
8334735,FY23,Fixed Established Subscription 6 Concert,6.0,6,12,2.0,6.0,0.0,1.0
8334735,FY24,Fixed Established Subscription 6 Concert,6.0,6,12,2.0,6.0,0.0,1.0
8334744,FY23,Fixed Established Subscription 6 Concert,6.0,6,12,2.0,6.0,0.0,1.0
8334744,FY24,Fixed Established Subscription 6 Concert,6.0,6,6,1.0,6.0,0.0,1.0
8334888,FY23,Fixed Sophomore Subscription 6 Concert,6.0,6,6,1.0,6.0,0.0,1.0
8335498,FY23,Fixed Established Subscription 6 Concert,6.0,5,12,2.0,6.0,1.0,0.8333333333333334
8335890,FY23,Fixed Established Subscription 12 Concert,12.0,10,16,1.6,12.0,2.0,0.8333333333333334
8335890,FY24,Fixed Established Subscription 12 Concert,12.0,12,12,1.0,12.0,0.0,1.0
8336166,FY23,Fixed Established Subscription 6 Concert,6.0,6,12,2.0,6.0,0.0,1.0
8336166,FY24,Fixed Established Subscription 6 Concert,6.0,6,12,2.0,6.0,0.0,1.0
8336213,FY23,Fixed Established Subscription 6 Concert,6.0,6,12,2.0,6.0,0.0,1.0
8336213,FY24,Fixed Established Subscription 6 Concert,6.0,6,12,2.0,6.0,0.0,1.0
8336263,FY23,Fixed Established Subscription 6 Concert,6.0,6,12,2.0,6.0,0.0,1.0
8336410,FY23,Fixed Freshman Subscription 6 Concert,6.0,6,12,2.0,6.0,0.0,1.0
8336410,FY24,Fixed Sophomore Subscription 6 Concert,6.0,6,12,1.7142857142857142,6.0,0.0,1.0
8337796,FY24,Fixed Established Subscription 6 Concert,6.0,6,12,2.0,6.0,0.0,1.0
8338608,FY23,Fixed Established Subscription 6 Concert,6.0,6,6,1.0,6.0,0.0,1.0
8338608,FY24,Fixed Established Subscription 6 Concert,6.0,6,6,1.0,6.0,0.0,1.0
8344176,FY23,Fixed Established Subscription 6 Concert,6.0,6,12,2.0,6.0,0.0,1.0
8344176,FY24,Fixed Established Subscription 6 Concert,6.0,6,12,2.0,6.0,0.0,1.0
8344326,FY23,Fixed Established Subscription 6 Concert,6.0,6,12,2.0,6.0,0.0,1.0
8344326,FY24,Fixed Established Subscription 6 Concert,6.0,6,12,2.0,6.0,0.0,1.0
8349480,FY23,Fixed Established Subscription 6 Concert,6.0,6,6,1.0,6.0,0.0,1.0
8349480,FY24,Fixed Established Subscription 6 Concert,6.0,5,6,1.0,6.0,1.0,0.8333333333333334
8349519,FY23,Fixed Established Subscription 6 Concert,6.0,6,12,2.0,6.0,0.0,1.0
8349525,FY23,Fixed Established Subscription Sunday,4.0,4,8,2.0,4.0,0.0,1.0
8349525,FY24,Fixed Established Subscription Sunday,4.0,4,8,2.0,4.0,0.0,1.0
8350025,FY23,Fixed Sophomore  Subscription Sunday,4.0,4,8,2.0,4.0,0.0,1.0
8350025,FY24,Fixed Established Subscription Sunday,4.0,4,8,2.0,4.0,0.0,1.0
8350721,FY23,Fixed Established Subscription 6 Concert,6.0,5,10,2.0,6.0,1.0,0.8333333333333334
8350721,FY24,Fixed Established Subscription 6 Concert,6.0,5,10,2.0,6.0,1.0,0.8333333333333334
8351381,FY23,Fixed Established Subscription 6 Concert,6.0,6,12,2.0,6.0,0.0,1.0
8351381,FY24,Fixed Established Subscription 6 Concert,6.0,6,12,2.0,6.0,0.0,1.0
8353077,FY23,Fixed Established Subscription 6 Concert,6.0,6,12,2.0,6.0,0.0,1.0
8353077,FY24,Fixed Established Subscription 6 Concert,6.0,6,12,2.0,6.0,0.0,1.0
8353113,FY23,Fixed Upgrade Subscription 12 Concert,12.0,10,13,1.0,12.0,2.0,0.8333333333333334
8353113,FY24,Fixed Established Subscription 12 Concert,12.0,1,1,1.0,12.0,11.0,0.08333333333333333
8353113,FY24,Fixed Established Subscription 6 Concert,6.0,13,23,1.6428571428571428,6.0,-7.0,2.1666666666666665
8353979,FY23,Fixed Established Subscription 6 Concert,6.0,6,12,2.0,6.0,0.0,1.0
8354212,FY23,Fixed Established Subscription 6 Concert,6.0,6,12,2.0,6.0,0.0,1.0
8354212,FY24,Fixed Established Subscription 6 Concert,6.0,6,12,2.0,6.0,0.0,1.0
8355366,FY23,Fixed Established Subscription 6 Concert,6.0,4,4,1.0,6.0,2.0,0.6666666666666666
8355366,FY24,Fixed Established Subscription 6 Concert,6.0,4,4,1.0,6.0,2.0,0.6666666666666666
8356375,FY23,Fixed Freshman Subscription 6 Concert,6.0,1,2,2.0,6.0,5.0,0.16666666666666666
8356453,FY23,Fixed Established Subscription 6 Concert,6.0,6,12,2.0,6.0,0.0,1.0
8358649,FY23,Fixed Established Subscription Sunday,4.0,4,8,2.0,4.0,0.0,1.0
8359511,FY23,Fixed Established Subscription 6 Concert,6.0,7,18,2.5714285714285716,6.0,-1.0,1.1666666666666667
8360095,FY23,Fixed Freshman Subscription 6 Concert,6.0,6,12,2.0,6.0,0.0,1.0
8360241,FY23,Fixed Established Subscription 6 Concert,6.0,6,12,1.7142857142857142,6.0,0.0,1.0
8360241,FY24,Fixed Established Subscription 6 Concert,6.0,6,12,2.0,6.0,0.0,1.0
8361366,FY23,Fixed Upgrade Subscription Sunday,4.0,4,4,1.0,4.0,0.0,1.0
8361592,FY23,Fixed Sophomore Subscription 6 Concert,6.0,6,12,2.0,6.0,0.0,1.0
8362443,FY23,Fixed Established Subscription Sunday,4.0,4,8,2.0,4.0,0.0,1.0
8364546,FY23,Fixed Established Subscription 6 Concert,6.0,6,12,2.0,6.0,0.0,1.0
8366407,FY23,Fixed Sophomore Subscription 6 Concert,6.0,6,12,2.0,6.0,0.0,1.0
8366407,FY24,Fixed Sophomore Subscription 6 Concert,6.0,6,13,1.8571428571428572,6.0,0.0,1.0
8366491,FY23,Fixed Sophomore Subscription 6 Concert,6.0,6,13,1.8571428571428572,6.0,0.0,1.0
8366491,FY24,Fixed Established Subscription 6 Concert,6.0,5,12,2.0,6.0,1.0,0.8333333333333334
8366637,FY23,Fixed Sophomore  Subscription Sunday,4.0,4,8,2.0,4.0,0.0,1.0
8366637,FY24,Fixed Established Subscription Sunday,4.0,4,8,2.0,4.0,0.0,1.0
8367246,FY23,Fixed Upgrade Subscription 6 Concert,6.0,6,12,2.0,6.0,0.0,1.0
8367246,FY24,Fixed Established Subscription 6 Concert,6.0,6,12,2.0,6.0,0.0,1.0
8368093,FY23,Fixed Established Subscription 6 Concert,6.0,6,6,1.0,6.0,0.0,1.0
8377838,FY23,Fixed Established Subscription 6 Concert,6.0,6,6,1.0,6.0,0.0,1.0
8377838,FY24,Fixed Established Subscription 6 Concert,6.0,6,6,1.0,6.0,0.0,1.0
8382252,FY23,Fixed Sophomore Subscription 6 Concert,6.0,7,12,1.5,6.0,-1.0,1.1666666666666667
8382252,FY24,Fixed Established Subscription Sunday,4.0,4,8,2.0,4.0,0.0,1.0
8383515,FY24,Fixed Established Subscription 6 Concert,6.0,6,18,1.5,6.0,0.0,1.0
8383998,FY24,Fixed Freshman Subscription Sunday,4.0,4,8,2.0,4.0,0.0,1.0
8384495,FY23,Fixed Established Subscription 6 Concert,6.0,6,12,2.0,6.0,0.0,1.0
8384495,FY24,Fixed Established Subscription 6 Concert,6.0,6,12,2.0,6.0,0.0,1.0
8384678,FY23,Fixed Sophomore Subscription 6 Concert,6.0,6,12,2.0,6.0,0.0,1.0
8384678,FY24,Fixed Established Subscription 6 Concert,6.0,6,12,2.0,6.0,0.0,1.0
8384880,FY23,Fixed Sophomore Subscription 6 Concert,6.0,6,12,2.0,6.0,0.0,1.0
8385148,FY23,Fixed Established Subscription 6 Concert,6.0,6,12,2.0,6.0,0.0,1.0
8385148,FY24,Fixed Established Subscription 6 Concert,6.0,6,12,2.0,6.0,0.0,1.0
8386782,FY23,Fixed Established Subscription 6 Concert,6.0,6,12,2.0,6.0,0.0,1.0
8386782,FY24,Fixed Established Subscription 6 Concert,6.0,6,12,2.0,6.0,0.0,1.0
8388736,FY24,Fixed Sophomore Subscription 6 Concert,6.0,6,12,2.0,6.0,0.0,1.0
8389623,FY23,Fixed Established Subscription 6 Concert,6.0,7,12,1.7142857142857142,6.0,-1.0,1.1666666666666667
8389623,FY24,Fixed Established Subscription 6 Concert,6.0,6,12,2.0,6.0,0.0,1.0
8398793,FY23,Fixed Freshman Subscription 6 Concert,6.0,14,48,1.4545454545454546,6.0,-8.0,2.3333333333333335
8398793,FY24,Fixed Established Subscription 6 Concert,6.0,8,18,1.0588235294117647,6.0,-2.0,1.3333333333333333
8399162,FY23,Fixed Established Subscription 6 Concert,6.0,6,12,2.0,6.0,0.0,1.0
8399162,FY24,Fixed Established Subscription 6 Concert,6.0,6,12,2.0,6.0,0.0,1.0
8399925,FY23,Fixed Established Subscription 12 Concert,12.0,10,20,2.0,12.0,2.0,0.8333333333333334
8401479,FY23,Fixed Sophomore Subscription 12 Concert,12.0,12,24,2.0,12.0,0.0,1.0
8401479,FY24,Fixed Established Subscription 12 Concert,12.0,12,24,2.0,12.0,0.0,1.0
8401505,FY23,Fixed Established Subscription 6 Concert,6.0,6,12,2.0,6.0,0.0,1.0
8401505,FY24,Fixed Established Subscription 6 Concert,6.0,5,10,2.0,6.0,1.0,0.8333333333333334
8402006,FY24,Fixed Sophomore Subscription 18 Concert,18.0,12,18,1.0,18.0,6.0,0.6666666666666666
8402006,FY24,Fixed Upgrade Subscription 6 Concert,6.0,5,6,1.0,6.0,1.0,0.8333333333333334
8402765,FY23,Fixed Established Subscription 6 Concert,6.0,6,30,2.142857142857143,6.0,0.0,1.0
8402765,FY24,Fixed Established Subscription 6 Concert,6.0,6,24,1.263157894736842,6.0,0.0,1.0
8402853,FY24,Fixed Freshman Subscription 12 Concert,12.0,12,24,2.0,12.0,0.0,1.0
8405421,FY24,Fixed Upgrade Subscription 6 Concert,6.0,6,12,2.0,6.0,0.0,1.0
8408693,FY23,Fixed Established Subscription 6 Concert,6.0,4,8,2.0,6.0,2.0,0.6666666666666666
8411529,FY23,Fixed Sophomore Subscription 6 Concert,6.0,6,12,2.0,6.0,0.0,1.0
8412601,FY23,Fixed Sophomore Subscription 6 Concert,6.0,6,12,2.0,6.0,0.0,1.0
8413362,FY23,Fixed Established Subscription Sunday,4.0,3,6,2.0,4.0,1.0,0.75
8413362,FY24,Fixed Established Subscription Sunday,4.0,4,8,1.6,4.0,0.0,1.0
8413784,FY23,Fixed Established Subscription 6 Concert,6.0,6,12,2.0,6.0,0.0,1.0
8413784,FY24,Fixed Established Subscription 6 Concert,6.0,6,12,1.7142857142857142,6.0,0.0,1.0
8418935,FY23,Fixed Established Subscription 12 Concert,12.0,6,6,1.0,12.0,6.0,0.5
8418935,FY24,Fixed Established Subscription 6 Concert,6.0,12,12,1.0,6.0,-6.0,2.0
8419036,FY23,Fixed Established Subscription 6 Concert,6.0,6,12,2.0,6.0,0.0,1.0
8419036,FY24,Fixed Established Subscription 6 Concert,6.0,6,12,2.0,6.0,0.0,1.0
8420155,FY23,Fixed Established Subscription 6 Concert,6.0,6,6,1.0,6.0,0.0,1.0
8421218,FY24,Fixed Freshman Subscription 6 Concert,6.0,6,12,2.0,6.0,0.0,1.0
8447075,FY23,Fixed Established Subscription 6 Concert,6.0,6,12,2.0,6.0,0.0,1.0
8447075,FY24,Fixed Established Subscription 6 Concert,6.0,13,24,1.8461538461538463,6.0,-7.0,2.1666666666666665
8447648,FY23,Fixed Established Subscription Sunday,4.0,4,16,4.0,4.0,0.0,1.0
8448039,FY23,Fixed Established Subscription 12 Concert,12.0,6,12,2.0,12.0,6.0,0.5
8448039,FY24,Fixed Established Subscription 6 Concert,6.0,6,12,2.0,6.0,0.0,1.0
8449640,FY23,Fixed Chorus Subscription 12 Concert,12.0,1,3,3.0,12.0,11.0,0.08333333333333333
8449640,FY23,Fixed Sophomore Subscription 6 Concert,6.0,4,8,2.0,6.0,2.0,0.6666666666666666
8450331,FY23,Fixed Sophomore Subscription 24 Concert,24.0,23,23,1.0,24.0,1.0,0.9583333333333334
8457917,FY24,Fixed Freshman Subscription Sunday,4.0,4,8,2.0,4.0,0.0,1.0
8458821,FY23,Fixed Established Subscription 6 Concert,6.0,6,6,1.0,6.0,0.0,1.0
8458821,FY24,Fixed Established Subscription 6 Concert,6.0,6,6,1.0,6.0,0.0,1.0
8459378,FY23,Fixed Established Subscription 6 Concert,6.0,12,12,1.0,6.0,-6.0,2.0
8459378,FY24,Fixed Established Subscription 6 Concert,6.0,7,12,1.0,6.0,-1.0,1.1666666666666667
8459494,FY23,Fixed Sophomore Subscription 6 Concert,6.0,12,12,1.0,6.0,-6.0,2.0
8459494,FY24,Fixed Chorus Subscription 6 Concert,6.0,6,7,1.1666666666666667,6.0,0.0,1.0
8460626,FY23,Fixed Established Subscription 6 Concert,6.0,6,6,1.0,6.0,0.0,1.0
8460968,FY23,Fixed Established Subscription 6 Concert,6.0,6,12,2.0,6.0,0.0,1.0
8460968,FY24,Fixed Established Subscription 6 Concert,6.0,6,12,2.0,6.0,0.0,1.0
8461217,FY23,Fixed Sophomore Subscription 6 Concert,6.0,1,2,2.0,6.0,5.0,0.16666666666666666
8462262,FY24,Fixed Established Subscription 6 Concert,6.0,6,12,2.0,6.0,0.0,1.0
8465468,FY24,Fixed Upgrade Subscription 6 Concert,6.0,6,12,2.0,6.0,0.0,1.0
8465981,FY23,Fixed Established Subscription 6 Concert,6.0,6,24,4.0,6.0,0.0,1.0
8465981,FY24,Fixed Established Subscription 6 Concert,6.0,6,24,4.0,6.0,0.0,1.0
8469182,FY23,Fixed Upgrade Subscription 6 Concert,6.0,6,6,1.0,6.0,0.0,1.0
8469182,FY24,Fixed Established Subscription 6 Concert,6.0,6,6,1.0,6.0,0.0,1.0
8470099,FY24,Fixed Freshman Subscription 6 Concert,6.0,6,6,1.0,6.0,0.0,1.0
8470831,FY23,Fixed Established Subscription 6 Concert,6.0,6,12,1.2,6.0,0.0,1.0
8470831,FY24,Fixed Established Subscription 6 Concert,6.0,7,12,1.7142857142857142,6.0,-1.0,1.1666666666666667
8471290,FY23,Fixed Established Subscription 6 Concert,6.0,6,12,2.0,6.0,0.0,1.0
8471290,FY24,Fixed Established Subscription 6 Concert,6.0,6,12,2.0,6.0,0.0,1.0
8471513,FY23,Fixed Established Subscription 6 Concert,6.0,6,12,2.0,6.0,0.0,1.0
8471552,FY24,Fixed Freshman Subscription 6 Concert,6.0,6,18,3.0,6.0,0.0,1.0
8471633,FY23,Fixed Freshman Subscription 6 Concert,6.0,6,12,1.7142857142857142,6.0,0.0,1.0
8471633,FY24,Fixed Sophomore Subscription 6 Concert,6.0,6,12,1.7142857142857142,6.0,0.0,1.0
8471763,FY23,Fixed Freshman Subscription 6 Concert,6.0,6,12,2.0,6.0,0.0,1.0
8471763,FY24,Fixed Sophomore Subscription 6 Concert,6.0,6,12,2.0,6.0,0.0,1.0
8473134,FY24,Fixed Freshman Subscription 6 Concert,6.0,6,12,2.0,6.0,0.0,1.0
8473213,FY23,Fixed Freshman Subscription 6 Concert,6.0,6,12,2.0,6.0,0.0,1.0
8473213,FY24,Fixed Established Subscription 6 Concert,6.0,6,12,2.0,6.0,0.0,1.0
8473452,FY23,Fixed Freshman Subscription 6 Concert,6.0,6,12,2.0,6.0,0.0,1.0
8473452,FY24,Fixed Sophomore Subscription 6 Concert,6.0,6,12,2.0,6.0,0.0,1.0
8476960,FY23,Fixed Chorus Subscription 12 Concert,12.0,3,3,1.0,12.0,9.0,0.25
8476960,FY24,Fixed Chorus Subscription 12 Concert,12.0,1,1,1.0,12.0,11.0,0.08333333333333333
8479209,FY23,Fixed Sophomore Subscription 6 Concert,6.0,7,12,1.0909090909090908,6.0,-1.0,1.1666666666666667
8479379,FY23,Fixed Established Subscription 6 Concert,6.0,6,18,3.0,6.0,0.0,1.0
8480255,FY24,Fixed Established Subscription 6 Concert,6.0,7,12,1.7142857142857142,6.0,-1.0,1.1666666666666667
8481515,FY23,Fixed Sophomore Subscription 6 Concert,6.0,6,6,1.0,6.0,0.0,1.0
8481515,FY24,Fixed Established Subscription 6 Concert,6.0,6,6,1.0,6.0,0.0,1.0
8485400,FY23,Fixed Established Subscription 6 Concert,6.0,6,18,3.0,6.0,0.0,1.0
8487617,FY23,Fixed Established Subscription 6 Concert,6.0,6,12,2.0,6.0,0.0,1.0
8487617,FY24,Fixed Established Subscription 6 Concert,6.0,6,12,2.0,6.0,0.0,1.0
8488119,FY24,Fixed Freshman Subscription Sunday,4.0,4,8,2.0,4.0,0.0,1.0
8498293,FY23,Fixed Freshman Subscription 6 Concert,6.0,12,12,1.0,6.0,-6.0,2.0
8498293,FY24,Fixed Established Subscription 6 Concert,6.0,6,6,1.0,6.0,0.0,1.0
8508619,FY24,Fixed Freshman Subscription Sunday,4.0,4,12,3.0,4.0,0.0,1.0
8512958,FY23,Fixed Freshman Subscription 6 Concert,6.0,3,6,1.0,6.0,3.0,0.5
8512958,FY24,Fixed Sophomore Subscription 6 Concert,6.0,4,6,1.0,6.0,2.0,0.6666666666666666
8515952,FY23,Fixed Established Subscription 6 Concert,6.0,5,10,2.0,6.0,1.0,0.8333333333333334
8515952,FY24,Fixed Established Subscription 6 Concert,6.0,6,12,2.0,6.0,0.0,1.0
8516134,FY24,Fixed Freshman Subscription 6 Concert,6.0,6,6,1.0,6.0,0.0,1.0
8520225,FY23,Fixed Freshman Subscription 6 Concert,6.0,7,13,1.4444444444444444,6.0,-1.0,1.1666666666666667
8520225,FY24,Fixed Established Subscription 6 Concert,6.0,6,12,1.0909090909090908,6.0,0.0,1.0
8523942,FY24,Fixed Chorus Subscription 12 Concert,12.0,1,1,1.0,12.0,11.0,0.08333333333333333
8524938,FY24,Fixed Upgrade Subscription 6 Concert,6.0,1,2,2.0,6.0,5.0,0.16666666666666666
8528877,FY23,Fixed Established Subscription 6 Concert,6.0,6,12,2.0,6.0,0.0,1.0
8529119,FY23,Fixed Lapsed Subscription Sunday,4.0,4,8,1.0,4.0,0.0,1.0
8530022,FY23,Fixed Established Subscription 6 Concert,6.0,6,24,1.8461538461538463,6.0,0.0,1.0
8531144,FY23,Fixed Established Subscription 6 Concert,6.0,6,18,1.5,6.0,0.0,1.0
8533134,FY24,Fixed Freshman Subscription 6 Concert,6.0,6,12,1.7142857142857142,6.0,0.0,1.0
8534159,FY24,Fixed Freshman Subscription 6 Concert,6.0,6,6,1.0,6.0,0.0,1.0
8535205,FY23,Fixed Freshman Subscription 6 Concert,6.0,6,12,2.0,6.0,0.0,1.0
8535205,FY24,Fixed Sophomore Subscription 6 Concert,6.0,6,12,2.0,6.0,0.0,1.0
8536243,FY23,Fixed Freshman Subscription Sunday,4.0,4,8,2.0,4.0,0.0,1.0
8536243,FY24,Fixed Sophomore  Subscription Sunday,4.0,4,8,2.0,4.0,0.0,1.0
8551649,FY24,Fixed Freshman Subscription 6 Concert,6.0,6,12,2.0,6.0,0.0,1.0
8554844,FY23,Fixed Freshman Subscription 6 Concert,6.0,6,12,2.0,6.0,0.0,1.0
8557407,FY23,Fixed Freshman Subscription Sunday,4.0,4,16,4.0,4.0,0.0,1.0
8557407,FY24,Fixed Sophomore  Subscription Sunday,4.0,4,16,4.0,4.0,0.0,1.0
8557480,FY24,Fixed Freshman Subscription 6 Concert,6.0,4,12,2.0,6.0,2.0,0.6666666666666666
8572950,FY23,Fixed Established Subscription 6 Concert,6.0,6,12,2.0,6.0,0.0,1.0
8572950,FY24,Fixed Established Subscription 6 Concert,6.0,6,12,2.0,6.0,0.0,1.0
8586929,FY24,Fixed Established Subscription 6 Concert,6.0,6,12,2.0,6.0,0.0,1.0
8589702,FY24,Fixed Sophomore Subscription 24 Concert,24.0,6,12,2.0,24.0,18.0,0.25
8589776,FY23,Fixed Established Subscription Sunday,4.0,4,8,2.0,4.0,0.0,1.0
8591822,FY24,Fixed Established Subscription 6 Concert,6.0,24,24,1.0,6.0,-18.0,4.0
8594415,FY23,Fixed Established Subscription Sunday,4.0,4,8,2.0,4.0,0.0,1.0
8594587,FY24,Fixed Chorus Subscription 12 Concert,12.0,1,1,1.0,12.0,11.0,0.08333333333333333
8595775,FY23,Fixed Freshman Subscription 6 Concert,6.0,6,12,2.0,6.0,0.0,1.0
8595775,FY24,Fixed Sophomore Subscription 6 Concert,6.0,6,12,2.0,6.0,0.0,1.0
8596567,FY24,Fixed Freshman Subscription 6 Concert,6.0,6,12,2.0,6.0,0.0,1.0
8598478,FY24,Fixed Established Subscription 6 Concert,6.0,4,4,1.0,6.0,2.0,0.6666666666666666
8603571,FY23,Fixed Established Subscription 6 Concert,6.0,6,12,2.0,6.0,0.0,1.0
8603571,FY24,Fixed Established Subscription 6 Concert,6.0,7,12,1.7142857142857142,6.0,-1.0,1.1666666666666667
8604013,FY24,Fixed Freshman Subscription 6 Concert,6.0,6,12,2.0,6.0,0.0,1.0
8604335,FY24,Fixed Freshman Subscription 6 Concert,6.0,6,12,2.0,6.0,0.0,1.0
8605782,FY23,Fixed Established Subscription 6 Concert,6.0,6,12,2.0,6.0,0.0,1.0
8606869,FY23,Fixed Freshman Subscription 6 Concert,6.0,6,12,2.0,6.0,0.0,1.0
8625079,FY24,Fixed Freshman Subscription 6 Concert,6.0,6,12,2.0,6.0,0.0,1.0
8627358,FY24,Fixed Freshman Subscription 6 Concert,6.0,6,12,2.0,6.0,0.0,1.0
8628691,FY23,Fixed Freshman Subscription 24 Concert,24.0,6,12,2.0,24.0,18.0,0.25
8628691,FY24,Fixed Sophomore Subscription 24 Concert,24.0,6,12,2.0,24.0,18.0,0.25
8629309,FY24,Fixed Freshman Subscription 6 Concert,6.0,6,12,2.0,6.0,0.0,1.0
8637593,FY23,Fixed Freshman Subscription 6 Concert,6.0,6,6,1.0,6.0,0.0,1.0
8637593,FY23,Fixed Freshman Subscription Sunday,4.0,4,4,1.0,4.0,0.0,1.0
8640687,FY24,Fixed Freshman Subscription 6 Concert,6.0,6,12,2.0,6.0,0.0,1.0
8642446,FY24,Fixed Freshman Subscription 6 Concert,6.0,6,18,3.0,6.0,0.0,1.0
8647942,FY24,Fixed Freshman Subscription 6 Concert,6.0,6,12,1.7142857142857142,6.0,0.0,1.0
8648861,FY24,Fixed Established Subscription 6 Concert,6.0,6,12,2.0,6.0,0.0,1.0
8648910,FY23,Fixed Established Subscription 6 Concert,6.0,6,6,1.0,6.0,0.0,1.0
8649451,FY23,Fixed Established Subscription 6 Concert,6.0,6,6,1.0,6.0,0.0,1.0
8649451,FY24,Fixed Established Subscription 6 Concert,6.0,6,6,1.0,6.0,0.0,1.0
8655986,FY24,Fixed Freshman Subscription 6 Concert,6.0,6,12,2.0,6.0,0.0,1.0
8659114,FY23,Fixed Established Subscription 6 Concert,6.0,6,6,1.0,6.0,0.0,1.0
8662775,FY24,Fixed Freshman Subscription 6 Concert,6.0,5,6,1.0,6.0,1.0,0.8333333333333334
8662830,FY23,Fixed Freshman Subscription 6 Concert,6.0,6,12,2.0,6.0,0.0,1.0
8666573,FY24,Fixed Established Subscription 24 Concert,24.0,1,1,1.0,24.0,23.0,0.041666666666666664
8671222,FY24,Fixed Freshman Subscription 6 Concert,6.0,4,8,2.0,6.0,2.0,0.6666666666666666
8671461,FY24,Fixed Established Subscription 6 Concert,6.0,6,12,2.0,6.0,0.0,1.0
8680660,FY24,Fixed Freshman Subscription 6 Concert,6.0,6,12,2.0,6.0,0.0,1.0
8681279,FY23,Fixed Established Subscription 6 Concert,6.0,6,12,2.0,6.0,0.0,1.0
8681279,FY24,Fixed Established Subscription 6 Concert,6.0,6,12,2.0,6.0,0.0,1.0
8681295,FY23,Fixed Freshman Subscription 6 Concert,6.0,6,6,1.0,6.0,0.0,1.0
8688885,FY23,Fixed Established Subscription Sunday,4.0,1,3,3.0,4.0,3.0,0.25
8702122,FY23,Fixed Freshman Subscription 6 Concert,6.0,6,6,1.0,6.0,0.0,1.0
8710717,FY24,Fixed Established Subscription 6 Concert,6.0,12,24,2.0,6.0,-6.0,2.0
8712843,FY23,Fixed Established Subscription 6 Concert,6.0,6,12,2.0,6.0,0.0,1.0
8712963,FY23,Fixed Musician Subscription 12 Concert,12.0,1,2,2.0,12.0,11.0,0.08333333333333333
8714213,FY24,Fixed Freshman Subscription 6 Concert,6.0,6,12,2.0,6.0,0.0,1.0
8714358,FY24,Fixed Freshman Subscription Sunday,4.0,4,8,2.0,4.0,0.0,1.0
8715125,FY24,Fixed Freshman Subscription 6 Concert,6.0,5,5,1.0,6.0,1.0,0.8333333333333334
8716986,FY24,Fixed Established Subscription 6 Concert,6.0,6,12,2.0,6.0,0.0,1.0
8718948,FY24,Fixed Established Subscription 6 Concert,6.0,11,24,1.8461538461538463,6.0,-5.0,1.8333333333333333
8718948,FY24,Fixed Upgrade Subscription 18 Concert,18.0,6,12,1.7142857142857142,18.0,12.0,0.3333333333333333
8718948,FY24,Fixed Upgrade Subscription 24 Concert,24.0,6,12,1.7142857142857142,24.0,18.0,0.25
8718973,FY24,Fixed Freshman Subscription 6 Concert,6.0,6,12,2.0,6.0,0.0,1.0
8719318,FY23,Fixed Freshman Subscription 24 Concert,24.0,22,24,1.0,24.0,2.0,0.9166666666666666
8720383,FY24,Fixed Freshman Subscription Sunday,4.0,4,12,3.0,4.0,0.0,1.0
8721738,FY23,Fixed Freshman Subscription 6 Concert,6.0,6,12,2.0,6.0,0.0,1.0
8721738,FY24,Fixed Sophomore Subscription 6 Concert,6.0,6,12,2.0,6.0,0.0,1.0
8722055,FY23,Fixed Freshman Subscription 24 Concert,24.0,10,10,1.0,24.0,14.0,0.4166666666666667
8723718,FY24,Fixed Freshman Subscription 6 Concert,6.0,6,12,2.0,6.0,0.0,1.0
8724641,FY23,Fixed Freshman Subscription 24 Concert,24.0,24,48,2.0,24.0,0.0,1.0
8724641,FY24,Fixed Sophomore Subscription 24 Concert,24.0,24,49,1.8846153846153846,24.0,0.0,1.0
8725896,FY23,Fixed Established Subscription 6 Concert,6.0,24,48,2.0,6.0,-18.0,4.0
8725896,FY23,Fixed Established Subscription Sunday,4.0,4,8,2.0,4.0,0.0,1.0
8725965,FY24,Fixed Freshman Subscription 6 Concert,6.0,6,12,2.0,6.0,0.0,1.0
8727639,FY24,Fixed Freshman Subscription 6 Concert,6.0,6,6,1.0,6.0,0.0,1.0
8727931,FY23,Fixed Freshman Subscription 6 Concert,6.0,6,12,2.0,6.0,0.0,1.0
8727986,FY24,Fixed Freshman Subscription Sunday,4.0,4,4,1.0,4.0,0.0,1.0
8728015,FY24,Fixed Freshman Subscription 6 Concert,6.0,6,12,2.0,6.0,0.0,1.0
8729990,FY23,Fixed Freshman Subscription 6 Concert,6.0,6,12,2.0,6.0,0.0,1.0
8729990,FY24,Fixed Sophomore Subscription 6 Concert,6.0,6,12,2.0,6.0,0.0,1.0
8733879,FY23,Fixed Freshman Subscription 6 Concert,6.0,6,18,1.3846153846153846,6.0,0.0,1.0
8734797,FY23,Fixed Lapsed Subscription 6 Concert,6.0,6,12,2.0,6.0,0.0,1.0
8744893,FY23,Fixed Established Subscription Sunday,4.0,4,8,2.0,4.0,0.0,1.0
8744930,FY23,Fixed Established Subscription Sunday,4.0,4,8,2.0,4.0,0.0,1.0
8745142,FY23,Fixed Established Subscription 6 Concert,6.0,6,12,1.0,6.0,0.0,1.0
8745142,FY24,Fixed Established Subscription 6 Concert,6.0,6,12,1.0,6.0,0.0,1.0
8747589,FY24,Fixed Freshman Subscription 6 Concert,6.0,6,6,1.0,6.0,0.0,1.0
8748670,FY23,Fixed Chorus Subscription 12 Concert,12.0,1,1,1.0,12.0,11.0,0.08333333333333333
8749593,FY23,Fixed Freshman Subscription 6 Concert,6.0,5,10,2.0,6.0,1.0,0.8333333333333334
8751355,FY24,Fixed Established Subscription 6 Concert,6.0,12,24,2.0,6.0,-6.0,2.0
8752919,FY23,Fixed Established Subscription Sunday,4.0,4,8,2.0,4.0,0.0,1.0
8752919,FY24,Fixed Established Subscription Sunday,4.0,4,8,2.0,4.0,0.0,1.0
8754150,FY23,Fixed Freshman Subscription Sunday,4.0,4,8,2.0,4.0,0.0,1.0
8754710,FY23,Fixed Freshman Subscription Sunday,4.0,4,4,1.0,4.0,0.0,1.0
8756046,FY23,Fixed Sophomore  Subscription Sunday,4.0,4,8,2.0,4.0,0.0,1.0
8756046,FY24,Fixed Established Subscription Sunday,4.0,4,8,2.0,4.0,0.0,1.0
8756365,FY23,Fixed Established Subscription 6 Concert,6.0,6,6,1.0,6.0,0.0,1.0
8756693,FY24,Fixed Freshman Subscription Sunday,4.0,4,12,3.0,4.0,0.0,1.0
8757401,FY23,Fixed Freshman Subscription Sunday,4.0,4,4,1.0,4.0,0.0,1.0
8757401,FY24,Fixed Established Subscription Sunday,4.0,1,1,1.0,4.0,3.0,0.25
8757401,FY24,Fixed Sophomore  Subscription Sunday,4.0,4,4,1.0,4.0,0.0,1.0
8757427,FY23,Fixed Freshman Subscription Sunday,4.0,4,4,1.0,4.0,0.0,1.0
8759210,FY23,Fixed Freshman Subscription Sunday,4.0,4,8,2.0,4.0,0.0,1.0
8760452,FY23,Fixed Freshman Subscription 6 Concert,6.0,6,12,2.0,6.0,0.0,1.0
8760859,FY23,Fixed Established Subscription 6 Concert,6.0,6,12,2.0,6.0,0.0,1.0
8760859,FY24,Fixed Established Subscription 24 Concert,24.0,6,12,2.0,24.0,18.0,0.25
8760980,FY23,Fixed Established Subscription 6 Concert,6.0,6,12,2.0,6.0,0.0,1.0
8761106,FY23,Fixed Established Subscription Sunday,4.0,4,8,2.0,4.0,0.0,1.0
8761284,FY23,Fixed Established Subscription Sunday,4.0,4,8,2.0,4.0,0.0,1.0
8761284,FY24,Fixed Established Subscription Sunday,4.0,4,8,2.0,4.0,0.0,1.0
8763477,FY23,Fixed Freshman Subscription 6 Concert,6.0,6,12,2.0,6.0,0.0,1.0
8763540,FY24,Fixed Freshman Subscription 6 Concert,6.0,6,12,2.0,6.0,0.0,1.0
8764282,FY23,Fixed Freshman Subscription Sunday,4.0,4,8,2.0,4.0,0.0,1.0
8765493,FY23,Fixed Freshman Subscription Sunday,4.0,4,8,2.0,4.0,0.0,1.0
8766556,FY23,Fixed Freshman Subscription 6 Concert,6.0,6,12,2.0,6.0,0.0,1.0
8766556,FY24,Fixed Sophomore Subscription 6 Concert,6.0,5,12,1.7142857142857142,6.0,1.0,0.8333333333333334
8766769,FY23,Fixed Established Subscription Sunday,4.0,4,4,1.0,4.0,0.0,1.0
8766769,FY24,Fixed Established Subscription Sunday,4.0,4,4,1.0,4.0,0.0,1.0
8766969,FY23,Fixed Freshman Subscription Sunday,4.0,4,8,2.0,4.0,0.0,1.0
8767644,FY23,Fixed Freshman Subscription Sunday,4.0,4,12,3.0,4.0,0.0,1.0
8767644,FY24,Fixed Established Subscription Sunday,4.0,4,16,2.0,4.0,0.0,1.0
8770140,FY24,Fixed Freshman Subscription 6 Concert,6.0,6,12,2.0,6.0,0.0,1.0
8770339,FY23,Fixed Freshman Subscription 6 Concert,6.0,6,18,3.0,6.0,0.0,1.0
8770339,FY24,Fixed Sophomore  Subscription Sunday,4.0,4,8,2.0,4.0,0.0,1.0
8770877,FY23,Fixed Established Subscription 6 Concert,6.0,6,12,2.0,6.0,0.0,1.0
8771054,FY23,Fixed Established Subscription 6 Concert,6.0,6,18,3.0,6.0,0.0,1.0
8771054,FY24,Fixed Established Subscription 6 Concert,6.0,6,18,3.0,6.0,0.0,1.0
8771232,FY23,Fixed Freshman Subscription 6 Concert,6.0,6,12,2.0,6.0,0.0,1.0
8771855,FY24,Fixed Freshman Subscription 6 Concert,6.0,6,12,2.0,6.0,0.0,1.0
8772550,FY23,Fixed Freshman Subscription Sunday,4.0,4,8,1.0,4.0,0.0,1.0
8772550,FY24,Fixed Sophomore  Subscription Sunday,4.0,4,8,2.0,4.0,0.0,1.0
8772812,FY24,Fixed Freshman Subscription Sunday,4.0,3,12,3.0,4.0,1.0,0.75
8772988,FY23,Fixed Freshman Subscription 6 Concert,6.0,6,12,2.0,6.0,0.0,1.0
8772988,FY24,Fixed Sophomore Subscription 6 Concert,6.0,6,12,2.0,6.0,0.0,1.0
8773587,FY23,Fixed Freshman Subscription 6 Concert,6.0,6,12,2.0,6.0,0.0,1.0
8773587,FY24,Fixed Established Subscription 6 Concert,6.0,6,12,2.0,6.0,0.0,1.0
8777460,FY23,Fixed Freshman Subscription Sunday,4.0,4,8,2.0,4.0,0.0,1.0
8777460,FY24,Fixed Sophomore Subscription 6 Concert,6.0,6,12,2.0,6.0,0.0,1.0
8778031,FY23,Fixed Freshman Subscription Sunday,4.0,4,8,2.0,4.0,0.0,1.0
8778031,FY24,Fixed Sophomore Subscription 6 Concert,6.0,6,12,2.0,6.0,0.0,1.0
8778972,FY24,Fixed Freshman Subscription Sunday,4.0,4,8,1.3333333333333333,4.0,0.0,1.0
8785323,FY23,Fixed Freshman Subscription 6 Concert,6.0,6,12,2.0,6.0,0.0,1.0
8786800,FY24,Fixed Upgrade Subscription 6 Concert,6.0,6,7,1.1666666666666667,6.0,0.0,1.0
8786872,FY23,Fixed Freshman Subscription 6 Concert,6.0,6,12,2.0,6.0,0.0,1.0
8786872,FY24,Fixed Established Subscription 6 Concert,6.0,12,24,2.0,6.0,-6.0,2.0
8791166,FY23,Fixed Freshman Subscription 6 Concert,6.0,11,24,2.0,6.0,-5.0,1.8333333333333333
8791657,FY23,Fixed Freshman Subscription 12 Concert,12.0,1,1,1.0,12.0,11.0,0.08333333333333333
8791889,FY23,Fixed Freshman Subscription 6 Concert,6.0,6,12,2.0,6.0,0.0,1.0
8792357,FY23,Fixed Freshman Subscription 6 Concert,6.0,6,6,1.0,6.0,0.0,1.0
8792357,FY24,Fixed Sophomore Subscription 6 Concert,6.0,6,6,1.0,6.0,0.0,1.0
8793135,FY23,Fixed Established Subscription 6 Concert,6.0,6,6,1.0,6.0,0.0,1.0
8794448,FY23,Fixed Established Subscription 6 Concert,6.0,6,12,2.0,6.0,0.0,1.0
8795690,FY24,Fixed Freshman Subscription 6 Concert,6.0,4,12,2.0,6.0,2.0,0.6666666666666666
8796054,FY23,Fixed Established Subscription 6 Concert,6.0,5,5,1.0,6.0,1.0,0.8333333333333334
8796220,FY23,Fixed Established Subscription 6 Concert,6.0,6,6,1.0,6.0,0.0,1.0
8799390,FY24,Fixed Established Subscription 6 Concert,6.0,6,12,2.0,6.0,0.0,1.0
8799994,FY23,Fixed Freshman Subscription Sunday,4.0,4,8,2.0,4.0,0.0,1.0
8819620,FY23,Fixed Established Subscription 6 Concert,6.0,6,12,2.0,6.0,0.0,1.0
8819645,FY23,Fixed Freshman Subscription 6 Concert,6.0,6,12,2.0,6.0,0.0,1.0
8822813,FY23,Fixed Freshman Subscription Sunday,4.0,4,8,2.0,4.0,0.0,1.0
8822824,FY24,Fixed Freshman Subscription 18 Concert,18.0,18,18,1.0,18.0,0.0,1.0
8823813,FY23,Fixed Freshman Subscription 18 Concert,18.0,6,6,1.0,18.0,12.0,0.3333333333333333
8823813,FY24,Fixed Established Subscription 6 Concert,6.0,6,6,1.0,6.0,0.0,1.0
8824519,FY24,Fixed Freshman Subscription 6 Concert,6.0,6,12,2.0,6.0,0.0,1.0
8824669,FY23,Fixed Established Subscription 6 Concert,6.0,6,12,2.0,6.0,0.0,1.0
8824669,FY24,Fixed Established Subscription 6 Concert,6.0,13,24,1.8461538461538463,6.0,-7.0,2.1666666666666665
8824925,FY23,Fixed Established Subscription 6 Concert,6.0,5,12,1.7142857142857142,6.0,1.0,0.8333333333333334
8824925,FY24,Fixed Established Subscription 6 Concert,6.0,3,6,1.0,6.0,3.0,0.5
8827599,FY23,Fixed Established Subscription 6 Concert,6.0,6,12,2.0,6.0,0.0,1.0
8827599,FY24,Fixed Established Subscription 6 Concert,6.0,6,12,2.0,6.0,0.0,1.0
8827620,FY23,Fixed Freshman Subscription 6 Concert,6.0,6,12,2.0,6.0,0.0,1.0
8828732,FY23,Fixed Established Subscription 6 Concert,6.0,6,6,1.0,6.0,0.0,1.0
8829616,FY23,Fixed Freshman Subscription 6 Concert,6.0,6,12,2.0,6.0,0.0,1.0
8830483,FY23,Fixed Freshman Subscription 6 Concert,6.0,6,14,2.0,6.0,0.0,1.0
8830483,FY24,Fixed Sophomore Subscription 12 Concert,12.0,10,20,2.0,12.0,2.0,0.8333333333333334
8830568,FY24,Fixed Freshman Subscription 6 Concert,6.0,7,24,3.4285714285714284,6.0,-1.0,1.1666666666666667
8833229,FY23,Fixed Freshman Subscription 24 Concert,24.0,24,48,1.92,24.0,0.0,1.0
8833229,FY24,Fixed Sophomore Subscription 6 Concert,6.0,6,6,1.0,6.0,0.0,1.0
8833636,FY23,Fixed Established Subscription 6 Concert,6.0,1,2,2.0,6.0,5.0,0.16666666666666666
8833636,FY24,Fixed Freshman Subscription Sunday,4.0,4,8,2.0,4.0,0.0,1.0
8833724,FY24,Fixed Established Subscription 6 Concert,6.0,6,6,1.0,6.0,0.0,1.0
8835261,FY24,Fixed Established Subscription 6 Concert,6.0,6,12,2.0,6.0,0.0,1.0
8835279,FY23,Fixed Established Subscription 6 Concert,6.0,2,2,1.0,6.0,4.0,0.3333333333333333
8835785,FY23,Fixed Established Subscription Sunday,4.0,4,8,2.0,4.0,0.0,1.0
8836327,FY23,Fixed Freshman Subscription 6 Concert,6.0,5,15,3.0,6.0,1.0,0.8333333333333334
8837168,FY23,Fixed Established Subscription 6 Concert,6.0,6,18,1.5,6.0,0.0,1.0
8837569,FY23,Fixed Freshman Subscription 6 Concert,6.0,6,18,3.0,6.0,0.0,1.0
8838193,FY23,Fixed Freshman Subscription 6 Concert,6.0,6,12,2.0,6.0,0.0,1.0
8838672,FY23,Fixed Freshman Subscription 6 Concert,6.0,6,12,2.0,6.0,0.0,1.0
8839370,FY23,Fixed Freshman Subscription 6 Concert,6.0,5,10,2.0,6.0,1.0,0.8333333333333334
8839370,FY24,Fixed Sophomore Subscription 6 Concert,6.0,6,12,2.0,6.0,0.0,1.0
8840677,FY23,Fixed Freshman Subscription Sunday,4.0,4,8,2.0,4.0,0.0,1.0
8840677,FY24,Fixed Upgrade Subscription Sunday,4.0,4,8,2.0,4.0,0.0,1.0
8840919,FY23,Fixed Established Subscription 6 Concert,6.0,6,6,1.0,6.0,0.0,1.0
8841577,FY23,Fixed Freshman Subscription 6 Concert,6.0,6,12,2.0,6.0,0.0,1.0
8841577,FY24,Fixed Sophomore Subscription 6 Concert,6.0,6,12,2.0,6.0,0.0,1.0
8842171,FY23,Fixed Established Subscription 6 Concert,6.0,6,12,2.0,6.0,0.0,1.0
8842171,FY24,Fixed Established Subscription 6 Concert,6.0,6,12,2.0,6.0,0.0,1.0
8842208,FY23,Fixed Established Subscription 6 Concert,6.0,6,6,1.0,6.0,0.0,1.0
8842208,FY24,Fixed Established Subscription 6 Concert,6.0,6,6,1.0,6.0,0.0,1.0
8843315,FY23,Fixed Freshman Subscription 6 Concert,6.0,5,10,2.0,6.0,1.0,0.8333333333333334
8843441,FY23,Fixed Freshman Subscription 6 Concert,6.0,6,24,2.0,6.0,0.0,1.0
8844265,FY23,Fixed Established Subscription 6 Concert,6.0,6,12,2.0,6.0,0.0,1.0
8844316,FY23,Fixed Freshman Subscription Sunday,4.0,4,4,1.0,4.0,0.0,1.0
8846992,FY23,Fixed Freshman Subscription Sunday,4.0,4,12,2.4,4.0,0.0,1.0
8846992,FY24,Fixed Sophomore  Subscription Sunday,4.0,4,12,3.0,4.0,0.0,1.0
8847419,FY23,Fixed Freshman Subscription 6 Concert,6.0,6,12,2.0,6.0,0.0,1.0
8847732,FY23,Fixed Freshman Subscription 24 Concert,24.0,23,24,1.0,24.0,1.0,0.9583333333333334
8847732,FY23,Fixed Freshman Subscription 6 Concert,6.0,1,1,1.0,6.0,5.0,0.16666666666666666
8847732,FY24,Fixed Sophomore Subscription 24 Concert,24.0,21,25,1.0416666666666667,24.0,3.0,0.875
8848358,FY23,Fixed Freshman Subscription 6 Concert,6.0,4,6,1.0,6.0,2.0,0.6666666666666666
8848358,FY24,Fixed Sophomore Subscription 6 Concert,6.0,3,6,1.0,6.0,3.0,0.5
8850461,FY23,Fixed Freshman Subscription 6 Concert,6.0,6,12,2.0,6.0,0.0,1.0
8851796,FY23,Fixed Freshman Subscription Sunday,4.0,3,3,1.0,4.0,1.0,0.75
8851796,FY23,Fixed Sophomore Subscription 6 Concert,6.0,1,1,1.0,6.0,5.0,0.16666666666666666
8851840,FY23,Fixed Freshman Subscription Sunday,4.0,2,6,2.0,4.0,2.0,0.5
8851965,FY23,Fixed Established Subscription 6 Concert,6.0,6,12,2.0,6.0,0.0,1.0
8853218,FY23,Fixed Freshman Subscription 6 Concert,6.0,6,6,1.0,6.0,0.0,1.0
8854905,FY23,Fixed Established Subscription Sunday,4.0,1,3,3.0,4.0,3.0,0.25
8854905,FY23,Fixed Freshman Subscription Sunday,4.0,3,6,2.0,4.0,1.0,0.75
8855372,FY24,Fixed Established Subscription Sunday,4.0,4,8,2.0,4.0,0.0,1.0
8855778,FY23,Fixed Established Subscription Sunday,4.0,4,8,2.0,4.0,0.0,1.0
8857043,FY23,Fixed Freshman Subscription 6 Concert,6.0,6,12,2.0,6.0,0.0,1.0
8860618,FY23,Fixed Established Subscription 6 Concert,6.0,6,12,2.0,6.0,0.0,1.0
8860826,FY23,Fixed Established Subscription 6 Concert,6.0,6,6,1.0,6.0,0.0,1.0
8861674,FY23,Fixed Established Subscription Sunday,4.0,4,12,3.0,4.0,0.0,1.0
8861878,FY23,Fixed Freshman Subscription Sunday,4.0,4,16,4.0,4.0,0.0,1.0
8861878,FY24,Fixed Lapsed Subscription Sunday,4.0,4,16,4.0,4.0,0.0,1.0
8862658,FY23,Fixed Established Subscription Sunday,4.0,4,8,2.0,4.0,0.0,1.0
8862658,FY24,Fixed Established Subscription 6 Concert,6.0,6,12,2.0,6.0,0.0,1.0
8863126,FY23,Fixed Freshman Subscription 6 Concert,6.0,6,12,2.0,6.0,0.0,1.0
8863126,FY24,Fixed Lapsed Subscription 6 Concert,6.0,6,12,2.0,6.0,0.0,1.0
8863172,FY24,Fixed Freshman Subscription 6 Concert,6.0,6,6,1.0,6.0,0.0,1.0
8863188,FY23,Fixed Freshman Subscription 6 Concert,6.0,6,12,2.0,6.0,0.0,1.0
8863188,FY24,Fixed Sophomore Subscription 6 Concert,6.0,6,12,2.0,6.0,0.0,1.0
8863722,FY24,Fixed Established Subscription 6 Concert,6.0,6,12,2.0,6.0,0.0,1.0
8864269,FY24,Fixed Freshman Subscription Sunday,4.0,4,8,2.0,4.0,0.0,1.0
8864454,FY23,Fixed Freshman Subscription 6 Concert,6.0,2,2,1.0,6.0,4.0,0.3333333333333333
8864679,FY24,Fixed Sophomore Subscription 24 Concert,24.0,22,46,2.0,24.0,2.0,0.9166666666666666
8865156,FY23,Fixed Freshman Subscription Sunday,4.0,4,8,2.0,4.0,0.0,1.0
8865577,FY24,Fixed Established Subscription 6 Concert,6.0,6,12,2.0,6.0,0.0,1.0
8867457,FY23,Fixed Freshman Subscription Sunday,4.0,4,8,2.0,4.0,0.0,1.0
8868194,FY23,Fixed Freshman Subscription 6 Concert,6.0,6,12,2.0,6.0,0.0,1.0
8868194,FY24,Fixed Established Subscription 6 Concert,6.0,6,12,2.0,6.0,0.0,1.0
8870039,FY23,Fixed Established Subscription 6 Concert,6.0,6,10,1.6666666666666667,6.0,0.0,1.0
8870039,FY24,Fixed Established Subscription 6 Concert,6.0,6,12,2.0,6.0,0.0,1.0
8871406,FY24,Fixed Upgrade Subscription 12 Concert,12.0,12,24,1.0,12.0,0.0,1.0
8873079,FY23,Fixed Established Subscription 6 Concert,6.0,6,12,2.0,6.0,0.0,1.0
8873079,FY24,Fixed Established Subscription 6 Concert,6.0,6,12,2.0,6.0,0.0,1.0
8873346,FY23,Fixed Freshman Subscription 6 Concert,6.0,6,12,2.0,6.0,0.0,1.0
8874128,FY23,Fixed Established Subscription 6 Concert,6.0,12,24,2.0,6.0,-6.0,2.0
8874128,FY24,Fixed Established Subscription 6 Concert,6.0,5,12,2.0,6.0,1.0,0.8333333333333334
8877988,FY24,Fixed Established Subscription 6 Concert,6.0,6,12,1.7142857142857142,6.0,0.0,1.0
8878075,FY24,Fixed Sophomore  Subscription Sunday,4.0,3,3,1.0,4.0,1.0,0.75
8878075,FY24,Fixed Upgrade Subscription Sunday,4.0,1,1,1.0,4.0,3.0,0.25
8878208,FY23,Fixed Freshman Subscription Sunday,4.0,4,8,2.0,4.0,0.0,1.0
8878208,FY24,Fixed Sophomore  Subscription Sunday,4.0,4,8,2.0,4.0,0.0,1.0
8879199,FY23,Fixed Freshman Subscription 6 Concert,6.0,6,12,2.0,6.0,0.0,1.0
8879199,FY24,Fixed Sophomore Subscription 6 Concert,6.0,6,12,2.0,6.0,0.0,1.0
8879256,FY23,Fixed Freshman Subscription 6 Concert,6.0,6,12,1.7142857142857142,6.0,0.0,1.0
8879256,FY24,Fixed Sophomore Subscription 6 Concert,6.0,6,12,2.0,6.0,0.0,1.0
8882682,FY24,Fixed Freshman Subscription Sunday,4.0,4,14,3.5,4.0,0.0,1.0
8882695,FY23,Fixed Freshman Subscription 6 Concert,6.0,12,24,2.0,6.0,-6.0,2.0
8882695,FY24,Fixed Sophomore Subscription 6 Concert,6.0,6,12,2.0,6.0,0.0,1.0
8884516,FY23,Fixed Established Subscription 6 Concert,6.0,6,18,3.0,6.0,0.0,1.0
8886583,FY24,Fixed Chorus Subscription 12 Concert,12.0,4,8,2.0,12.0,8.0,0.3333333333333333
8887927,FY23,Fixed Freshman Subscription Sunday,4.0,4,8,2.0,4.0,0.0,1.0
8887927,FY24,Fixed Established Subscription Sunday,4.0,4,8,2.0,4.0,0.0,1.0
8888006,FY23,Fixed Freshman Subscription 6 Concert,6.0,1,1,1.0,6.0,5.0,0.16666666666666666
8889997,FY23,Fixed Sophomore  Subscription Sunday,4.0,4,4,1.0,4.0,0.0,1.0
8889997,FY24,Fixed Established Subscription Sunday,4.0,4,4,1.0,4.0,0.0,1.0
8890368,FY23,Fixed Freshman Subscription 6 Concert,6.0,6,12,2.0,6.0,0.0,1.0
8891231,FY23,Fixed Chorus Subscription 12 Concert,12.0,1,2,2.0,12.0,11.0,0.08333333333333333
8901063,FY23,Fixed Freshman Subscription 6 Concert,6.0,4,6,1.0,6.0,2.0,0.6666666666666666
8901063,FY24,Fixed Sophomore Subscription 6 Concert,6.0,3,7,2.3333333333333335,6.0,3.0,0.5
8901288,FY24,Fixed Freshman Subscription 6 Concert,6.0,5,11,1.8333333333333333,6.0,1.0,0.8333333333333334
8901288,FY24,Fixed Musician Subscription 6 Concert,6.0,1,1,1.0,6.0,5.0,0.16666666666666666
8901974,FY23,Fixed Established Subscription 6 Concert,6.0,6,12,2.0,6.0,0.0,1.0
8901974,FY24,Fixed Established Subscription 6 Concert,6.0,6,12,2.0,6.0,0.0,1.0
8902864,FY23,Fixed Freshman Subscription 6 Concert,6.0,6,6,1.0,6.0,0.0,1.0
8905001,FY23,Fixed Freshman Subscription 24 Concert,24.0,21,23,1.0454545454545454,24.0,3.0,0.875
8908535,FY23,Fixed Freshman Subscription Sunday,4.0,4,8,2.0,4.0,0.0,1.0
8910244,FY24,Fixed Established Subscription 6 Concert,6.0,6,12,2.0,6.0,0.0,1.0
8910269,FY23,Fixed Freshman Subscription 6 Concert,6.0,6,12,2.0,6.0,0.0,1.0
8910269,FY24,Fixed Lapsed Subscription 6 Concert,6.0,5,12,2.0,6.0,1.0,0.8333333333333334
8910873,FY24,Fixed Freshman Subscription 6 Concert,6.0,6,12,2.0,6.0,0.0,1.0
8911499,FY24,Fixed Freshman Subscription 6 Concert,6.0,6,24,2.0,6.0,0.0,1.0
8911520,FY24,Fixed Freshman Subscription 6 Concert,6.0,6,12,2.0,6.0,0.0,1.0
8911709,FY23,Fixed Established Subscription 6 Concert,6.0,6,12,2.0,6.0,0.0,1.0
8911709,FY24,Fixed Sophomore  Subscription Sunday,4.0,4,8,2.0,4.0,0.0,1.0
8913491,FY23,Fixed Established Subscription Sunday,4.0,4,12,3.0,4.0,0.0,1.0
8921347,FY24,Fixed Freshman Subscription 6 Concert,6.0,6,12,1.7142857142857142,6.0,0.0,1.0
8921590,FY24,Fixed Freshman Subscription Sunday,4.0,4,8,2.0,4.0,0.0,1.0
8921816,FY24,Fixed Freshman Subscription 6 Concert,6.0,6,12,1.2,6.0,0.0,1.0
8925996,FY23,Fixed Established Subscription Sunday,4.0,4,8,2.0,4.0,0.0,1.0
8926204,FY24,Fixed Established Subscription 6 Concert,6.0,6,24,2.0,6.0,0.0,1.0
8927854,FY23,Fixed Established Subscription 6 Concert,6.0,6,12,2.0,6.0,0.0,1.0
8931779,FY23,Fixed Freshman Subscription 6 Concert,6.0,5,12,1.7142857142857142,6.0,1.0,0.8333333333333334
8933433,FY23,Fixed Established Subscription 12 Concert,12.0,2,4,2.0,12.0,10.0,0.16666666666666666
8933538,FY24,Fixed Sophomore Subscription 6 Concert,6.0,5,12,2.0,6.0,1.0,0.8333333333333334
8936576,FY23,Fixed Established Subscription 6 Concert,6.0,6,12,2.0,6.0,0.0,1.0
8939320,FY23,Fixed Freshman Subscription 6 Concert,6.0,5,10,2.0,6.0,1.0,0.8333333333333334
8945983,FY23,Fixed Established Subscription 6 Concert,6.0,6,12,2.0,6.0,0.0,1.0
8947037,FY23,Fixed Freshman Subscription 6 Concert,6.0,6,12,2.0,6.0,0.0,1.0
8949039,FY24,Fixed Freshman Subscription Sunday,4.0,4,8,2.0,4.0,0.0,1.0
8955583,FY24,Fixed Established Subscription 6 Concert,6.0,6,12,2.0,6.0,0.0,1.0
8956607,FY24,Fixed Established Subscription 6 Concert,6.0,6,30,5.0,6.0,0.0,1.0
8963304,FY24,Fixed Freshman Subscription 12 Concert,12.0,12,24,2.0,12.0,0.0,1.0
8968711,FY24,Fixed Freshman Subscription 6 Concert,6.0,6,12,2.0,6.0,0.0,1.0
8972552,FY24,Fixed Established Subscription 6 Concert,6.0,6,12,2.0,6.0,0.0,1.0
8972952,FY24,Fixed Freshman Subscription 6 Concert,6.0,6,6,1.0,6.0,0.0,1.0
8979336,FY23,Fixed Freshman Subscription 6 Concert,6.0,6,12,2.0,6.0,0.0,1.0
8980804,FY24,Fixed Chorus Subscription 6 Concert,6.0,1,2,2.0,6.0,5.0,0.16666666666666666
8980804,FY24,Fixed Freshman Subscription 24 Concert,24.0,23,46,2.0,24.0,1.0,0.9583333333333334
8982463,FY24,Fixed Freshman Subscription 6 Concert,6.0,6,12,2.0,6.0,0.0,1.0
8986953,FY23,Fixed Chorus Subscription 12 Concert,12.0,1,2,2.0,12.0,11.0,0.08333333333333333
8987752,FY24,Fixed Freshman Subscription 6 Concert,6.0,5,6,1.0,6.0,1.0,0.8333333333333334
8988983,FY24,Fixed Freshman Subscription 6 Concert,6.0,6,12,2.0,6.0,0.0,1.0
8993082,FY24,Fixed Freshman Subscription Sunday,4.0,4,4,1.0,4.0,0.0,1.0
8994528,FY24,Fixed Freshman Subscription 6 Concert,6.0,6,12,2.0,6.0,0.0,1.0
9003193,FY24,Fixed Freshman Subscription 6 Concert,6.0,6,12,2.0,6.0,0.0,1.0
9005524,FY24,Fixed Freshman Subscription 6 Concert,6.0,6,6,1.0,6.0,0.0,1.0
9015062,FY24,Fixed Established Subscription 6 Concert,6.0,6,12,2.0,6.0,0.0,1.0
9018125,FY24,Fixed Established Subscription 6 Concert,6.0,6,12,2.0,6.0,0.0,1.0
9019414,FY24,Fixed Freshman Subscription 6 Concert,6.0,6,6,1.0,6.0,0.0,1.0
9019568,FY24,Fixed Freshman Subscription Sunday,4.0,4,8,2.0,4.0,0.0,1.0
9023044,FY24,Fixed Freshman Subscription Sunday,4.0,4,8,2.0,4.0,0.0,1.0
9023705,FY24,Fixed Established Subscription 6 Concert,6.0,24,48,2.0,6.0,-18.0,4.0
9028580,FY24,Fixed Established Subscription 6 Concert,6.0,6,12,2.0,6.0,0.0,1.0
9043539,FY24,Fixed Freshman Subscription Sunday,4.0,4,16,2.0,4.0,0.0,1.0
9043580,FY24,Fixed Freshman Subscription 6 Concert,6.0,6,6,1.0,6.0,0.0,1.0
9043707,FY24,Fixed Freshman Subscription 6 Concert,6.0,6,12,1.0,6.0,0.0,1.0
9047563,FY24,Fixed Established Subscription 6 Concert,6.0,6,6,1.0,6.0,0.0,1.0
9059101,FY24,Fixed Freshman Subscription 6 Concert,6.0,5,12,2.0,6.0,1.0,0.8333333333333334
9078956,FY24,Fixed Established Subscription 6 Concert,6.0,6,12,2.0,6.0,0.0,1.0
9085106,FY23,Fixed Established Subscription 6 Concert,6.0,1,2,2.0,6.0,5.0,0.16666666666666666
9093273,FY24,Fixed Established Subscription 6 Concert,6.0,6,6,1.0,6.0,0.0,1.0
9094247,FY24,Fixed Chorus Subscription 12 Concert,12.0,1,3,3.0,12.0,11.0,0.08333333333333333
9100018,FY24,Fixed Freshman Subscription Sunday,4.0,4,4,1.0,4.0,0.0,1.0
9108299,FY24,Fixed Freshman Subscription 6 Concert,6.0,6,12,2.0,6.0,0.0,1.0
9120980,FY23,Fixed Chorus Subscription 12 Concert,12.0,1,2,2.0,12.0,11.0,0.08333333333333333
9131375,FY24,Fixed Freshman Subscription 6 Concert,6.0,6,12,2.0,6.0,0.0,1.0
9139306,FY24,Fixed Established Subscription Sunday,4.0,4,4,1.0,4.0,0.0,1.0
9157431,FY23,Fixed Musician Subscription 6 Concert,6.0,1,4,4.0,6.0,5.0,0.16666666666666666
9157431,FY24,Fixed Musician Subscription 6 Concert,6.0,1,4,4.0,6.0,5.0,0.16666666666666666
9158705,FY24,Fixed Freshman Subscription 12 Concert,12.0,11,12,1.0,12.0,1.0,0.9166666666666666
9158705,FY24,Fixed Freshman Subscription 18 Concert,18.0,6,6,1.0,18.0,12.0,0.3333333333333333
9158705,FY24,Fixed Freshman Subscription 24 Concert,24.0,6,6,1.0,24.0,18.0,0.25
9160705,FY23,Fixed Established Subscription 6 Concert,6.0,4,8,2.0,6.0,2.0,0.6666666666666666
9168620,FY24,Fixed Freshman Subscription 6 Concert,6.0,3,6,2.0,6.0,3.0,0.5
9169278,FY24,Fixed Freshman Subscription Sunday,4.0,4,8,2.0,4.0,0.0,1.0
9171891,FY23,Fixed Established Subscription 6 Concert,6.0,1,2,2.0,6.0,5.0,0.16666666666666666
9173096,FY24,Fixed Sophomore  Subscription Sunday,4.0,4,8,2.0,4.0,0.0,1.0
9176878,FY24,Fixed Chorus Subscription 12 Concert,12.0,3,3,1.0,12.0,9.0,0.25
9183535,FY24,Fixed Freshman Subscription 6 Concert,6.0,6,12,2.0,6.0,0.0,1.0
9194084,FY23,Fixed Established Subscription 24 Concert,24.0,1,2,2.0,24.0,23.0,0.041666666666666664
9201219,FY24,Fixed Established Subscription 6 Concert,6.0,6,12,2.0,6.0,0.0,1.0
9217642,FY23,Fixed Freshman Subscription 6 Concert,6.0,1,2,2.0,6.0,5.0,0.16666666666666666
9219418,FY23,Fixed Freshman Subscription 6 Concert,6.0,1,2,2.0,6.0,5.0,0.16666666666666666
9219485,FY23,Fixed Freshman Subscription 6 Concert,6.0,1,2,2.0,6.0,5.0,0.16666666666666666
9221796,FY23,Fixed Established Subscription 6 Concert,6.0,1,2,2.0,6.0,5.0,0.16666666666666666
9221796,FY24,Fixed Established Subscription 6 Concert,6.0,1,2,2.0,6.0,5.0,0.16666666666666666
9238050,FY24,Fixed Freshman Subscription 6 Concert,6.0,6,12,2.0,6.0,0.0,1.0
9241218,FY24,Fixed Established Subscription 6 Concert,6.0,6,12,2.0,6.0,0.0,1.0
9242897,FY24,Fixed Freshman Subscription Sunday,4.0,4,12,3.0,4.0,0.0,1.0
9242961,FY24,Fixed Upgrade Subscription 6 Concert,6.0,6,12,2.0,6.0,0.0,1.0
9248351,FY24,Fixed Freshman Subscription 24 Concert,24.0,24,24,1.0,24.0,0.0,1.0
9259104,FY24,Fixed Established Subscription 6 Concert,6.0,6,12,2.0,6.0,0.0,1.0
9259382,FY24,Fixed Freshman Subscription 12 Concert,12.0,11,24,1.8461538461538463,12.0,1.0,0.9166666666666666
9261227,FY24,Fixed Freshman Subscription 6 Concert,6.0,7,24,3.0,6.0,-1.0,1.1666666666666667
9262560,FY24,Fixed Established Subscription 6 Concert,6.0,6,12,2.0,6.0,0.0,1.0
9266901,FY24,Fixed Freshman Subscription 6 Concert,6.0,6,12,2.0,6.0,0.0,1.0
9269399,FY24,Fixed Freshman Subscription 6 Concert,6.0,6,6,1.0,6.0,0.0,1.0
9269643,FY24,Fixed Freshman Subscription 6 Concert,6.0,6,6,1.0,6.0,0.0,1.0
9273692,FY24,Fixed Freshman Subscription 6 Concert,6.0,6,24,4.0,6.0,0.0,1.0
9274700,FY24,Fixed Established Subscription 6 Concert,6.0,6,6,1.0,6.0,0.0,1.0
9288756,FY24,Fixed Established Subscription 6 Concert,6.0,6,12,2.0,6.0,0.0,1.0
9289397,FY24,Fixed Freshman Subscription Sunday,4.0,4,8,2.0,4.0,0.0,1.0
9289551,FY24,Fixed Established Subscription 6 Concert,6.0,6,12,2.0,6.0,0.0,1.0
9290628,FY24,Fixed Established Subscription 6 Concert,6.0,6,18,1.5,6.0,0.0,1.0
9291402,FY24,Fixed Freshman Subscription 6 Concert,6.0,6,12,2.0,6.0,0.0,1.0
9291873,FY24,Fixed Established Subscription 6 Concert,6.0,6,12,2.0,6.0,0.0,1.0
9292944,FY24,Fixed Established Subscription 6 Concert,6.0,6,12,2.0,6.0,0.0,1.0
9308130,FY24,Fixed Freshman Subscription Sunday,4.0,4,8,2.0,4.0,0.0,1.0
9309187,FY24,Fixed Freshman Subscription 12 Concert,12.0,12,24,1.8461538461538463,12.0,0.0,1.0
9309691,FY24,Fixed Established Subscription 6 Concert,6.0,6,6,1.0,6.0,0.0,1.0
9310516,FY24,Fixed Established Subscription 6 Concert,6.0,6,12,2.0,6.0,0.0,1.0
9311583,FY24,Fixed Established Subscription 6 Concert,6.0,6,6,1.0,6.0,0.0,1.0
9311765,FY24,Fixed Sophomore Subscription 6 Concert,6.0,6,12,2.0,6.0,0.0,1.0
9315346,FY24,Fixed Sophomore  Subscription Sunday,4.0,3,8,2.0,4.0,1.0,0.75
9315398,FY24,Fixed Freshman Subscription Sunday,4.0,4,8,2.0,4.0,0.0,1.0
9319894,FY24,Fixed Freshman Subscription 6 Concert,6.0,6,12,2.0,6.0,0.0,1.0
9320040,FY24,Fixed Sophomore  Subscription Sunday,4.0,4,4,1.0,4.0,0.0,1.0
9321538,FY24,Fixed Established Subscription 6 Concert,6.0,6,12,2.0,6.0,0.0,1.0
9321960,FY24,Fixed Freshman Subscription 18 Concert,18.0,18,36,2.0,18.0,0.0,1.0
9322112,FY24,Fixed Established Subscription 6 Concert,6.0,6,6,1.0,6.0,0.0,1.0
9323005,FY24,Fixed Freshman Subscription 12 Concert,12.0,6,12,2.0,12.0,6.0,0.5
9323005,FY24,Fixed Freshman Subscription 6 Concert,6.0,5,10,2.0,6.0,1.0,0.8333333333333334
9323428,FY24,Fixed Freshman Subscription 6 Concert,6.0,6,12,2.0,6.0,0.0,1.0
9327405,FY24,Fixed Established Subscription 6 Concert,6.0,6,12,2.0,6.0,0.0,1.0
9328344,FY23,Fixed Chorus Subscription 12 Concert,12.0,1,1,1.0,12.0,11.0,0.08333333333333333
9328806,FY24,Fixed Freshman Subscription 6 Concert,6.0,6,6,1.0,6.0,0.0,1.0
9331727,FY24,Fixed Freshman Subscription 12 Concert,12.0,18,36,2.0,12.0,-6.0,1.5
9331921,FY24,Fixed Established Subscription 6 Concert,6.0,6,12,2.0,6.0,0.0,1.0
9336118,FY24,Fixed Freshman Subscription 6 Concert,6.0,6,12,2.0,6.0,0.0,1.0
9336310,FY24,Fixed Freshman Subscription 6 Concert,6.0,6,24,4.0,6.0,0.0,1.0
9336513,FY24,Fixed Established Subscription 6 Concert,6.0,6,12,2.0,6.0,0.0,1.0
9336683,FY24,Fixed Freshman Subscription 6 Concert,6.0,6,12,2.0,6.0,0.0,1.0
9344773,FY24,Fixed Established Subscription 6 Concert,6.0,6,12,2.0,6.0,0.0,1.0
9346163,FY24,Fixed Established Subscription 6 Concert,6.0,6,12,2.0,6.0,0.0,1.0
9348582,FY24,Fixed Established Subscription 6 Concert,6.0,6,6,1.0,6.0,0.0,1.0
9350772,FY24,Fixed Freshman Subscription 6 Concert,6.0,6,12,2.0,6.0,0.0,1.0
9351433,FY24,Fixed Freshman Subscription 24 Concert,24.0,6,12,2.0,24.0,18.0,0.25
9351556,FY24,Fixed Freshman Subscription Sunday,4.0,4,8,1.6,4.0,0.0,1.0
9353102,FY24,Fixed Freshman Subscription 6 Concert,6.0,6,12,2.0,6.0,0.0,1.0
9353321,FY24,Fixed Freshman Subscription 6 Concert,6.0,6,12,2.0,6.0,0.0,1.0
9354930,FY24,Fixed Freshman Subscription 6 Concert,6.0,6,12,2.0,6.0,0.0,1.0
9363705,FY23,Fixed Established Subscription 24 Concert,24.0,1,2,1.0,24.0,23.0,0.041666666666666664
9364797,FY24,Fixed Freshman Subscription 24 Concert,24.0,24,48,2.0,24.0,0.0,1.0
9364957,FY24,Fixed Freshman Subscription 6 Concert,6.0,6,12,2.0,6.0,0.0,1.0
9370725,FY24,Fixed Freshman Subscription 6 Concert,6.0,6,12,2.0,6.0,0.0,1.0
9370995,FY24,Fixed Established Subscription 6 Concert,6.0,6,12,2.0,6.0,0.0,1.0
9371008,FY24,Fixed Freshman Subscription 6 Concert,6.0,7,12,1.7142857142857142,6.0,-1.0,1.1666666666666667
9372951,FY24,Fixed Freshman Subscription 6 Concert,6.0,6,12,2.0,6.0,0.0,1.0
9373969,FY24,Fixed Freshman Subscription 6 Concert,6.0,6,6,1.0,6.0,0.0,1.0
9374017,FY24,Fixed Freshman Subscription 6 Concert,6.0,6,6,1.0,6.0,0.0,1.0
9374330,FY24,Fixed Freshman Subscription 6 Concert,6.0,6,6,1.0,6.0,0.0,1.0
9374512,FY24,Fixed Freshman Subscription 6 Concert,6.0,6,6,1.0,6.0,0.0,1.0
9376228,FY24,Fixed Freshman Subscription 6 Concert,6.0,6,6,1.0,6.0,0.0,1.0
9376550,FY24,Fixed Freshman Subscription 12 Concert,12.0,11,24,1.7142857142857142,12.0,1.0,0.9166666666666666
9378711,FY24,Fixed Freshman Subscription 6 Concert,6.0,6,6,1.0,6.0,0.0,1.0
9378944,FY24,Fixed Freshman Subscription 6 Concert,6.0,6,6,1.0,6.0,0.0,1.0
9379232,FY24,Fixed Established Subscription 6 Concert,6.0,6,12,2.0,6.0,0.0,1.0
9379495,FY24,Fixed Freshman Subscription Sunday,4.0,7,20,2.857142857142857,4.0,-3.0,1.75
9385171,FY24,Fixed Established Subscription 6 Concert,6.0,6,12,2.0,6.0,0.0,1.0
9385870,FY24,Fixed Established Subscription 6 Concert,6.0,13,24,1.8461538461538463,6.0,-7.0,2.1666666666666665
9386573,FY24,Fixed Established Subscription 6 Concert,6.0,6,12,2.0,6.0,0.0,1.0
9389335,FY24,Fixed Established Subscription 6 Concert,6.0,6,12,2.0,6.0,0.0,1.0
9391400,FY24,Fixed Established Subscription 6 Concert,6.0,6,12,2.0,6.0,0.0,1.0
9405355,FY24,Fixed Established Subscription 6 Concert,6.0,6,12,2.0,6.0,0.0,1.0
9410313,FY24,Fixed Established Subscription 6 Concert,6.0,1,2,2.0,6.0,5.0,0.16666666666666666
9411573,FY24,Fixed Freshman Subscription Sunday,4.0,4,8,2.0,4.0,0.0,1.0
9411732,FY24,Fixed Established Subscription 6 Concert,6.0,6,12,2.0,6.0,0.0,1.0
9420066,FY24,Fixed Freshman Subscription 6 Concert,6.0,6,6,1.0,6.0,0.0,1.0
9423972,FY24,Fixed Freshman Subscription 24 Concert,24.0,23,46,2.0,24.0,1.0,0.9583333333333334
9429445,FY24,Fixed Established Subscription 6 Concert,6.0,6,12,2.0,6.0,0.0,1.0
9430850,FY24,Fixed Freshman Subscription 6 Concert,6.0,6,12,2.0,6.0,0.0,1.0
9431303,FY24,Fixed Freshman Subscription 6 Concert,6.0,6,12,2.0,6.0,0.0,1.0
9436873,FY24,Fixed Chorus Subscription 12 Concert,12.0,1,1,1.0,12.0,11.0,0.08333333333333333
9437053,FY24,Fixed Freshman Subscription 6 Concert,6.0,6,18,3.0,6.0,0.0,1.0
9438069,FY24,Fixed Freshman Subscription Sunday,4.0,4,8,2.0,4.0,0.0,1.0
9445540,FY24,Fixed Established Subscription 6 Concert,6.0,6,12,2.0,6.0,0.0,1.0
9445676,FY24,Fixed Freshman Subscription 6 Concert,6.0,6,6,1.0,6.0,0.0,1.0
9447324,FY24,Fixed Freshman Subscription 12 Concert,12.0,12,24,2.0,12.0,0.0,1.0
9448629,FY24,Fixed Established Subscription 6 Concert,6.0,6,6,1.0,6.0,0.0,1.0
9450426,FY24,Fixed Established Subscription 6 Concert,6.0,6,6,1.0,6.0,0.0,1.0
9451367,FY24,Fixed Established Subscription Sunday,4.0,4,4,1.0,4.0,0.0,1.0
9452654,FY24,Fixed Established Subscription 6 Concert,6.0,6,12,2.0,6.0,0.0,1.0
9452979,FY24,Fixed Established Subscription 6 Concert,6.0,6,12,2.0,6.0,0.0,1.0
9453056,FY24,Fixed Freshman Subscription 12 Concert,12.0,11,24,2.0,12.0,1.0,0.9166666666666666
9458307,FY24,Fixed Freshman Subscription 6 Concert,6.0,6,6,1.0,6.0,0.0,1.0
9460559,FY24,Fixed Freshman Subscription 6 Concert,6.0,6,6,1.0,6.0,0.0,1.0
9461342,FY24,Fixed Established Subscription Sunday,4.0,4,8,2.0,4.0,0.0,1.0
9479529,FY24,Fixed Established Subscription 6 Concert,6.0,5,10,2.0,6.0,1.0,0.8333333333333334
9481613,FY24,Fixed Freshman Subscription 6 Concert,6.0,5,6,1.0,6.0,1.0,0.8333333333333334
9500409,FY24,Fixed Freshman Subscription Sunday,4.0,4,8,2.0,4.0,0.0,1.0
9500950,FY24,Fixed Freshman Subscription 6 Concert,6.0,6,12,2.0,6.0,0.0,1.0
9502094,FY24,Fixed Freshman Subscription 6 Concert,6.0,6,12,2.0,6.0,0.0,1.0
9508096,FY24,Fixed Established Subscription 6 Concert,6.0,6,6,1.0,6.0,0.0,1.0
9508734,FY24,Fixed Chorus Subscription 12 Concert,12.0,1,1,1.0,12.0,11.0,0.08333333333333333
9564059,FY24,Fixed Freshman Subscription 6 Concert,6.0,6,12,2.0,6.0,0.0,1.0
9613134,FY24,Fixed Established Subscription 6 Concert,6.0,1,2,2.0,6.0,5.0,0.16666666666666666
9614884,FY24,Fixed Freshman Subscription Sunday,4.0,4,8,2.0,4.0,0.0,1.0
9675330,FY24,Fixed Chorus Subscription 12 Concert,12.0,1,1,1.0,12.0,11.0,0.08333333333333333
9682228,FY24,Fixed Established Subscription 6 Concert,6.0,1,1,1.0,6.0,5.0,0.16666666666666666
9747444,FY24,Fixed Sophomore  Subscription Sunday,4.0,1,4,4.0,4.0,3.0,0.25
9905927,FY24,Fixed Sophomore Subscription 6 Concert,6.0,2,21,2.3333333333333335,6.0,4.0,0.3333333333333333
9944326,FY24,Fixed Established Subscription 6 Concert,6.0,12,24,2.0,6.0,-6.0,2.0
